CPU Reset (CPU 0)
EAX=00000000 EBX=00000000 ECX=00000000 EDX=00060fb1
ESI=00000000 EDI=00000000 EBP=00000000 ESP=00000000
EIP=0000fff0 EFL=00000002 [-------] CPL=0 II=0 A20=1 SMM=0 HLT=0
ES =0000 00000000 0000ffff 00009300
CS =f000 ffff0000 0000ffff 00009b00
SS =0000 00000000 0000ffff 00009300
DS =0000 00000000 0000ffff 00009300
FS =0000 00000000 0000ffff 00009300
GS =0000 00000000 0000ffff 00009300
LDT=0000 00000000 0000ffff 00008200
TR =0000 00000000 0000ffff 00008b00
GDT=     00000000 0000ffff
IDT=     00000000 0000ffff
CR0=60000010 CR2=00000000 CR3=00000000 CR4=00000000
DR0=0000000000000000 DR1=0000000000000000 DR2=0000000000000000 DR3=0000000000000000 
DR6=00000000ffff0ff0 DR7=0000000000000400
CCS=00000000 CCD=00000000 CCO=EFLAGS
EFER=0000000000000000
FCW=037f FSW=0000 [ST=0] FTW=00 MXCSR=00001f80
FPR0=0000000000000000 0000 FPR1=0000000000000000 0000
FPR2=0000000000000000 0000 FPR3=0000000000000000 0000
FPR4=0000000000000000 0000 FPR5=0000000000000000 0000
FPR6=0000000000000000 0000 FPR7=0000000000000000 0000
XMM00=0000000000000000 0000000000000000 XMM01=0000000000000000 0000000000000000
XMM02=0000000000000000 0000000000000000 XMM03=0000000000000000 0000000000000000
XMM04=0000000000000000 0000000000000000 XMM05=0000000000000000 0000000000000000
XMM06=0000000000000000 0000000000000000 XMM07=0000000000000000 0000000000000000
CPU Reset (CPU 0)
EAX=00000000 EBX=00000000 ECX=00000000 EDX=00060fb1
ESI=00000000 EDI=00000000 EBP=00000000 ESP=00000000
EIP=0000fff0 EFL=00000002 [-------] CPL=0 II=0 A20=1 SMM=0 HLT=0
ES =0000 00000000 0000ffff 00009300
CS =f000 ffff0000 0000ffff 00009b00
SS =0000 00000000 0000ffff 00009300
DS =0000 00000000 0000ffff 00009300
FS =0000 00000000 0000ffff 00009300
GS =0000 00000000 0000ffff 00009300
LDT=0000 00000000 0000ffff 00008200
TR =0000 00000000 0000ffff 00008b00
GDT=     00000000 0000ffff
IDT=     00000000 0000ffff
CR0=60000010 CR2=00000000 CR3=00000000 CR4=00000000
DR0=0000000000000000 DR1=0000000000000000 DR2=0000000000000000 DR3=0000000000000000 
DR6=00000000ffff0ff0 DR7=0000000000000400
CCS=00000000 CCD=00000000 CCO=EFLAGS
EFER=0000000000000000
FCW=037f FSW=0000 [ST=0] FTW=00 MXCSR=00001f80
FPR0=0000000000000000 0000 FPR1=0000000000000000 0000
FPR2=0000000000000000 0000 FPR3=0000000000000000 0000
FPR4=0000000000000000 0000 FPR5=0000000000000000 0000
FPR6=0000000000000000 0000 FPR7=0000000000000000 0000
XMM00=0000000000000000 0000000000000000 XMM01=0000000000000000 0000000000000000
XMM02=0000000000000000 0000000000000000 XMM03=0000000000000000 0000000000000000
XMM04=0000000000000000 0000000000000000 XMM05=0000000000000000 0000000000000000
XMM06=0000000000000000 0000000000000000 XMM07=0000000000000000 0000000000000000
Servicing hardware INT=0x20
     0: v=20 e=0000 i=0 cpl=0 IP=0038:000000007f14ad53 pc=000000007f14ad53 SP=0030:000000007fe96280 env->regs[R_EAX]=0000000000000010
RAX=0000000000000010 RBX=000000007fe963c4 RCX=0000000000000010 RDX=000000007fe963c4
RSI=0000000000000008 RDI=0000000000000005 RBP=000000007fe96300 RSP=000000007fe96280
R8 =000000000000001f R9 =000000007f4e7920 R10=000000007ed0dae4 R11=8000000000000009
R12=0000000000000005 R13=0000000000000101 R14=000000007fe963c8 R15=000fffffc0000000
RIP=000000007f14ad53 RFL=00000293 [--S-A-C] CPL=0 II=0 A20=1 SMM=0 HLT=0
ES =0030 0000000000000000 ffffffff 00cf9300 DPL=0 DS   [-WA]
CS =0038 0000000000000000 ffffffff 00af9a00 DPL=0 CS64 [-R-]
SS =0030 0000000000000000 ffffffff 00cf9300 DPL=0 DS   [-WA]
DS =0030 0000000000000000 ffffffff 00cf9300 DPL=0 DS   [-WA]
FS =0030 0000000000000000 ffffffff 00cf9300 DPL=0 DS   [-WA]
GS =0030 0000000000000000 ffffffff 00cf9300 DPL=0 DS   [-WA]
LDT=0000 0000000000000000 0000ffff 00008200 DPL=0 LDT
TR =0000 0000000000000000 0000ffff 00008b00 DPL=0 TSS64-busy
GDT=     000000007f5dc000 00000047
IDT=     000000007f138018 00000fff
CR0=80000033 CR2=0000000000000000 CR3=000000007f801000 CR4=00000660
DR0=0000000000000000 DR1=0000000000000000 DR2=0000000000000000 DR3=0000000000000000 
DR6=00000000ffff0ff0 DR7=0000000000000400
CCS=0000000000000091 CCD=fffffffffffffff2 CCO=EFLAGS
EFER=0000000000000d00
Servicing hardware INT=0x20
     1: v=20 e=0000 i=0 cpl=0 IP=0038:000000007f14ad53 pc=000000007f14ad53 SP=0030:000000007fe96280 env->regs[R_EAX]=0000000000000010
RAX=0000000000000010 RBX=000000007fe963c4 RCX=0000000000000010 RDX=0000000000000000
RSI=0000000000000008 RDI=0000000000000007 RBP=000000007fe96300 RSP=000000007fe96280
R8 =000000000000001f R9 =000000007f4e7920 R10=000000007ed0dae4 R11=8000000000000009
R12=0000000000000007 R13=0000000000000105 R14=000000007fe963c8 R15=000fffffc0000000
RIP=000000007f14ad53 RFL=00000293 [--S-A-C] CPL=0 II=0 A20=1 SMM=0 HLT=0
ES =0030 0000000000000000 ffffffff 00cf9300 DPL=0 DS   [-WA]
CS =0038 0000000000000000 ffffffff 00af9a00 DPL=0 CS64 [-R-]
SS =0030 0000000000000000 ffffffff 00cf9300 DPL=0 DS   [-WA]
DS =0030 0000000000000000 ffffffff 00cf9300 DPL=0 DS   [-WA]
FS =0030 0000000000000000 ffffffff 00cf9300 DPL=0 DS   [-WA]
GS =0030 0000000000000000 ffffffff 00cf9300 DPL=0 DS   [-WA]
LDT=0000 0000000000000000 0000ffff 00008200 DPL=0 LDT
TR =0000 0000000000000000 0000ffff 00008b00 DPL=0 TSS64-busy
GDT=     000000007f5dc000 00000047
IDT=     000000007f138018 00000fff
CR0=80000033 CR2=0000000000000000 CR3=000000007f801000 CR4=00000668
DR0=0000000000000000 DR1=0000000000000000 DR2=0000000000000000 DR3=0000000000000000 
DR6=00000000ffff0ff0 DR7=0000000000000400
CCS=0000000000000091 CCD=fffffffffffffff2 CCO=EFLAGS
EFER=0000000000000d00
Servicing hardware INT=0x20
     2: v=20 e=0000 i=0 cpl=0 IP=0038:000000007f14ad53 pc=000000007f14ad53 SP=0030:000000007fe96280 env->regs[R_EAX]=0000000000000010
RAX=0000000000000010 RBX=000000007fe963c4 RCX=0000000000000010 RDX=0000000000000000
RSI=0000000000000008 RDI=0000000000000007 RBP=000000007fe96300 RSP=000000007fe96280
R8 =000000000000001f R9 =000000007f4e7920 R10=000000007ed0dae4 R11=8000000000000009
R12=0000000000000007 R13=0000000000000109 R14=000000007fe963c8 R15=000fffffc0000000
RIP=000000007f14ad53 RFL=00000293 [--S-A-C] CPL=0 II=0 A20=1 SMM=0 HLT=0
ES =0030 0000000000000000 ffffffff 00cf9300 DPL=0 DS   [-WA]
CS =0038 0000000000000000 ffffffff 00af9a00 DPL=0 CS64 [-R-]
SS =0030 0000000000000000 ffffffff 00cf9300 DPL=0 DS   [-WA]
DS =0030 0000000000000000 ffffffff 00cf9300 DPL=0 DS   [-WA]
FS =0030 0000000000000000 ffffffff 00cf9300 DPL=0 DS   [-WA]
GS =0030 0000000000000000 ffffffff 00cf9300 DPL=0 DS   [-WA]
LDT=0000 0000000000000000 0000ffff 00008200 DPL=0 LDT
TR =0000 0000000000000000 0000ffff 00008b00 DPL=0 TSS64-busy
GDT=     000000007f5dc000 00000047
IDT=     000000007f138018 00000fff
CR0=80000033 CR2=0000000000000000 CR3=000000007f801000 CR4=00000668
DR0=0000000000000000 DR1=0000000000000000 DR2=0000000000000000 DR3=0000000000000000 
DR6=00000000ffff0ff0 DR7=0000000000000400
CCS=0000000000000091 CCD=fffffffffffffff2 CCO=EFLAGS
EFER=0000000000000d00
Servicing hardware INT=0x20
     3: v=20 e=0000 i=0 cpl=0 IP=0038:000000007f14ad53 pc=000000007f14ad53 SP=0030:000000007fe96280 env->regs[R_EAX]=0000000000000010
RAX=0000000000000010 RBX=000000007fe963c4 RCX=0000000000000010 RDX=000000007fe963c4
RSI=0000000000000008 RDI=0000000000000005 RBP=000000007fe96300 RSP=000000007fe96280
R8 =000000000000001f R9 =000000007f4e7920 R10=000000007ed0dae4 R11=8000000000000009
R12=0000000000000005 R13=000000000000010f R14=000000007fe963c8 R15=000fffffc0000000
RIP=000000007f14ad53 RFL=00000293 [--S-A-C] CPL=0 II=0 A20=1 SMM=0 HLT=0
ES =0030 0000000000000000 ffffffff 00cf9300 DPL=0 DS   [-WA]
CS =0038 0000000000000000 ffffffff 00af9a00 DPL=0 CS64 [-R-]
SS =0030 0000000000000000 ffffffff 00cf9300 DPL=0 DS   [-WA]
DS =0030 0000000000000000 ffffffff 00cf9300 DPL=0 DS   [-WA]
FS =0030 0000000000000000 ffffffff 00cf9300 DPL=0 DS   [-WA]
GS =0030 0000000000000000 ffffffff 00cf9300 DPL=0 DS   [-WA]
LDT=0000 0000000000000000 0000ffff 00008200 DPL=0 LDT
TR =0000 0000000000000000 0000ffff 00008b00 DPL=0 TSS64-busy
GDT=     000000007f5dc000 00000047
IDT=     000000007f138018 00000fff
CR0=80000033 CR2=0000000000000000 CR3=000000007f801000 CR4=00000668
DR0=0000000000000000 DR1=0000000000000000 DR2=0000000000000000 DR3=0000000000000000 
DR6=00000000ffff0ff0 DR7=0000000000000400
CCS=0000000000000091 CCD=fffffffffffffff2 CCO=EFLAGS
EFER=0000000000000d00
Servicing hardware INT=0x20
     4: v=20 e=0000 i=0 cpl=0 IP=0038:000000007f14ad53 pc=000000007f14ad53 SP=0030:000000007fe96280 env->regs[R_EAX]=0000000000000010
RAX=0000000000000010 RBX=000000007fe963c4 RCX=0000000000000010 RDX=000000007fe963c4
RSI=0000000000000008 RDI=0000000000000005 RBP=000000007fe96300 RSP=000000007fe96280
R8 =000000000000001f R9 =000000007f4e7920 R10=000000007ed0dae4 R11=8000000000000009
R12=0000000000000005 R13=0000000000000114 R14=000000007fe963c8 R15=000fffffc0000000
RIP=000000007f14ad53 RFL=00000293 [--S-A-C] CPL=0 II=0 A20=1 SMM=0 HLT=0
ES =0030 0000000000000000 ffffffff 00cf9300 DPL=0 DS   [-WA]
CS =0038 0000000000000000 ffffffff 00af9a00 DPL=0 CS64 [-R-]
SS =0030 0000000000000000 ffffffff 00cf9300 DPL=0 DS   [-WA]
DS =0030 0000000000000000 ffffffff 00cf9300 DPL=0 DS   [-WA]
FS =0030 0000000000000000 ffffffff 00cf9300 DPL=0 DS   [-WA]
GS =0030 0000000000000000 ffffffff 00cf9300 DPL=0 DS   [-WA]
LDT=0000 0000000000000000 0000ffff 00008200 DPL=0 LDT
TR =0000 0000000000000000 0000ffff 00008b00 DPL=0 TSS64-busy
GDT=     000000007f5dc000 00000047
IDT=     000000007f138018 00000fff
CR0=80000033 CR2=0000000000000000 CR3=000000007f801000 CR4=00000668
DR0=0000000000000000 DR1=0000000000000000 DR2=0000000000000000 DR3=0000000000000000 
DR6=00000000ffff0ff0 DR7=0000000000000400
CCS=0000000000000091 CCD=fffffffffffffff2 CCO=EFLAGS
EFER=0000000000000d00
Servicing hardware INT=0x20
     5: v=20 e=0000 i=0 cpl=0 IP=0038:000000007ecff262 pc=000000007ecff262 SP=0030:000000007fe961b8 env->regs[R_EAX]=000000007ed0dda0
RAX=000000007ed0dda0 RBX=0000000000000010 RCX=000000007ed0dda0 RDX=000000007f14f018
RSI=0000000000000160 RDI=0000000000000001 RBP=000000007fe961f0 RSP=000000007fe961b8
R8 =000000000000001f R9 =000000007f4e7920 R10=000000007ed0dae4 R11=8000000000000009
R12=0000000000000007 R13=0000000000000119 R14=000000007fe963c8 R15=000fffffc0000000
RIP=000000007ecff262 RFL=00000206 [-----P-] CPL=0 II=0 A20=1 SMM=0 HLT=0
ES =0030 0000000000000000 ffffffff 00cf9300 DPL=0 DS   [-WA]
CS =0038 0000000000000000 ffffffff 00af9a00 DPL=0 CS64 [-R-]
SS =0030 0000000000000000 ffffffff 00cf9300 DPL=0 DS   [-WA]
DS =0030 0000000000000000 ffffffff 00cf9300 DPL=0 DS   [-WA]
FS =0030 0000000000000000 ffffffff 00cf9300 DPL=0 DS   [-WA]
GS =0030 0000000000000000 ffffffff 00cf9300 DPL=0 DS   [-WA]
LDT=0000 0000000000000000 0000ffff 00008200 DPL=0 LDT
TR =0000 0000000000000000 0000ffff 00008b00 DPL=0 TSS64-busy
GDT=     000000007f5dc000 00000047
IDT=     000000007f138018 00000fff
CR0=80000033 CR2=0000000000000000 CR3=000000007f801000 CR4=00000668
DR0=0000000000000000 DR1=0000000000000000 DR2=0000000000000000 DR3=0000000000000000 
DR6=00000000ffff0ff0 DR7=0000000000000400
CCS=0000000000000004 CCD=000000007fe961c0 CCO=EFLAGS
EFER=0000000000000d00
Servicing hardware INT=0x20
     6: v=20 e=0000 i=0 cpl=0 IP=0038:000000007f14ad53 pc=000000007f14ad53 SP=0030:000000007fe96280 env->regs[R_EAX]=0000000000000010
RAX=0000000000000010 RBX=000000007fe963c4 RCX=0000000000000010 RDX=000000007fe963c4
RSI=0000000000000008 RDI=0000000000000005 RBP=000000007fe96300 RSP=000000007fe96280
R8 =000000000000001f R9 =000000007f4e7920 R10=000000007ed0dae4 R11=8000000000000009
R12=0000000000000005 R13=000000000000011d R14=000000007fe963c8 R15=000fffffc0000000
RIP=000000007f14ad53 RFL=00000293 [--S-A-C] CPL=0 II=0 A20=1 SMM=0 HLT=0
ES =0030 0000000000000000 ffffffff 00cf9300 DPL=0 DS   [-WA]
CS =0038 0000000000000000 ffffffff 00af9a00 DPL=0 CS64 [-R-]
SS =0030 0000000000000000 ffffffff 00cf9300 DPL=0 DS   [-WA]
DS =0030 0000000000000000 ffffffff 00cf9300 DPL=0 DS   [-WA]
FS =0030 0000000000000000 ffffffff 00cf9300 DPL=0 DS   [-WA]
GS =0030 0000000000000000 ffffffff 00cf9300 DPL=0 DS   [-WA]
LDT=0000 0000000000000000 0000ffff 00008200 DPL=0 LDT
TR =0000 0000000000000000 0000ffff 00008b00 DPL=0 TSS64-busy
GDT=     000000007f5dc000 00000047
IDT=     000000007f138018 00000fff
CR0=80000033 CR2=0000000000000000 CR3=000000007f801000 CR4=00000668
DR0=0000000000000000 DR1=0000000000000000 DR2=0000000000000000 DR3=0000000000000000 
DR6=00000000ffff0ff0 DR7=0000000000000400
CCS=0000000000000091 CCD=fffffffffffffff2 CCO=EFLAGS
EFER=0000000000000d00
Servicing hardware INT=0x20
     7: v=20 e=0000 i=0 cpl=0 IP=0038:000000007f14ad53 pc=000000007f14ad53 SP=0030:000000007fe96280 env->regs[R_EAX]=0000000000000010
RAX=0000000000000010 RBX=000000007fe963c4 RCX=0000000000000010 RDX=000000007fe963c4
RSI=0000000000000008 RDI=0000000000000005 RBP=000000007fe96300 RSP=000000007fe96280
R8 =000000000000001f R9 =000000007f4e7920 R10=000000007ed0dae4 R11=8000000000000009
R12=0000000000000005 R13=0000000000000122 R14=000000007fe963c8 R15=000fffffc0000000
RIP=000000007f14ad53 RFL=00000293 [--S-A-C] CPL=0 II=0 A20=1 SMM=0 HLT=0
ES =0030 0000000000000000 ffffffff 00cf9300 DPL=0 DS   [-WA]
CS =0038 0000000000000000 ffffffff 00af9a00 DPL=0 CS64 [-R-]
SS =0030 0000000000000000 ffffffff 00cf9300 DPL=0 DS   [-WA]
DS =0030 0000000000000000 ffffffff 00cf9300 DPL=0 DS   [-WA]
FS =0030 0000000000000000 ffffffff 00cf9300 DPL=0 DS   [-WA]
GS =0030 0000000000000000 ffffffff 00cf9300 DPL=0 DS   [-WA]
LDT=0000 0000000000000000 0000ffff 00008200 DPL=0 LDT
TR =0000 0000000000000000 0000ffff 00008b00 DPL=0 TSS64-busy
GDT=     000000007f5dc000 00000047
IDT=     000000007f138018 00000fff
CR0=80000033 CR2=0000000000000000 CR3=000000007f801000 CR4=00000668
DR0=0000000000000000 DR1=0000000000000000 DR2=0000000000000000 DR3=0000000000000000 
DR6=00000000ffff0ff0 DR7=0000000000000400
CCS=0000000000000091 CCD=fffffffffffffff2 CCO=EFLAGS
EFER=0000000000000d00
Servicing hardware INT=0x20
     8: v=20 e=0000 i=0 cpl=0 IP=0038:000000007f14ad53 pc=000000007f14ad53 SP=0030:000000007fe96280 env->regs[R_EAX]=0000000000000010
RAX=0000000000000010 RBX=000000007fe963c4 RCX=0000000000000010 RDX=000000007fe963c4
RSI=0000000000000008 RDI=0000000000000005 RBP=000000007fe96300 RSP=000000007fe96280
R8 =000000000000001f R9 =000000007f4e7920 R10=000000007ed0dae4 R11=8000000000000009
R12=0000000000000005 R13=0000000000000127 R14=000000007fe963c8 R15=000fffffc0000000
RIP=000000007f14ad53 RFL=00000293 [--S-A-C] CPL=0 II=0 A20=1 SMM=0 HLT=0
ES =0030 0000000000000000 ffffffff 00cf9300 DPL=0 DS   [-WA]
CS =0038 0000000000000000 ffffffff 00af9a00 DPL=0 CS64 [-R-]
SS =0030 0000000000000000 ffffffff 00cf9300 DPL=0 DS   [-WA]
DS =0030 0000000000000000 ffffffff 00cf9300 DPL=0 DS   [-WA]
FS =0030 0000000000000000 ffffffff 00cf9300 DPL=0 DS   [-WA]
GS =0030 0000000000000000 ffffffff 00cf9300 DPL=0 DS   [-WA]
LDT=0000 0000000000000000 0000ffff 00008200 DPL=0 LDT
TR =0000 0000000000000000 0000ffff 00008b00 DPL=0 TSS64-busy
GDT=     000000007f5dc000 00000047
IDT=     000000007f138018 00000fff
CR0=80000033 CR2=0000000000000000 CR3=000000007f801000 CR4=00000668
DR0=0000000000000000 DR1=0000000000000000 DR2=0000000000000000 DR3=0000000000000000 
DR6=00000000ffff0ff0 DR7=0000000000000400
CCS=0000000000000091 CCD=fffffffffffffff2 CCO=EFLAGS
EFER=0000000000000d00
Servicing hardware INT=0x20
     9: v=20 e=0000 i=0 cpl=0 IP=0038:000000007f14ad53 pc=000000007f14ad53 SP=0030:000000007fe96280 env->regs[R_EAX]=0000000000000010
RAX=0000000000000010 RBX=000000007fe963c4 RCX=0000000000000010 RDX=0000000000000000
RSI=0000000000000008 RDI=0000000000000007 RBP=000000007fe96300 RSP=000000007fe96280
R8 =000000000000001f R9 =000000007f4e7920 R10=000000007ed0dae4 R11=8000000000000009
R12=0000000000000007 R13=000000000000012d R14=000000007fe963c8 R15=000fffffc0000000
RIP=000000007f14ad53 RFL=00000293 [--S-A-C] CPL=0 II=0 A20=1 SMM=0 HLT=0
ES =0030 0000000000000000 ffffffff 00cf9300 DPL=0 DS   [-WA]
CS =0038 0000000000000000 ffffffff 00af9a00 DPL=0 CS64 [-R-]
SS =0030 0000000000000000 ffffffff 00cf9300 DPL=0 DS   [-WA]
DS =0030 0000000000000000 ffffffff 00cf9300 DPL=0 DS   [-WA]
FS =0030 0000000000000000 ffffffff 00cf9300 DPL=0 DS   [-WA]
GS =0030 0000000000000000 ffffffff 00cf9300 DPL=0 DS   [-WA]
LDT=0000 0000000000000000 0000ffff 00008200 DPL=0 LDT
TR =0000 0000000000000000 0000ffff 00008b00 DPL=0 TSS64-busy
GDT=     000000007f5dc000 00000047
IDT=     000000007f138018 00000fff
CR0=80000033 CR2=0000000000000000 CR3=000000007f801000 CR4=00000668
DR0=0000000000000000 DR1=0000000000000000 DR2=0000000000000000 DR3=0000000000000000 
DR6=00000000ffff0ff0 DR7=0000000000000400
CCS=0000000000000091 CCD=fffffffffffffff2 CCO=EFLAGS
EFER=0000000000000d00
Servicing hardware INT=0x20
    10: v=20 e=0000 i=0 cpl=0 IP=0038:000000007fea6e51 pc=000000007fea6e51 SP=0030:000000007fe96278 env->regs[R_EAX]=000000007fea6e51
RAX=000000007fea6e51 RBX=000000007f4e7a78 RCX=0000000000000010 RDX=000000007f14f018
RSI=0000000000000158 RDI=0000000000000000 RBP=000000007fe96300 RSP=000000007fe96278
R8 =000000000000001f R9 =000000007f4e7920 R10=000000007ed0dae4 R11=8000000000000009
R12=0000000000000005 R13=0000000000000131 R14=000000007fe963c8 R15=000fffffc0000000
RIP=000000007fea6e51 RFL=00000202 [-------] CPL=0 II=0 A20=1 SMM=0 HLT=0
ES =0030 0000000000000000 ffffffff 00cf9300 DPL=0 DS   [-WA]
CS =0038 0000000000000000 ffffffff 00af9a00 DPL=0 CS64 [-R-]
SS =0030 0000000000000000 ffffffff 00cf9300 DPL=0 DS   [-WA]
DS =0030 0000000000000000 ffffffff 00cf9300 DPL=0 DS   [-WA]
FS =0030 0000000000000000 ffffffff 00cf9300 DPL=0 DS   [-WA]
GS =0030 0000000000000000 ffffffff 00cf9300 DPL=0 DS   [-WA]
LDT=0000 0000000000000000 0000ffff 00008200 DPL=0 LDT
TR =0000 0000000000000000 0000ffff 00008b00 DPL=0 TSS64-busy
GDT=     000000007f5dc000 00000047
IDT=     000000007f138018 00000fff
CR0=80000033 CR2=0000000000000000 CR3=000000007f801000 CR4=00000668
DR0=0000000000000000 DR1=0000000000000000 DR2=0000000000000000 DR3=0000000000000000 
DR6=00000000ffff0ff0 DR7=0000000000000400
CCS=0000000000000000 CCD=000000007fe96280 CCO=EFLAGS
EFER=0000000000000d00
Servicing hardware INT=0x20
    11: v=20 e=0000 i=0 cpl=0 IP=0038:000000007f14ad53 pc=000000007f14ad53 SP=0030:000000007fe96280 env->regs[R_EAX]=0000000000000010
RAX=0000000000000010 RBX=000000007fe963c4 RCX=0000000000000010 RDX=0000000000000000
RSI=0000000000000008 RDI=0000000000000007 RBP=000000007fe96300 RSP=000000007fe96280
R8 =000000000000001f R9 =000000007f4e7920 R10=000000007ed0dae4 R11=8000000000000009
R12=0000000000000007 R13=0000000000000136 R14=000000007fe963c8 R15=000fffffc0000000
RIP=000000007f14ad53 RFL=00000293 [--S-A-C] CPL=0 II=0 A20=1 SMM=0 HLT=0
ES =0030 0000000000000000 ffffffff 00cf9300 DPL=0 DS   [-WA]
CS =0038 0000000000000000 ffffffff 00af9a00 DPL=0 CS64 [-R-]
SS =0030 0000000000000000 ffffffff 00cf9300 DPL=0 DS   [-WA]
DS =0030 0000000000000000 ffffffff 00cf9300 DPL=0 DS   [-WA]
FS =0030 0000000000000000 ffffffff 00cf9300 DPL=0 DS   [-WA]
GS =0030 0000000000000000 ffffffff 00cf9300 DPL=0 DS   [-WA]
LDT=0000 0000000000000000 0000ffff 00008200 DPL=0 LDT
TR =0000 0000000000000000 0000ffff 00008b00 DPL=0 TSS64-busy
GDT=     000000007f5dc000 00000047
IDT=     000000007f138018 00000fff
CR0=80000033 CR2=0000000000000000 CR3=000000007f801000 CR4=00000668
DR0=0000000000000000 DR1=0000000000000000 DR2=0000000000000000 DR3=0000000000000000 
DR6=00000000ffff0ff0 DR7=0000000000000400
CCS=0000000000000091 CCD=fffffffffffffff2 CCO=EFLAGS
EFER=0000000000000d00
Servicing hardware INT=0x20
    12: v=20 e=0000 i=0 cpl=0 IP=0038:000000007fea6e51 pc=000000007fea6e51 SP=0030:000000007fe96278 env->regs[R_EAX]=000000007fea6e51
RAX=000000007fea6e51 RBX=000000007f4e7a78 RCX=0000000000000010 RDX=000000007f14f018
RSI=0000000000000158 RDI=0000000000000000 RBP=000000007fe96300 RSP=000000007fe96278
R8 =000000000000001f R9 =000000007f4e7920 R10=000000007ed0dae4 R11=8000000000000009
R12=0000000000000005 R13=000000000000013b R14=000000007fe963c8 R15=000fffffc0000000
RIP=000000007fea6e51 RFL=00000202 [-------] CPL=0 II=0 A20=1 SMM=0 HLT=0
ES =0030 0000000000000000 ffffffff 00cf9300 DPL=0 DS   [-WA]
CS =0038 0000000000000000 ffffffff 00af9a00 DPL=0 CS64 [-R-]
SS =0030 0000000000000000 ffffffff 00cf9300 DPL=0 DS   [-WA]
DS =0030 0000000000000000 ffffffff 00cf9300 DPL=0 DS   [-WA]
FS =0030 0000000000000000 ffffffff 00cf9300 DPL=0 DS   [-WA]
GS =0030 0000000000000000 ffffffff 00cf9300 DPL=0 DS   [-WA]
LDT=0000 0000000000000000 0000ffff 00008200 DPL=0 LDT
TR =0000 0000000000000000 0000ffff 00008b00 DPL=0 TSS64-busy
GDT=     000000007f5dc000 00000047
IDT=     000000007f138018 00000fff
CR0=80000033 CR2=0000000000000000 CR3=000000007f801000 CR4=00000668
DR0=0000000000000000 DR1=0000000000000000 DR2=0000000000000000 DR3=0000000000000000 
DR6=00000000ffff0ff0 DR7=0000000000000400
CCS=0000000000000000 CCD=000000007fe96280 CCO=EFLAGS
EFER=0000000000000d00
Servicing hardware INT=0x20
    13: v=20 e=0000 i=0 cpl=0 IP=0038:000000007ecff262 pc=000000007ecff262 SP=0030:000000007fe961b8 env->regs[R_EAX]=000000007ed0dda0
RAX=000000007ed0dda0 RBX=0000000000000010 RCX=000000007ed0dda0 RDX=000000007f14f018
RSI=0000000000000158 RDI=0000000000000001 RBP=000000007fe961f0 RSP=000000007fe961b8
R8 =000000000000001f R9 =000000007f4e7920 R10=000000007ed0dae4 R11=8000000000000009
R12=0000000000000005 R13=0000000000000140 R14=000000007fe963c8 R15=000fffffc0000000
RIP=000000007ecff262 RFL=00000206 [-----P-] CPL=0 II=0 A20=1 SMM=0 HLT=0
ES =0030 0000000000000000 ffffffff 00cf9300 DPL=0 DS   [-WA]
CS =0038 0000000000000000 ffffffff 00af9a00 DPL=0 CS64 [-R-]
SS =0030 0000000000000000 ffffffff 00cf9300 DPL=0 DS   [-WA]
DS =0030 0000000000000000 ffffffff 00cf9300 DPL=0 DS   [-WA]
FS =0030 0000000000000000 ffffffff 00cf9300 DPL=0 DS   [-WA]
GS =0030 0000000000000000 ffffffff 00cf9300 DPL=0 DS   [-WA]
LDT=0000 0000000000000000 0000ffff 00008200 DPL=0 LDT
TR =0000 0000000000000000 0000ffff 00008b00 DPL=0 TSS64-busy
GDT=     000000007f5dc000 00000047
IDT=     000000007f138018 00000fff
CR0=80000033 CR2=0000000000000000 CR3=000000007f801000 CR4=00000668
DR0=0000000000000000 DR1=0000000000000000 DR2=0000000000000000 DR3=0000000000000000 
DR6=00000000ffff0ff0 DR7=0000000000000400
CCS=0000000000000004 CCD=000000007fe961c0 CCO=EFLAGS
EFER=0000000000000d00
Servicing hardware INT=0x20
    14: v=20 e=0000 i=0 cpl=0 IP=0038:000000007f14ad53 pc=000000007f14ad53 SP=0030:000000007fe96280 env->regs[R_EAX]=0000000000000010
RAX=0000000000000010 RBX=000000007fe963c4 RCX=0000000000000010 RDX=0000000000000000
RSI=0000000000000008 RDI=0000000000000007 RBP=000000007fe96300 RSP=000000007fe96280
R8 =000000000000001f R9 =000000007f4e7920 R10=000000007ed0dae4 R11=8000000000000009
R12=0000000000000007 R13=0000000000000145 R14=000000007fe963c8 R15=000fffffc0000000
RIP=000000007f14ad53 RFL=00000293 [--S-A-C] CPL=0 II=0 A20=1 SMM=0 HLT=0
ES =0030 0000000000000000 ffffffff 00cf9300 DPL=0 DS   [-WA]
CS =0038 0000000000000000 ffffffff 00af9a00 DPL=0 CS64 [-R-]
SS =0030 0000000000000000 ffffffff 00cf9300 DPL=0 DS   [-WA]
DS =0030 0000000000000000 ffffffff 00cf9300 DPL=0 DS   [-WA]
FS =0030 0000000000000000 ffffffff 00cf9300 DPL=0 DS   [-WA]
GS =0030 0000000000000000 ffffffff 00cf9300 DPL=0 DS   [-WA]
LDT=0000 0000000000000000 0000ffff 00008200 DPL=0 LDT
TR =0000 0000000000000000 0000ffff 00008b00 DPL=0 TSS64-busy
GDT=     000000007f5dc000 00000047
IDT=     000000007f138018 00000fff
CR0=80000033 CR2=0000000000000000 CR3=000000007f801000 CR4=00000668
DR0=0000000000000000 DR1=0000000000000000 DR2=0000000000000000 DR3=0000000000000000 
DR6=00000000ffff0ff0 DR7=0000000000000400
CCS=0000000000000091 CCD=fffffffffffffff2 CCO=EFLAGS
EFER=0000000000000d00
Servicing hardware INT=0x20
    15: v=20 e=0000 i=0 cpl=0 IP=0038:000000007fe98994 pc=000000007fe98994 SP=0030:000000007fe961f8 env->regs[R_EAX]=0000000000000000
RAX=0000000000000000 RBX=0000000000000010 RCX=0000000000000010 RDX=000000007f14f018
RSI=0000000000000160 RDI=0000000000000001 RBP=000000007fe96270 RSP=000000007fe961f8
R8 =000000000000001f R9 =000000007f4e7920 R10=000000007ed0dae4 R11=8000000000000009
R12=0000000000000007 R13=000000000000014a R14=000000007fe963c8 R15=000fffffc0000000
RIP=000000007fe98994 RFL=00000293 [--S-A-C] CPL=0 II=0 A20=1 SMM=0 HLT=0
ES =0030 0000000000000000 ffffffff 00cf9300 DPL=0 DS   [-WA]
CS =0038 0000000000000000 ffffffff 00af9a00 DPL=0 CS64 [-R-]
SS =0030 0000000000000000 ffffffff 00cf9300 DPL=0 DS   [-WA]
DS =0030 0000000000000000 ffffffff 00cf9300 DPL=0 DS   [-WA]
FS =0030 0000000000000000 ffffffff 00cf9300 DPL=0 DS   [-WA]
GS =0030 0000000000000000 ffffffff 00cf9300 DPL=0 DS   [-WA]
LDT=0000 0000000000000000 0000ffff 00008200 DPL=0 LDT
TR =0000 0000000000000000 0000ffff 00008b00 DPL=0 TSS64-busy
GDT=     000000007f5dc000 00000047
IDT=     000000007f138018 00000fff
CR0=80000033 CR2=0000000000000000 CR3=000000007f801000 CR4=00000668
DR0=0000000000000000 DR1=0000000000000000 DR2=0000000000000000 DR3=0000000000000000 
DR6=00000000ffff0ff0 DR7=0000000000000400
CCS=0000000000000091 CCD=fffffffffffffff2 CCO=EFLAGS
EFER=0000000000000d00
Servicing hardware INT=0x20
    16: v=20 e=0000 i=0 cpl=0 IP=0038:000000007f14ad53 pc=000000007f14ad53 SP=0030:000000007fe96280 env->regs[R_EAX]=0000000000000010
RAX=0000000000000010 RBX=000000007fe963c4 RCX=0000000000000010 RDX=000000007fe963c4
RSI=0000000000000008 RDI=0000000000000005 RBP=000000007fe96300 RSP=000000007fe96280
R8 =000000000000001f R9 =000000007f4e7920 R10=000000007ed0dae4 R11=8000000000000009
R12=0000000000000005 R13=000000000000014f R14=000000007fe963c8 R15=000fffffc0000000
RIP=000000007f14ad53 RFL=00000293 [--S-A-C] CPL=0 II=0 A20=1 SMM=0 HLT=0
ES =0030 0000000000000000 ffffffff 00cf9300 DPL=0 DS   [-WA]
CS =0038 0000000000000000 ffffffff 00af9a00 DPL=0 CS64 [-R-]
SS =0030 0000000000000000 ffffffff 00cf9300 DPL=0 DS   [-WA]
DS =0030 0000000000000000 ffffffff 00cf9300 DPL=0 DS   [-WA]
FS =0030 0000000000000000 ffffffff 00cf9300 DPL=0 DS   [-WA]
GS =0030 0000000000000000 ffffffff 00cf9300 DPL=0 DS   [-WA]
LDT=0000 0000000000000000 0000ffff 00008200 DPL=0 LDT
TR =0000 0000000000000000 0000ffff 00008b00 DPL=0 TSS64-busy
GDT=     000000007f5dc000 00000047
IDT=     000000007f138018 00000fff
CR0=80000033 CR2=0000000000000000 CR3=000000007f801000 CR4=00000668
DR0=0000000000000000 DR1=0000000000000000 DR2=0000000000000000 DR3=0000000000000000 
DR6=00000000ffff0ff0 DR7=0000000000000400
CCS=0000000000000091 CCD=fffffffffffffff2 CCO=EFLAGS
EFER=0000000000000d00
Servicing hardware INT=0x20
    17: v=20 e=0000 i=0 cpl=0 IP=0038:000000007f14ad53 pc=000000007f14ad53 SP=0030:000000007fe96280 env->regs[R_EAX]=0000000000000010
RAX=0000000000000010 RBX=000000007fe963c4 RCX=0000000000000010 RDX=0000000000000000
RSI=0000000000000008 RDI=0000000000000007 RBP=000000007fe96300 RSP=000000007fe96280
R8 =000000000000001f R9 =000000007f4e7920 R10=000000007ed0dae4 R11=8000000000000009
R12=0000000000000007 R13=0000000000000154 R14=000000007fe963c8 R15=000fffffc0000000
RIP=000000007f14ad53 RFL=00000293 [--S-A-C] CPL=0 II=0 A20=1 SMM=0 HLT=0
ES =0030 0000000000000000 ffffffff 00cf9300 DPL=0 DS   [-WA]
CS =0038 0000000000000000 ffffffff 00af9a00 DPL=0 CS64 [-R-]
SS =0030 0000000000000000 ffffffff 00cf9300 DPL=0 DS   [-WA]
DS =0030 0000000000000000 ffffffff 00cf9300 DPL=0 DS   [-WA]
FS =0030 0000000000000000 ffffffff 00cf9300 DPL=0 DS   [-WA]
GS =0030 0000000000000000 ffffffff 00cf9300 DPL=0 DS   [-WA]
LDT=0000 0000000000000000 0000ffff 00008200 DPL=0 LDT
TR =0000 0000000000000000 0000ffff 00008b00 DPL=0 TSS64-busy
GDT=     000000007f5dc000 00000047
IDT=     000000007f138018 00000fff
CR0=80000033 CR2=0000000000000000 CR3=000000007f801000 CR4=00000668
DR0=0000000000000000 DR1=0000000000000000 DR2=0000000000000000 DR3=0000000000000000 
DR6=00000000ffff0ff0 DR7=0000000000000400
CCS=0000000000000091 CCD=fffffffffffffff2 CCO=EFLAGS
EFER=0000000000000d00
Servicing hardware INT=0x20
    18: v=20 e=0000 i=0 cpl=0 IP=0038:000000007f14ad53 pc=000000007f14ad53 SP=0030:000000007fe96280 env->regs[R_EAX]=0000000000000010
RAX=0000000000000010 RBX=000000007fe963c4 RCX=0000000000000010 RDX=000000007fe963c4
RSI=0000000000000008 RDI=0000000000000005 RBP=000000007fe96300 RSP=000000007fe96280
R8 =000000000000001f R9 =000000007f4e7920 R10=000000007ed0dae4 R11=8000000000000009
R12=0000000000000005 R13=0000000000000158 R14=000000007fe963c8 R15=000fffffc0000000
RIP=000000007f14ad53 RFL=00000293 [--S-A-C] CPL=0 II=0 A20=1 SMM=0 HLT=0
ES =0030 0000000000000000 ffffffff 00cf9300 DPL=0 DS   [-WA]
CS =0038 0000000000000000 ffffffff 00af9a00 DPL=0 CS64 [-R-]
SS =0030 0000000000000000 ffffffff 00cf9300 DPL=0 DS   [-WA]
DS =0030 0000000000000000 ffffffff 00cf9300 DPL=0 DS   [-WA]
FS =0030 0000000000000000 ffffffff 00cf9300 DPL=0 DS   [-WA]
GS =0030 0000000000000000 ffffffff 00cf9300 DPL=0 DS   [-WA]
LDT=0000 0000000000000000 0000ffff 00008200 DPL=0 LDT
TR =0000 0000000000000000 0000ffff 00008b00 DPL=0 TSS64-busy
GDT=     000000007f5dc000 00000047
IDT=     000000007f138018 00000fff
CR0=80000033 CR2=0000000000000000 CR3=000000007f801000 CR4=00000668
DR0=0000000000000000 DR1=0000000000000000 DR2=0000000000000000 DR3=0000000000000000 
DR6=00000000ffff0ff0 DR7=0000000000000400
CCS=0000000000000091 CCD=fffffffffffffff2 CCO=EFLAGS
EFER=0000000000000d00
Servicing hardware INT=0x20
    19: v=20 e=0000 i=0 cpl=0 IP=0038:000000007f14ad53 pc=000000007f14ad53 SP=0030:000000007fe96280 env->regs[R_EAX]=0000000000000010
RAX=0000000000000010 RBX=000000007fe963c4 RCX=0000000000000010 RDX=0000000000000000
RSI=0000000000000008 RDI=0000000000000007 RBP=000000007fe96300 RSP=000000007fe96280
R8 =000000000000001f R9 =000000007f4e7920 R10=000000007ed0dae4 R11=8000000000000009
R12=0000000000000007 R13=000000000000015d R14=000000007fe963c8 R15=000fffffc0000000
RIP=000000007f14ad53 RFL=00000293 [--S-A-C] CPL=0 II=0 A20=1 SMM=0 HLT=0
ES =0030 0000000000000000 ffffffff 00cf9300 DPL=0 DS   [-WA]
CS =0038 0000000000000000 ffffffff 00af9a00 DPL=0 CS64 [-R-]
SS =0030 0000000000000000 ffffffff 00cf9300 DPL=0 DS   [-WA]
DS =0030 0000000000000000 ffffffff 00cf9300 DPL=0 DS   [-WA]
FS =0030 0000000000000000 ffffffff 00cf9300 DPL=0 DS   [-WA]
GS =0030 0000000000000000 ffffffff 00cf9300 DPL=0 DS   [-WA]
LDT=0000 0000000000000000 0000ffff 00008200 DPL=0 LDT
TR =0000 0000000000000000 0000ffff 00008b00 DPL=0 TSS64-busy
GDT=     000000007f5dc000 00000047
IDT=     000000007f138018 00000fff
CR0=80000033 CR2=0000000000000000 CR3=000000007f801000 CR4=00000668
DR0=0000000000000000 DR1=0000000000000000 DR2=0000000000000000 DR3=0000000000000000 
DR6=00000000ffff0ff0 DR7=0000000000000400
CCS=0000000000000091 CCD=fffffffffffffff2 CCO=EFLAGS
EFER=0000000000000d00
Servicing hardware INT=0x20
    20: v=20 e=0000 i=0 cpl=0 IP=0038:000000007f14ad53 pc=000000007f14ad53 SP=0030:000000007fe96280 env->regs[R_EAX]=0000000000000010
RAX=0000000000000010 RBX=000000007fe963c4 RCX=0000000000000010 RDX=000000007fe963c4
RSI=0000000000000008 RDI=0000000000000005 RBP=000000007fe96300 RSP=000000007fe96280
R8 =000000000000001f R9 =000000007f4e7920 R10=000000007ed0dae4 R11=8000000000000009
R12=0000000000000005 R13=0000000000000162 R14=000000007fe963c8 R15=000fffffc0000000
RIP=000000007f14ad53 RFL=00000293 [--S-A-C] CPL=0 II=0 A20=1 SMM=0 HLT=0
ES =0030 0000000000000000 ffffffff 00cf9300 DPL=0 DS   [-WA]
CS =0038 0000000000000000 ffffffff 00af9a00 DPL=0 CS64 [-R-]
SS =0030 0000000000000000 ffffffff 00cf9300 DPL=0 DS   [-WA]
DS =0030 0000000000000000 ffffffff 00cf9300 DPL=0 DS   [-WA]
FS =0030 0000000000000000 ffffffff 00cf9300 DPL=0 DS   [-WA]
GS =0030 0000000000000000 ffffffff 00cf9300 DPL=0 DS   [-WA]
LDT=0000 0000000000000000 0000ffff 00008200 DPL=0 LDT
TR =0000 0000000000000000 0000ffff 00008b00 DPL=0 TSS64-busy
GDT=     000000007f5dc000 00000047
IDT=     000000007f138018 00000fff
CR0=80000033 CR2=0000000000000000 CR3=000000007f801000 CR4=00000668
DR0=0000000000000000 DR1=0000000000000000 DR2=0000000000000000 DR3=0000000000000000 
DR6=00000000ffff0ff0 DR7=0000000000000400
CCS=0000000000000091 CCD=fffffffffffffff2 CCO=EFLAGS
EFER=0000000000000d00
Servicing hardware INT=0x20
    21: v=20 e=0000 i=0 cpl=0 IP=0038:000000007fea6e51 pc=000000007fea6e51 SP=0030:000000007fe96278 env->regs[R_EAX]=000000007fea6e51
RAX=000000007fea6e51 RBX=000000007f4e7a78 RCX=0000000000000010 RDX=000000007f14f018
RSI=0000000000000158 RDI=0000000000000000 RBP=000000007fe96300 RSP=000000007fe96278
R8 =000000000000001f R9 =000000007f4e7920 R10=000000007ed0dae4 R11=8000000000000009
R12=0000000000000005 R13=0000000000000167 R14=000000007fe963c8 R15=000fffffc0000000
RIP=000000007fea6e51 RFL=00000202 [-------] CPL=0 II=0 A20=1 SMM=0 HLT=0
ES =0030 0000000000000000 ffffffff 00cf9300 DPL=0 DS   [-WA]
CS =0038 0000000000000000 ffffffff 00af9a00 DPL=0 CS64 [-R-]
SS =0030 0000000000000000 ffffffff 00cf9300 DPL=0 DS   [-WA]
DS =0030 0000000000000000 ffffffff 00cf9300 DPL=0 DS   [-WA]
FS =0030 0000000000000000 ffffffff 00cf9300 DPL=0 DS   [-WA]
GS =0030 0000000000000000 ffffffff 00cf9300 DPL=0 DS   [-WA]
LDT=0000 0000000000000000 0000ffff 00008200 DPL=0 LDT
TR =0000 0000000000000000 0000ffff 00008b00 DPL=0 TSS64-busy
GDT=     000000007f5dc000 00000047
IDT=     000000007f138018 00000fff
CR0=80000033 CR2=0000000000000000 CR3=000000007f801000 CR4=00000668
DR0=0000000000000000 DR1=0000000000000000 DR2=0000000000000000 DR3=0000000000000000 
DR6=00000000ffff0ff0 DR7=0000000000000400
CCS=0000000000000000 CCD=000000007fe96280 CCO=EFLAGS
EFER=0000000000000d00
Servicing hardware INT=0x20
    22: v=20 e=0000 i=0 cpl=0 IP=0038:000000007f14ad53 pc=000000007f14ad53 SP=0030:000000007fe96280 env->regs[R_EAX]=0000000000000010
RAX=0000000000000010 RBX=000000007fe963c4 RCX=0000000000000010 RDX=0000000000000000
RSI=0000000000000008 RDI=0000000000000007 RBP=000000007fe96300 RSP=000000007fe96280
R8 =000000000000001f R9 =000000007f4e7920 R10=000000007ed0dae4 R11=8000000000000009
R12=0000000000000007 R13=000000000000016c R14=000000007fe963c8 R15=000fffffc0000000
RIP=000000007f14ad53 RFL=00000293 [--S-A-C] CPL=0 II=0 A20=1 SMM=0 HLT=0
ES =0030 0000000000000000 ffffffff 00cf9300 DPL=0 DS   [-WA]
CS =0038 0000000000000000 ffffffff 00af9a00 DPL=0 CS64 [-R-]
SS =0030 0000000000000000 ffffffff 00cf9300 DPL=0 DS   [-WA]
DS =0030 0000000000000000 ffffffff 00cf9300 DPL=0 DS   [-WA]
FS =0030 0000000000000000 ffffffff 00cf9300 DPL=0 DS   [-WA]
GS =0030 0000000000000000 ffffffff 00cf9300 DPL=0 DS   [-WA]
LDT=0000 0000000000000000 0000ffff 00008200 DPL=0 LDT
TR =0000 0000000000000000 0000ffff 00008b00 DPL=0 TSS64-busy
GDT=     000000007f5dc000 00000047
IDT=     000000007f138018 00000fff
CR0=80000033 CR2=0000000000000000 CR3=000000007f801000 CR4=00000668
DR0=0000000000000000 DR1=0000000000000000 DR2=0000000000000000 DR3=0000000000000000 
DR6=00000000ffff0ff0 DR7=0000000000000400
CCS=0000000000000091 CCD=fffffffffffffff2 CCO=EFLAGS
EFER=0000000000000d00
Servicing hardware INT=0x20
    23: v=20 e=0000 i=0 cpl=0 IP=0038:000000007f14ad53 pc=000000007f14ad53 SP=0030:000000007fe96280 env->regs[R_EAX]=0000000000000010
RAX=0000000000000010 RBX=000000007fe963c4 RCX=0000000000000010 RDX=000000007fe963c4
RSI=0000000000000008 RDI=0000000000000005 RBP=000000007fe96300 RSP=000000007fe96280
R8 =000000000000001f R9 =000000007f4e7920 R10=000000007ed0dae4 R11=8000000000000009
R12=0000000000000005 R13=0000000000000170 R14=000000007fe963c8 R15=000fffffc0000000
RIP=000000007f14ad53 RFL=00000293 [--S-A-C] CPL=0 II=0 A20=1 SMM=0 HLT=0
ES =0030 0000000000000000 ffffffff 00cf9300 DPL=0 DS   [-WA]
CS =0038 0000000000000000 ffffffff 00af9a00 DPL=0 CS64 [-R-]
SS =0030 0000000000000000 ffffffff 00cf9300 DPL=0 DS   [-WA]
DS =0030 0000000000000000 ffffffff 00cf9300 DPL=0 DS   [-WA]
FS =0030 0000000000000000 ffffffff 00cf9300 DPL=0 DS   [-WA]
GS =0030 0000000000000000 ffffffff 00cf9300 DPL=0 DS   [-WA]
LDT=0000 0000000000000000 0000ffff 00008200 DPL=0 LDT
TR =0000 0000000000000000 0000ffff 00008b00 DPL=0 TSS64-busy
GDT=     000000007f5dc000 00000047
IDT=     000000007f138018 00000fff
CR0=80000033 CR2=0000000000000000 CR3=000000007f801000 CR4=00000668
DR0=0000000000000000 DR1=0000000000000000 DR2=0000000000000000 DR3=0000000000000000 
DR6=00000000ffff0ff0 DR7=0000000000000400
CCS=0000000000000091 CCD=fffffffffffffff2 CCO=EFLAGS
EFER=0000000000000d00
Servicing hardware INT=0x20
    24: v=20 e=0000 i=0 cpl=0 IP=0038:000000007f14ad53 pc=000000007f14ad53 SP=0030:000000007fe96280 env->regs[R_EAX]=0000000000000010
RAX=0000000000000010 RBX=000000007fe963c4 RCX=0000000000000010 RDX=000000007fe963c4
RSI=0000000000000008 RDI=0000000000000005 RBP=000000007fe96300 RSP=000000007fe96280
R8 =000000000000001f R9 =000000007f4e7920 R10=000000007ed0dae4 R11=8000000000000009
R12=0000000000000005 R13=0000000000000176 R14=000000007fe963c8 R15=000fffffc0000000
RIP=000000007f14ad53 RFL=00000293 [--S-A-C] CPL=0 II=0 A20=1 SMM=0 HLT=0
ES =0030 0000000000000000 ffffffff 00cf9300 DPL=0 DS   [-WA]
CS =0038 0000000000000000 ffffffff 00af9a00 DPL=0 CS64 [-R-]
SS =0030 0000000000000000 ffffffff 00cf9300 DPL=0 DS   [-WA]
DS =0030 0000000000000000 ffffffff 00cf9300 DPL=0 DS   [-WA]
FS =0030 0000000000000000 ffffffff 00cf9300 DPL=0 DS   [-WA]
GS =0030 0000000000000000 ffffffff 00cf9300 DPL=0 DS   [-WA]
LDT=0000 0000000000000000 0000ffff 00008200 DPL=0 LDT
TR =0000 0000000000000000 0000ffff 00008b00 DPL=0 TSS64-busy
GDT=     000000007f5dc000 00000047
IDT=     000000007f138018 00000fff
CR0=80000033 CR2=0000000000000000 CR3=000000007f801000 CR4=00000668
DR0=0000000000000000 DR1=0000000000000000 DR2=0000000000000000 DR3=0000000000000000 
DR6=00000000ffff0ff0 DR7=0000000000000400
CCS=0000000000000091 CCD=fffffffffffffff2 CCO=EFLAGS
EFER=0000000000000d00
Servicing hardware INT=0x20
    25: v=20 e=0000 i=0 cpl=0 IP=0038:000000007f14ad53 pc=000000007f14ad53 SP=0030:000000007fe96280 env->regs[R_EAX]=0000000000000010
RAX=0000000000000010 RBX=000000007fe963c4 RCX=0000000000000010 RDX=000000007fe963c4
RSI=0000000000000008 RDI=0000000000000005 RBP=000000007fe96300 RSP=000000007fe96280
R8 =000000000000001f R9 =000000007f4e7920 R10=000000007ed0dae4 R11=8000000000000009
R12=0000000000000005 R13=000000000000017b R14=000000007fe963c8 R15=000fffffc0000000
RIP=000000007f14ad53 RFL=00000293 [--S-A-C] CPL=0 II=0 A20=1 SMM=0 HLT=0
ES =0030 0000000000000000 ffffffff 00cf9300 DPL=0 DS   [-WA]
CS =0038 0000000000000000 ffffffff 00af9a00 DPL=0 CS64 [-R-]
SS =0030 0000000000000000 ffffffff 00cf9300 DPL=0 DS   [-WA]
DS =0030 0000000000000000 ffffffff 00cf9300 DPL=0 DS   [-WA]
FS =0030 0000000000000000 ffffffff 00cf9300 DPL=0 DS   [-WA]
GS =0030 0000000000000000 ffffffff 00cf9300 DPL=0 DS   [-WA]
LDT=0000 0000000000000000 0000ffff 00008200 DPL=0 LDT
TR =0000 0000000000000000 0000ffff 00008b00 DPL=0 TSS64-busy
GDT=     000000007f5dc000 00000047
IDT=     000000007f138018 00000fff
CR0=80000033 CR2=0000000000000000 CR3=000000007f801000 CR4=00000668
DR0=0000000000000000 DR1=0000000000000000 DR2=0000000000000000 DR3=0000000000000000 
DR6=00000000ffff0ff0 DR7=0000000000000400
CCS=0000000000000091 CCD=fffffffffffffff2 CCO=EFLAGS
EFER=0000000000000d00
Servicing hardware INT=0x20
    26: v=20 e=0000 i=0 cpl=0 IP=0038:000000007fea6e51 pc=000000007fea6e51 SP=0030:000000007fe96278 env->regs[R_EAX]=000000007fea6e51
RAX=000000007fea6e51 RBX=000000007f4e7a78 RCX=0000000000000010 RDX=000000007f14f018
RSI=0000000000000158 RDI=0000000000000000 RBP=000000007fe96300 RSP=000000007fe96278
R8 =000000000000001f R9 =000000007f4e7920 R10=000000007ed0dae4 R11=8000000000000009
R12=0000000000000005 R13=000000000000017e R14=000000007fe963c8 R15=000fffffc0000000
RIP=000000007fea6e51 RFL=00000202 [-------] CPL=0 II=0 A20=1 SMM=0 HLT=0
ES =0030 0000000000000000 ffffffff 00cf9300 DPL=0 DS   [-WA]
CS =0038 0000000000000000 ffffffff 00af9a00 DPL=0 CS64 [-R-]
SS =0030 0000000000000000 ffffffff 00cf9300 DPL=0 DS   [-WA]
DS =0030 0000000000000000 ffffffff 00cf9300 DPL=0 DS   [-WA]
FS =0030 0000000000000000 ffffffff 00cf9300 DPL=0 DS   [-WA]
GS =0030 0000000000000000 ffffffff 00cf9300 DPL=0 DS   [-WA]
LDT=0000 0000000000000000 0000ffff 00008200 DPL=0 LDT
TR =0000 0000000000000000 0000ffff 00008b00 DPL=0 TSS64-busy
GDT=     000000007f5dc000 00000047
IDT=     000000007f138018 00000fff
CR0=80000033 CR2=0000000000000000 CR3=000000007f801000 CR4=00000668
DR0=0000000000000000 DR1=0000000000000000 DR2=0000000000000000 DR3=0000000000000000 
DR6=00000000ffff0ff0 DR7=0000000000000400
CCS=0000000000000000 CCD=000000007fe96280 CCO=EFLAGS
EFER=0000000000000d00
Servicing hardware INT=0x20
    27: v=20 e=0000 i=0 cpl=0 IP=0038:000000007e9b7aee pc=000000007e9b7aee SP=0030:000000007fe96c80 env->regs[R_EAX]=000000007ec00698
RAX=000000007ec00698 RBX=000000007ec00118 RCX=000000007ed0dda0 RDX=8000000000000003
RSI=000000007f5ec018 RDI=000000007e9b4c0f RBP=000000007fe96cf0 RSP=000000007fe96c80
R8 =000000007fe96c18 R9 =000000007f4ecf98 R10=000000007ec00488 R11=000000007feae690
R12=0000000000000000 R13=0000000000000000 R14=000000007feb0b80 R15=000000007feaee60
RIP=000000007e9b7aee RFL=00000202 [-------] CPL=0 II=0 A20=1 SMM=0 HLT=0
ES =0030 0000000000000000 ffffffff 00cf9300 DPL=0 DS   [-WA]
CS =0038 0000000000000000 ffffffff 00af9a00 DPL=0 CS64 [-R-]
SS =0030 0000000000000000 ffffffff 00cf9300 DPL=0 DS   [-WA]
DS =0030 0000000000000000 ffffffff 00cf9300 DPL=0 DS   [-WA]
FS =0030 0000000000000000 ffffffff 00cf9300 DPL=0 DS   [-WA]
GS =0030 0000000000000000 ffffffff 00cf9300 DPL=0 DS   [-WA]
LDT=0000 0000000000000000 0000ffff 00008200 DPL=0 LDT
TR =0000 0000000000000000 0000ffff 00008b00 DPL=0 TSS64-busy
GDT=     000000007f5dc000 00000047
IDT=     000000007f138018 00000fff
CR0=80010033 CR2=0000000000000000 CR3=000000007f801000 CR4=00000668
DR0=0000000000000000 DR1=0000000000000000 DR2=0000000000000000 DR3=0000000000000000 
DR6=00000000ffff0ff0 DR7=0000000000000400
CCS=0000000000000000 CCD=000000007ec00698 CCO=EFLAGS
EFER=0000000000000d00
Servicing hardware INT=0x20
    28: v=20 e=0000 i=0 cpl=0 IP=0038:000000007f6d993a pc=000000007f6d993a SP=0030:000000007fe968d0 env->regs[R_EAX]=00000000000000ff
RAX=00000000000000ff RBX=0000000000000000 RCX=0000000000020001 RDX=000000007ec8e018
RSI=000000007f6da901 RDI=000000007ecae017 RBP=000000007fe969a0 RSP=000000007fe968d0
R8 =00000000000000ff R9 =0000000000000000 R10=0000000000000022 R11=0000000000000022
R12=000000007fe969f0 R13=000000007ec8e018 R14=8000000000000003 R15=000000007fe969f0
RIP=000000007f6d993a RFL=00010206 [-----P-] CPL=0 II=0 A20=1 SMM=0 HLT=0
ES =0030 0000000000000000 ffffffff 00cf9300 DPL=0 DS   [-WA]
CS =0038 0000000000000000 ffffffff 00af9a00 DPL=0 CS64 [-R-]
SS =0030 0000000000000000 ffffffff 00cf9300 DPL=0 DS   [-WA]
DS =0030 0000000000000000 ffffffff 00cf9300 DPL=0 DS   [-WA]
FS =0030 0000000000000000 ffffffff 00cf9300 DPL=0 DS   [-WA]
GS =0030 0000000000000000 ffffffff 00cf9300 DPL=0 DS   [-WA]
LDT=0000 0000000000000000 0000ffff 00008200 DPL=0 LDT
TR =0000 0000000000000000 0000ffff 00008b00 DPL=0 TSS64-busy
GDT=     000000007f5dc000 00000047
IDT=     000000007f138018 00000fff
CR0=80010033 CR2=0000000000000000 CR3=000000007f801000 CR4=00000668
DR0=0000000000000000 DR1=0000000000000000 DR2=0000000000000000 DR3=0000000000000000 
DR6=00000000ffff0ff0 DR7=0000000000000400
CCS=0000000000000004 CCD=0000000000040000 CCO=EFLAGS
EFER=0000000000000d00
Servicing hardware INT=0x20
    29: v=20 e=0000 i=0 cpl=0 IP=0038:000000007fead13c pc=000000007fead13c SP=0030:000000007fe96b60 env->regs[R_EAX]=00000000000000af
RAX=00000000000000af RBX=000000000000bfff RCX=0000000000000000 RDX=000000007e996000
RSI=000000007f7ff988 RDI=000000007e9a2000 RBP=000000007fe96be0 RSP=000000007fe96b60
R8 =00000000000000af R9 =0000000000000002 R10=000000007feb11e8 R11=000000007feae690
R12=000000007e9a1fff R13=000000000000000c R14=000000007e996000 R15=000000007e9a2000
RIP=000000007fead13c RFL=00000206 [-----P-] CPL=0 II=0 A20=1 SMM=0 HLT=0
ES =0030 0000000000000000 ffffffff 00cf9300 DPL=0 DS   [-WA]
CS =0038 0000000000000000 ffffffff 00af9a00 DPL=0 CS64 [-R-]
SS =0030 0000000000000000 ffffffff 00cf9300 DPL=0 DS   [-WA]
DS =0030 0000000000000000 ffffffff 00cf9300 DPL=0 DS   [-WA]
FS =0030 0000000000000000 ffffffff 00cf9300 DPL=0 DS   [-WA]
GS =0030 0000000000000000 ffffffff 00cf9300 DPL=0 DS   [-WA]
LDT=0000 0000000000000000 0000ffff 00008200 DPL=0 LDT
TR =0000 0000000000000000 0000ffff 00008b00 DPL=0 TSS64-busy
GDT=     000000007f5dc000 00000047
IDT=     000000007f138018 00000fff
CR0=80010033 CR2=0000000000000000 CR3=000000007f801000 CR4=00000668
DR0=0000000000000000 DR1=0000000000000000 DR2=0000000000000000 DR3=0000000000000000 
DR6=00000000ffff0ff0 DR7=0000000000000400
CCS=0000000000000004 CCD=000000000000c000 CCO=EFLAGS
EFER=0000000000000d00
Servicing hardware INT=0x20
    30: v=20 e=0000 i=0 cpl=0 IP=0038:000000007f6d7a83 pc=000000007f6d7a83 SP=0030:000000007fe96a90 env->regs[R_EAX]=0000000000000000
RAX=0000000000000000 RBX=0000000000000048 RCX=0000000000000101 RDX=0000000000000064
RSI=0000000000000000 RDI=0000000000000000 RBP=000000007fe96b30 RSP=000000007fe96a90
R8 =0000000000000064 R9 =000000007fe96a38 R10=000000007feb11f8 R11=000000007f6e97d2
R12=000000007fe96b80 R13=000000007ec8e018 R14=0000000000000000 R15=000000007fe96b80
RIP=000000007f6d7a83 RFL=00000246 [---Z-P-] CPL=0 II=0 A20=1 SMM=0 HLT=0
ES =0030 0000000000000000 ffffffff 00cf9300 DPL=0 DS   [-WA]
CS =0038 0000000000000000 ffffffff 00af9a00 DPL=0 CS64 [-R-]
SS =0030 0000000000000000 ffffffff 00cf9300 DPL=0 DS   [-WA]
DS =0030 0000000000000000 ffffffff 00cf9300 DPL=0 DS   [-WA]
FS =0030 0000000000000000 ffffffff 00cf9300 DPL=0 DS   [-WA]
GS =0030 0000000000000000 ffffffff 00cf9300 DPL=0 DS   [-WA]
LDT=0000 0000000000000000 0000ffff 00008200 DPL=0 LDT
TR =0000 0000000000000000 0000ffff 00008b00 DPL=0 TSS64-busy
GDT=     000000007f5dc000 00000047
IDT=     000000007f138018 00000fff
CR0=80010033 CR2=0000000000000000 CR3=000000007f801000 CR4=00000668
DR0=0000000000000000 DR1=0000000000000000 DR2=0000000000000000 DR3=0000000000000000 
DR6=00000000ffff0ff0 DR7=0000000000000400
CCS=0000000000000044 CCD=0000000000000000 CCO=EFLAGS
EFER=0000000000000d00
Servicing hardware INT=0x20
    31: v=20 e=0000 i=0 cpl=0 IP=0038:000000007ecd67c7 pc=000000007ecd67c7 SP=0030:000000007fe96b10 env->regs[R_EAX]=000000007e9a2f38
RAX=000000007e9a2f38 RBX=000000007e99ed98 RCX=000000007ece36e8 RDX=000000007e99ee00
RSI=000000007e99ee18 RDI=000000007e9a1f98 RBP=000000007fe96bb0 RSP=000000007fe96b10
R8 =000000007e9a1f98 R9 =0000000000000014 R10=000000007e99ee18 R11=000000007e99ed98
R12=000000007fe96c08 R13=000000007e9a1f98 R14=000000007fe96c08 R15=0000000000000000
RIP=000000007ecd67c7 RFL=00000246 [---Z-P-] CPL=0 II=0 A20=1 SMM=0 HLT=0
ES =0030 0000000000000000 ffffffff 00cf9300 DPL=0 DS   [-WA]
CS =0038 0000000000000000 ffffffff 00af9a00 DPL=0 CS64 [-R-]
SS =0030 0000000000000000 ffffffff 00cf9300 DPL=0 DS   [-WA]
DS =0030 0000000000000000 ffffffff 00cf9300 DPL=0 DS   [-WA]
FS =0030 0000000000000000 ffffffff 00cf9300 DPL=0 DS   [-WA]
GS =0030 0000000000000000 ffffffff 00cf9300 DPL=0 DS   [-WA]
LDT=0000 0000000000000000 0000ffff 00008200 DPL=0 LDT
TR =0000 0000000000000000 0000ffff 00008b00 DPL=0 TSS64-busy
GDT=     000000007f5dc000 00000047
IDT=     000000007f138018 00000fff
CR0=80010033 CR2=0000000000000000 CR3=000000007f801000 CR4=00000668
DR0=0000000000000000 DR1=0000000000000000 DR2=0000000000000000 DR3=0000000000000000 
DR6=00000000ffff0ff0 DR7=0000000000000400
CCS=0000000000000044 CCD=0000000000000000 CCO=EFLAGS
EFER=0000000000000d00
Servicing hardware INT=0x20
    32: v=20 e=0000 i=0 cpl=0 IP=0038:000000007e94d400 pc=000000007e94d400 SP=0030:000000007fe96ca0 env->regs[R_EAX]=0000000000000000
RAX=0000000000000000 RBX=000000007f5ec018 RCX=000000007ed0dda0 RDX=000000007ece3708
RSI=000000007e971318 RDI=000000007e971418 RBP=000000007fe96cf0 RSP=000000007fe96ca0
R8 =000000007e94d808 R9 =0000000000000100 R10=000000007feb11e8 R11=000000007feae690
R12=0000000000000000 R13=0000000000000000 R14=000000007feb0b80 R15=000000007feaee60
RIP=000000007e94d400 RFL=00000202 [-------] CPL=0 II=0 A20=1 SMM=0 HLT=0
ES =0030 0000000000000000 ffffffff 00cf9300 DPL=0 DS   [-WA]
CS =0038 0000000000000000 ffffffff 00af9a00 DPL=0 CS64 [-R-]
SS =0030 0000000000000000 ffffffff 00cf9300 DPL=0 DS   [-WA]
DS =0030 0000000000000000 ffffffff 00cf9300 DPL=0 DS   [-WA]
FS =0030 0000000000000000 ffffffff 00cf9300 DPL=0 DS   [-WA]
GS =0030 0000000000000000 ffffffff 00cf9300 DPL=0 DS   [-WA]
LDT=0000 0000000000000000 0000ffff 00008200 DPL=0 LDT
TR =0000 0000000000000000 0000ffff 00008b00 DPL=0 TSS64-busy
GDT=     000000007f5dc000 00000047
IDT=     000000007f138018 00000fff
CR0=80010033 CR2=0000000000000000 CR3=000000007f801000 CR4=00000668
DR0=0000000000000000 DR1=0000000000000000 DR2=0000000000000000 DR3=0000000000000000 
DR6=00000000ffff0ff0 DR7=0000000000000400
CCS=0000000000000000 CCD=000000007fe96c68 CCO=EFLAGS
EFER=0000000000000d00
Servicing hardware INT=0x20
    33: v=20 e=0000 i=0 cpl=0 IP=0038:000000007e92039a pc=000000007e92039a SP=0030:000000007fe96980 env->regs[R_EAX]=8000000000000003
RAX=8000000000000003 RBX=000000007e93b098 RCX=000000007ed0dda0 RDX=000000007e923200
RSI=000000007e923160 RDI=000000007e923200 RBP=000000007fe969e0 RSP=000000007fe96980
R8 =000000007fe969b0 R9 =000000007e93c818 R10=0000000000000012 R11=000000007e949b60
R12=8000000000000014 R13=0000000000000006 R14=0000000000000000 R15=0000000000000001
RIP=000000007e92039a RFL=00000286 [--S--P-] CPL=0 II=0 A20=1 SMM=0 HLT=0
ES =0030 0000000000000000 ffffffff 00cf9300 DPL=0 DS   [-WA]
CS =0038 0000000000000000 ffffffff 00af9a00 DPL=0 CS64 [-R-]
SS =0030 0000000000000000 ffffffff 00cf9300 DPL=0 DS   [-WA]
DS =0030 0000000000000000 ffffffff 00cf9300 DPL=0 DS   [-WA]
FS =0030 0000000000000000 ffffffff 00cf9300 DPL=0 DS   [-WA]
GS =0030 0000000000000000 ffffffff 00cf9300 DPL=0 DS   [-WA]
LDT=0000 0000000000000000 0000ffff 00008200 DPL=0 LDT
TR =0000 0000000000000000 0000ffff 00008b00 DPL=0 TSS64-busy
GDT=     000000007f5dc000 00000047
IDT=     000000007f138018 00000fff
CR0=80010033 CR2=0000000000000000 CR3=000000007f801000 CR4=00000668
DR0=0000000000000000 DR1=0000000000000000 DR2=0000000000000000 DR3=0000000000000000 
DR6=00000000ffff0ff0 DR7=0000000000000400
CCS=0000000000000084 CCD=8000000000000003 CCO=EFLAGS
EFER=0000000000000d00
Servicing hardware INT=0x20
    34: v=20 e=0000 i=0 cpl=0 IP=0038:000000007fe9cb9f pc=000000007fe9cb9f SP=0030:000000007fe96990 env->regs[R_EAX]=0000000000000021
RAX=0000000000000021 RBX=0000000000000022 RCX=000000007e94d680 RDX=0000000000000000
RSI=000000007e970f18 RDI=000000007feafc50 RBP=000000007fe969e0 RSP=000000007fe96990
R8 =0000000000000001 R9 =0000000000000000 R10=000000007feb11e8 R11=000000007feae690
R12=000000007e908798 R13=0000000000000000 R14=000000007fe96a88 R15=000000007e907d18
RIP=000000007fe9cb9f RFL=00000207 [-----PC] CPL=0 II=0 A20=1 SMM=0 HLT=0
ES =0030 0000000000000000 ffffffff 00cf9300 DPL=0 DS   [-WA]
CS =0038 0000000000000000 ffffffff 00af9a00 DPL=0 CS64 [-R-]
SS =0030 0000000000000000 ffffffff 00cf9300 DPL=0 DS   [-WA]
DS =0030 0000000000000000 ffffffff 00cf9300 DPL=0 DS   [-WA]
FS =0030 0000000000000000 ffffffff 00cf9300 DPL=0 DS   [-WA]
GS =0030 0000000000000000 ffffffff 00cf9300 DPL=0 DS   [-WA]
LDT=0000 0000000000000000 0000ffff 00008200 DPL=0 LDT
TR =0000 0000000000000000 0000ffff 00008b00 DPL=0 TSS64-busy
GDT=     000000007f5dc000 00000047
IDT=     000000007f138018 00000fff
CR0=80010033 CR2=0000000000000000 CR3=000000007f801000 CR4=00000668
DR0=0000000000000000 DR1=0000000000000000 DR2=0000000000000000 DR3=0000000000000000 
DR6=00000000ffff0ff0 DR7=0000000000000400
CCS=0000000000000005 CCD=0000000000000021 CCO=EFLAGS
EFER=0000000000000d00
Servicing hardware INT=0x20
    35: v=20 e=0000 i=0 cpl=0 IP=0038:000000007fead13a pc=000000007fead13a SP=0030:000000007fe968d0 env->regs[R_EAX]=00000000000000af
RAX=00000000000000af RBX=000000007e74e018 RCX=0000000000080001 RDX=000000007e74e018
RSI=000000007e82f000 RDI=000000007e7ae557 RBP=000000007fe96950 RSP=000000007fe968d0
R8 =00000000000000af R9 =00000000000e1000 R10=000000007f204030 R11=000000007f2f4e98
R12=00000000000e0568 R13=000000000000000c R14=00000000000000e1 R15=000000007f204034
RIP=000000007fead13a RFL=00010202 [-------] CPL=0 II=0 A20=1 SMM=0 HLT=0
ES =0030 0000000000000000 ffffffff 00cf9300 DPL=0 DS   [-WA]
CS =0038 0000000000000000 ffffffff 00af9a00 DPL=0 CS64 [-R-]
SS =0030 0000000000000000 ffffffff 00cf9300 DPL=0 DS   [-WA]
DS =0030 0000000000000000 ffffffff 00cf9300 DPL=0 DS   [-WA]
FS =0030 0000000000000000 ffffffff 00cf9300 DPL=0 DS   [-WA]
GS =0030 0000000000000000 ffffffff 00cf9300 DPL=0 DS   [-WA]
LDT=0000 0000000000000000 0000ffff 00008200 DPL=0 LDT
TR =0000 0000000000000000 0000ffff 00008b00 DPL=0 TSS64-busy
GDT=     000000007f5dc000 00000047
IDT=     000000007f138018 00000fff
CR0=80010033 CR2=0000000000000000 CR3=000000007f801000 CR4=00000668
DR0=0000000000000000 DR1=0000000000000000 DR2=0000000000000000 DR3=0000000000000000 
DR6=00000000ffff0ff0 DR7=0000000000000400
CCS=0000000000000000 CCD=00000000000e0540 CCO=EFLAGS
EFER=0000000000000d00
Servicing hardware INT=0x20
    36: v=20 e=0000 i=0 cpl=0 IP=0038:000000007e6831e5 pc=000000007e6831e5 SP=0030:000000007fe96b20 env->regs[R_EAX]=0000000000000001
RAX=0000000000000001 RBX=000000007e8c00a8 RCX=000000007ed0dda0 RDX=0000000000000000
RSI=000000007e707ee4 RDI=0000000000000030 RBP=000000007fe96b40 RSP=000000007fe96b20
R8 =00000000000000af R9 =0000000000000080 R10=000000007feb11d8 R11=000000007feae690
R12=0000000000000005 R13=0000000000000000 R14=000000007feb0b80 R15=000000007feaee60
RIP=000000007e6831e5 RFL=00000202 [-------] CPL=0 II=0 A20=1 SMM=0 HLT=0
ES =0030 0000000000000000 ffffffff 00cf9300 DPL=0 DS   [-WA]
CS =0038 0000000000000000 ffffffff 00af9a00 DPL=0 CS64 [-R-]
SS =0030 0000000000000000 ffffffff 00cf9300 DPL=0 DS   [-WA]
DS =0030 0000000000000000 ffffffff 00cf9300 DPL=0 DS   [-WA]
FS =0030 0000000000000000 ffffffff 00cf9300 DPL=0 DS   [-WA]
GS =0030 0000000000000000 ffffffff 00cf9300 DPL=0 DS   [-WA]
LDT=0000 0000000000000000 0000ffff 00008200 DPL=0 LDT
TR =0000 0000000000000000 0000ffff 00008b00 DPL=0 TSS64-busy
GDT=     000000007f5dc000 00000047
IDT=     000000007f138018 00000fff
CR0=80010033 CR2=0000000000000000 CR3=000000007f801000 CR4=00000668
DR0=0000000000000000 DR1=0000000000000000 DR2=0000000000000000 DR3=0000000000000000 
DR6=00000000ffff0ff0 DR7=0000000000000400
CCS=0000000000000000 CCD=0000000000000001 CCO=EFLAGS
EFER=0000000000000d00
Servicing hardware INT=0x20
    37: v=20 e=0000 i=0 cpl=0 IP=0038:000000007e6a5e97 pc=000000007e6a5e97 SP=0030:000000007fe96778 env->regs[R_EAX]=000000007e748c00
RAX=000000007e748c00 RBX=000000007e87d228 RCX=0000000000000008 RDX=0000000000000000
RSI=000000007e70cf18 RDI=000000007e748c00 RBP=000000007fe967f0 RSP=000000007fe96778
R8 =0000000000001100 R9 =00000000749385af R10=0000000000000020 R11=000000007feae690
R12=000000007e70cf18 R13=000000007e8c0928 R14=0000000000002f05 R15=0000000000000000
RIP=000000007e6a5e97 RFL=00000246 [---Z-P-] CPL=0 II=0 A20=1 SMM=0 HLT=0
ES =0030 0000000000000000 ffffffff 00cf9300 DPL=0 DS   [-WA]
CS =0038 0000000000000000 ffffffff 00af9a00 DPL=0 CS64 [-R-]
SS =0030 0000000000000000 ffffffff 00cf9300 DPL=0 DS   [-WA]
DS =0030 0000000000000000 ffffffff 00cf9300 DPL=0 DS   [-WA]
FS =0030 0000000000000000 ffffffff 00cf9300 DPL=0 DS   [-WA]
GS =0030 0000000000000000 ffffffff 00cf9300 DPL=0 DS   [-WA]
LDT=0000 0000000000000000 0000ffff 00008200 DPL=0 LDT
TR =0000 0000000000000000 0000ffff 00008b00 DPL=0 TSS64-busy
GDT=     000000007f5dc000 00000047
IDT=     000000007f138018 00000fff
CR0=80010033 CR2=0000000000000000 CR3=000000007f801000 CR4=00000668
DR0=0000000000000000 DR1=0000000000000000 DR2=0000000000000000 DR3=0000000000000000 
DR6=00000000ffff0ff0 DR7=0000000000000400
CCS=0000000000000044 CCD=0000000000000000 CCO=EFLAGS
EFER=0000000000000d00
Servicing hardware INT=0x20
    38: v=20 e=0000 i=0 cpl=0 IP=0038:000000007e6c1490 pc=000000007e6c1490 SP=0030:000000007fe96ba0 env->regs[R_EAX]=000000007e85c7a8
RAX=000000007e85c7a8 RBX=000000007e85c7a8 RCX=0000000000000000 RDX=000000007e85c7a8
RSI=000000007e707ee4 RDI=0000000000000080 RBP=000000007fe96bb0 RSP=000000007fe96ba0
R8 =0000000000000000 R9 =0000000000000080 R10=000000007feb11d8 R11=000000007feae690
R12=000000007e707ee4 R13=0000000000000000 R14=000000007e85c028 R15=000000007feaee60
RIP=000000007e6c1490 RFL=00000202 [-------] CPL=0 II=0 A20=1 SMM=0 HLT=0
ES =0030 0000000000000000 ffffffff 00cf9300 DPL=0 DS   [-WA]
CS =0038 0000000000000000 ffffffff 00af9a00 DPL=0 CS64 [-R-]
SS =0030 0000000000000000 ffffffff 00cf9300 DPL=0 DS   [-WA]
DS =0030 0000000000000000 ffffffff 00cf9300 DPL=0 DS   [-WA]
FS =0030 0000000000000000 ffffffff 00cf9300 DPL=0 DS   [-WA]
GS =0030 0000000000000000 ffffffff 00cf9300 DPL=0 DS   [-WA]
LDT=0000 0000000000000000 0000ffff 00008200 DPL=0 LDT
TR =0000 0000000000000000 0000ffff 00008b00 DPL=0 TSS64-busy
GDT=     000000007f5dc000 00000047
IDT=     000000007f138018 00000fff
CR0=80010033 CR2=0000000000000000 CR3=000000007f801000 CR4=00000668
DR0=0000000000000000 DR1=0000000000000000 DR2=0000000000000000 DR3=0000000000000000 
DR6=00000000ffff0ff0 DR7=0000000000000400
CCS=0000000000000000 CCD=000000007e85c7a8 CCO=EFLAGS
EFER=0000000000000d00
Servicing hardware INT=0x20
    39: v=20 e=0000 i=0 cpl=0 IP=0038:000000007e696bd5 pc=000000007e696bd5 SP=0030:000000007fe96a18 env->regs[R_EAX]=0000000000000000
RAX=0000000000000000 RBX=000000007fe96b38 RCX=000000007e7005c0 RDX=000000007e730b40
RSI=0000000000000000 RDI=0000000000000000 RBP=000000007fe96a50 RSP=000000007fe96a18
R8 =0000000000000000 R9 =000000007e68fdf4 R10=000000007feb11f8 R11=000000007feae690
R12=0000000000000000 R13=000000007e7005c0 R14=0000000000000000 R15=000000007e730b40
RIP=000000007e696bd5 RFL=00000246 [---Z-P-] CPL=0 II=0 A20=1 SMM=0 HLT=0
ES =0030 0000000000000000 ffffffff 00cf9300 DPL=0 DS   [-WA]
CS =0038 0000000000000000 ffffffff 00af9a00 DPL=0 CS64 [-R-]
SS =0030 0000000000000000 ffffffff 00cf9300 DPL=0 DS   [-WA]
DS =0030 0000000000000000 ffffffff 00cf9300 DPL=0 DS   [-WA]
FS =0030 0000000000000000 ffffffff 00cf9300 DPL=0 DS   [-WA]
GS =0030 0000000000000000 ffffffff 00cf9300 DPL=0 DS   [-WA]
LDT=0000 0000000000000000 0000ffff 00008200 DPL=0 LDT
TR =0000 0000000000000000 0000ffff 00008b00 DPL=0 TSS64-busy
GDT=     000000007f5dc000 00000047
IDT=     000000007f138018 00000fff
CR0=80010033 CR2=0000000000000000 CR3=000000007f801000 CR4=00000668
DR0=0000000000000000 DR1=0000000000000000 DR2=0000000000000000 DR3=0000000000000000 
DR6=00000000ffff0ff0 DR7=0000000000000400
CCS=0000000000000044 CCD=000000007fe96a60 CCO=EFLAGS
EFER=0000000000000d00
Servicing hardware INT=0x20
    40: v=20 e=0000 i=0 cpl=0 IP=0038:000000007f6e973c pc=000000007f6e973c SP=0030:000000007fe96830 env->regs[R_EAX]=0000000000000000
RAX=0000000000000000 RBX=00000000ffc000ac RCX=0000000000000101 RDX=0000000000000000
RSI=0000000000000010 RDI=00000000ffc000b4 RBP=000000007fe96860 RSP=000000007fe96830
R8 =00000000000000ac R9 =000000007fe96928 R10=000000007feb11d8 R11=000000007f6e97d2
R12=00000000ffc000b4 R13=0000000000000010 R14=0000000000000008 R15=000000007fe96928
RIP=000000007f6e973c RFL=00000246 [---Z-P-] CPL=0 II=0 A20=1 SMM=0 HLT=0
ES =0030 0000000000000000 ffffffff 00cf9300 DPL=0 DS   [-WA]
CS =0038 0000000000000000 ffffffff 00af9a00 DPL=0 CS64 [-R-]
SS =0030 0000000000000000 ffffffff 00cf9300 DPL=0 DS   [-WA]
DS =0030 0000000000000000 ffffffff 00cf9300 DPL=0 DS   [-WA]
FS =0030 0000000000000000 ffffffff 00cf9300 DPL=0 DS   [-WA]
GS =0030 0000000000000000 ffffffff 00cf9300 DPL=0 DS   [-WA]
LDT=0000 0000000000000000 0000ffff 00008200 DPL=0 LDT
TR =0000 0000000000000000 0000ffff 00008b00 DPL=0 TSS64-busy
GDT=     000000007f5dc000 00000047
IDT=     000000007f138018 00000fff
CR0=80010033 CR2=0000000000000000 CR3=000000007f801000 CR4=00000668
DR0=0000000000000000 DR1=0000000000000000 DR2=0000000000000000 DR3=0000000000000000 
DR6=00000000ffff0ff0 DR7=0000000000000400
CCS=0000000000000044 CCD=0000000000000000 CCO=EFLAGS
EFER=0000000000000d00
Servicing hardware INT=0x20
    41: v=20 e=0000 i=0 cpl=0 IP=0038:000000007f6e973c pc=000000007f6e973c SP=0030:000000007fe96830 env->regs[R_EAX]=0000000000000000
RAX=0000000000000000 RBX=00000000ffc00114 RCX=0000000000000101 RDX=0000000000000000
RSI=0000000000000010 RDI=00000000ffc00114 RBP=000000007fe96860 RSP=000000007fe96830
R8 =0000000000000114 R9 =000000007fe96928 R10=000000007e840318 R11=000000007f6e97d2
R12=00000000ffc00114 R13=0000000000000010 R14=0000000000000000 R15=000000007fe96928
RIP=000000007f6e973c RFL=00000246 [---Z-P-] CPL=0 II=0 A20=1 SMM=0 HLT=0
ES =0030 0000000000000000 ffffffff 00cf9300 DPL=0 DS   [-WA]
CS =0038 0000000000000000 ffffffff 00af9a00 DPL=0 CS64 [-R-]
SS =0030 0000000000000000 ffffffff 00cf9300 DPL=0 DS   [-WA]
DS =0030 0000000000000000 ffffffff 00cf9300 DPL=0 DS   [-WA]
FS =0030 0000000000000000 ffffffff 00cf9300 DPL=0 DS   [-WA]
GS =0030 0000000000000000 ffffffff 00cf9300 DPL=0 DS   [-WA]
LDT=0000 0000000000000000 0000ffff 00008200 DPL=0 LDT
TR =0000 0000000000000000 0000ffff 00008b00 DPL=0 TSS64-busy
GDT=     000000007f5dc000 00000047
IDT=     000000007f138018 00000fff
CR0=80010033 CR2=0000000000000000 CR3=000000007f801000 CR4=00000668
DR0=0000000000000000 DR1=0000000000000000 DR2=0000000000000000 DR3=0000000000000000 
DR6=00000000ffff0ff0 DR7=0000000000000400
CCS=0000000000000044 CCD=0000000000000000 CCO=EFLAGS
EFER=0000000000000d00
Servicing hardware INT=0x20
    42: v=20 e=0000 i=0 cpl=0 IP=0038:000000007f6d4ff8 pc=000000007f6d4ff8 SP=0030:000000007fe96978 env->regs[R_EAX]=000000007f5cb198
RAX=000000007f5cb198 RBX=0000000000000469 RCX=00000000000000ce RDX=000000007f5ec8b0
RSI=0000000000000001 RDI=0000000000000000 RBP=000000007fe96a20 RSP=000000007fe96978
R8 =0000000000000001 R9 =000000007ec8e01a R10=000000007e840318 R11=000000007f6e97d2
R12=000000007fe96a70 R13=000000007ec8e018 R14=0000000000000000 R15=000000007fe96a70
RIP=000000007f6d4ff8 RFL=00000202 [-------] CPL=0 II=0 A20=1 SMM=0 HLT=0
ES =0030 0000000000000000 ffffffff 00cf9300 DPL=0 DS   [-WA]
CS =0038 0000000000000000 ffffffff 00af9a00 DPL=0 CS64 [-R-]
SS =0030 0000000000000000 ffffffff 00cf9300 DPL=0 DS   [-WA]
DS =0030 0000000000000000 ffffffff 00cf9300 DPL=0 DS   [-WA]
FS =0030 0000000000000000 ffffffff 00cf9300 DPL=0 DS   [-WA]
GS =0030 0000000000000000 ffffffff 00cf9300 DPL=0 DS   [-WA]
LDT=0000 0000000000000000 0000ffff 00008200 DPL=0 LDT
TR =0000 0000000000000000 0000ffff 00008b00 DPL=0 TSS64-busy
GDT=     000000007f5dc000 00000047
IDT=     000000007f138018 00000fff
CR0=80010033 CR2=0000000000000000 CR3=000000007f801000 CR4=00000668
DR0=0000000000000000 DR1=0000000000000000 DR2=0000000000000000 DR3=0000000000000000 
DR6=00000000ffff0ff0 DR7=0000000000000400
CCS=0000000000000000 CCD=00000000000000ce CCO=EFLAGS
EFER=0000000000000d00
Servicing hardware INT=0x20
    43: v=20 e=0000 i=0 cpl=0 IP=0038:000000007ecff26e pc=000000007ecff26e SP=0030:000000007fe96498 env->regs[R_EAX]=000000007ed0dda0
RAX=000000007ed0dda0 RBX=0000000000000010 RCX=000000007ed0dda0 RDX=000000007feb0c50
RSI=0000000000000000 RDI=0000000000000001 RBP=000000007fe964d0 RSP=000000007fe96498
R8 =000000007fe9646c R9 =000000007fe96470 R10=000000007e840318 R11=000000007f6e97d2
R12=000000007fe96a70 R13=000000007ec8e018 R14=0000000000000000 R15=000000007fe96a70
RIP=000000007ecff26e RFL=00000206 [-----P-] CPL=0 II=0 A20=1 SMM=0 HLT=0
ES =0030 0000000000000000 ffffffff 00cf9300 DPL=0 DS   [-WA]
CS =0038 0000000000000000 ffffffff 00af9a00 DPL=0 CS64 [-R-]
SS =0030 0000000000000000 ffffffff 00cf9300 DPL=0 DS   [-WA]
DS =0030 0000000000000000 ffffffff 00cf9300 DPL=0 DS   [-WA]
FS =0030 0000000000000000 ffffffff 00cf9300 DPL=0 DS   [-WA]
GS =0030 0000000000000000 ffffffff 00cf9300 DPL=0 DS   [-WA]
LDT=0000 0000000000000000 0000ffff 00008200 DPL=0 LDT
TR =0000 0000000000000000 0000ffff 00008b00 DPL=0 TSS64-busy
GDT=     000000007f5dc000 00000047
IDT=     000000007f138018 00000fff
CR0=80010033 CR2=0000000000000000 CR3=000000007f801000 CR4=00000668
DR0=0000000000000000 DR1=0000000000000000 DR2=0000000000000000 DR3=0000000000000000 
DR6=00000000ffff0ff0 DR7=0000000000000400
CCS=0000000000000020 CCD=000000007fe964a0 CCO=SUBQ
EFER=0000000000000d00
Servicing hardware INT=0x20
    44: v=20 e=0000 i=0 cpl=0 IP=0038:000000007f6d7c7e pc=000000007f6d7c7e SP=0030:000000007fe96980 env->regs[R_EAX]=000000007f5cb198
RAX=000000007f5cb198 RBX=0000000000000000 RCX=0000000000000000 RDX=000000007ec8e018
RSI=0000000000000000 RDI=0000000000000000 RBP=000000007fe96a20 RSP=000000007fe96980
R8 =0000000000000006 R9 =000000007fe969c7 R10=000000007f6daac0 R11=000000007f6e97d2
R12=000000007fe96a70 R13=000000007ec8e018 R14=0000000000000000 R15=000000007fe969c8
RIP=000000007f6d7c7e RFL=00000246 [---Z-P-] CPL=0 II=0 A20=1 SMM=0 HLT=0
ES =0030 0000000000000000 ffffffff 00cf9300 DPL=0 DS   [-WA]
CS =0038 0000000000000000 ffffffff 00af9a00 DPL=0 CS64 [-R-]
SS =0030 0000000000000000 ffffffff 00cf9300 DPL=0 DS   [-WA]
DS =0030 0000000000000000 ffffffff 00cf9300 DPL=0 DS   [-WA]
FS =0030 0000000000000000 ffffffff 00cf9300 DPL=0 DS   [-WA]
GS =0030 0000000000000000 ffffffff 00cf9300 DPL=0 DS   [-WA]
LDT=0000 0000000000000000 0000ffff 00008200 DPL=0 LDT
TR =0000 0000000000000000 0000ffff 00008b00 DPL=0 TSS64-busy
GDT=     000000007f5dc000 00000047
IDT=     000000007f138018 00000fff
CR0=80010033 CR2=0000000000000000 CR3=000000007f801000 CR4=00000668
DR0=0000000000000000 DR1=0000000000000000 DR2=0000000000000000 DR3=0000000000000000 
DR6=00000000ffff0ff0 DR7=0000000000000400
CCS=0000000000000044 CCD=0000000000000000 CCO=EFLAGS
EFER=0000000000000d00
Servicing hardware INT=0x20
    45: v=20 e=0000 i=0 cpl=0 IP=0038:000000007f6e973c pc=000000007f6e973c SP=0030:000000007fe96830 env->regs[R_EAX]=0000000000000000
RAX=0000000000000000 RBX=00000000ffc005e8 RCX=0000000000000101 RDX=0000000000000000
RSI=0000000000000010 RDI=00000000ffc006e6 RBP=000000007fe96860 RSP=000000007fe96830
R8 =00000000000005e8 R9 =000000007fe96928 R10=000000007e840318 R11=000000007f6e97d2
R12=00000000ffc006e6 R13=0000000000000010 R14=00000000000000fe R15=000000007fe96928
RIP=000000007f6e973c RFL=00000246 [---Z-P-] CPL=0 II=0 A20=1 SMM=0 HLT=0
ES =0030 0000000000000000 ffffffff 00cf9300 DPL=0 DS   [-WA]
CS =0038 0000000000000000 ffffffff 00af9a00 DPL=0 CS64 [-R-]
SS =0030 0000000000000000 ffffffff 00cf9300 DPL=0 DS   [-WA]
DS =0030 0000000000000000 ffffffff 00cf9300 DPL=0 DS   [-WA]
FS =0030 0000000000000000 ffffffff 00cf9300 DPL=0 DS   [-WA]
GS =0030 0000000000000000 ffffffff 00cf9300 DPL=0 DS   [-WA]
LDT=0000 0000000000000000 0000ffff 00008200 DPL=0 LDT
TR =0000 0000000000000000 0000ffff 00008b00 DPL=0 TSS64-busy
GDT=     000000007f5dc000 00000047
IDT=     000000007f138018 00000fff
CR0=80010033 CR2=0000000000000000 CR3=000000007f801000 CR4=00000668
DR0=0000000000000000 DR1=0000000000000000 DR2=0000000000000000 DR3=0000000000000000 
DR6=00000000ffff0ff0 DR7=0000000000000400
CCS=0000000000000044 CCD=0000000000000000 CCO=EFLAGS
EFER=0000000000000d00
Servicing hardware INT=0x20
    46: v=20 e=0000 i=0 cpl=0 IP=0038:000000007f6e973c pc=000000007f6e973c SP=0030:000000007fe96830 env->regs[R_EAX]=0000000000000000
RAX=0000000000000000 RBX=00000000ffc005e8 RCX=0000000000000101 RDX=0000000000000000
RSI=0000000000000010 RDI=00000000ffc006e9 RBP=000000007fe96860 RSP=000000007fe96830
R8 =00000000000005e8 R9 =000000007fe96928 R10=000000007e840318 R11=000000007f6e97d2
R12=00000000ffc006e9 R13=0000000000000010 R14=0000000000000101 R15=000000007fe96928
RIP=000000007f6e973c RFL=00000246 [---Z-P-] CPL=0 II=0 A20=1 SMM=0 HLT=0
ES =0030 0000000000000000 ffffffff 00cf9300 DPL=0 DS   [-WA]
CS =0038 0000000000000000 ffffffff 00af9a00 DPL=0 CS64 [-R-]
SS =0030 0000000000000000 ffffffff 00cf9300 DPL=0 DS   [-WA]
DS =0030 0000000000000000 ffffffff 00cf9300 DPL=0 DS   [-WA]
FS =0030 0000000000000000 ffffffff 00cf9300 DPL=0 DS   [-WA]
GS =0030 0000000000000000 ffffffff 00cf9300 DPL=0 DS   [-WA]
LDT=0000 0000000000000000 0000ffff 00008200 DPL=0 LDT
TR =0000 0000000000000000 0000ffff 00008b00 DPL=0 TSS64-busy
GDT=     000000007f5dc000 00000047
IDT=     000000007f138018 00000fff
CR0=80010033 CR2=0000000000000000 CR3=000000007f801000 CR4=00000668
DR0=0000000000000000 DR1=0000000000000000 DR2=0000000000000000 DR3=0000000000000000 
DR6=00000000ffff0ff0 DR7=0000000000000400
CCS=0000000000000044 CCD=0000000000000000 CCO=EFLAGS
EFER=0000000000000d00
Servicing hardware INT=0x20
    47: v=20 e=0000 i=0 cpl=0 IP=0038:000000007f6e973c pc=000000007f6e973c SP=0030:000000007fe96830 env->regs[R_EAX]=0000000000000000
RAX=0000000000000000 RBX=00000000ffc005e8 RCX=0000000000000101 RDX=0000000000000000
RSI=0000000000000000 RDI=00000000ffc0070e RBP=000000007fe96860 RSP=000000007fe96830
R8 =00000000000005e8 R9 =000000007fe96928 R10=000000007e840318 R11=000000007f6e97d2
R12=00000000ffc0070e R13=0000000000000000 R14=0000000000000127 R15=000000007fe96928
RIP=000000007f6e973c RFL=00000246 [---Z-P-] CPL=0 II=0 A20=1 SMM=0 HLT=0
ES =0030 0000000000000000 ffffffff 00cf9300 DPL=0 DS   [-WA]
CS =0038 0000000000000000 ffffffff 00af9a00 DPL=0 CS64 [-R-]
SS =0030 0000000000000000 ffffffff 00cf9300 DPL=0 DS   [-WA]
DS =0030 0000000000000000 ffffffff 00cf9300 DPL=0 DS   [-WA]
FS =0030 0000000000000000 ffffffff 00cf9300 DPL=0 DS   [-WA]
GS =0030 0000000000000000 ffffffff 00cf9300 DPL=0 DS   [-WA]
LDT=0000 0000000000000000 0000ffff 00008200 DPL=0 LDT
TR =0000 0000000000000000 0000ffff 00008b00 DPL=0 TSS64-busy
GDT=     000000007f5dc000 00000047
IDT=     000000007f138018 00000fff
CR0=80010033 CR2=0000000000000000 CR3=000000007f801000 CR4=00000668
DR0=0000000000000000 DR1=0000000000000000 DR2=0000000000000000 DR3=0000000000000000 
DR6=00000000ffff0ff0 DR7=0000000000000400
CCS=0000000000000044 CCD=0000000000000000 CCO=EFLAGS
EFER=0000000000000d00
Servicing hardware INT=0x20
    48: v=20 e=0000 i=0 cpl=0 IP=0038:000000007f6e973c pc=000000007f6e973c SP=0030:000000007fe96830 env->regs[R_EAX]=0000000000000000
RAX=0000000000000000 RBX=00000000ffc005e8 RCX=0000000000000101 RDX=0000000000000000
RSI=0000000000000010 RDI=00000000ffc00738 RBP=000000007fe96860 RSP=000000007fe96830
R8 =00000000000005e8 R9 =000000007fe96928 R10=000000007e840318 R11=000000007f6e97d2
R12=00000000ffc00738 R13=0000000000000010 R14=0000000000000150 R15=000000007fe96928
RIP=000000007f6e973c RFL=00000246 [---Z-P-] CPL=0 II=0 A20=1 SMM=0 HLT=0
ES =0030 0000000000000000 ffffffff 00cf9300 DPL=0 DS   [-WA]
CS =0038 0000000000000000 ffffffff 00af9a00 DPL=0 CS64 [-R-]
SS =0030 0000000000000000 ffffffff 00cf9300 DPL=0 DS   [-WA]
DS =0030 0000000000000000 ffffffff 00cf9300 DPL=0 DS   [-WA]
FS =0030 0000000000000000 ffffffff 00cf9300 DPL=0 DS   [-WA]
GS =0030 0000000000000000 ffffffff 00cf9300 DPL=0 DS   [-WA]
LDT=0000 0000000000000000 0000ffff 00008200 DPL=0 LDT
TR =0000 0000000000000000 0000ffff 00008b00 DPL=0 TSS64-busy
GDT=     000000007f5dc000 00000047
IDT=     000000007f138018 00000fff
CR0=80010033 CR2=0000000000000000 CR3=000000007f801000 CR4=00000668
DR0=0000000000000000 DR1=0000000000000000 DR2=0000000000000000 DR3=0000000000000000 
DR6=00000000ffff0ff0 DR7=0000000000000400
CCS=0000000000000044 CCD=0000000000000000 CCO=EFLAGS
EFER=0000000000000d00
Servicing hardware INT=0x20
    49: v=20 e=0000 i=0 cpl=0 IP=0038:000000007f6e973c pc=000000007f6e973c SP=0030:000000007fe96830 env->regs[R_EAX]=0000000000000000
RAX=0000000000000000 RBX=00000000ffc005e8 RCX=0000000000000101 RDX=0000000000000000
RSI=0000000000000000 RDI=00000000ffc00806 RBP=000000007fe96860 RSP=000000007fe96830
R8 =00000000000005e8 R9 =000000007fe96928 R10=000000007e840318 R11=000000007f6e97d2
R12=00000000ffc00806 R13=0000000000000000 R14=000000000000021f R15=000000007fe96928
RIP=000000007f6e973c RFL=00000246 [---Z-P-] CPL=0 II=0 A20=1 SMM=0 HLT=0
ES =0030 0000000000000000 ffffffff 00cf9300 DPL=0 DS   [-WA]
CS =0038 0000000000000000 ffffffff 00af9a00 DPL=0 CS64 [-R-]
SS =0030 0000000000000000 ffffffff 00cf9300 DPL=0 DS   [-WA]
DS =0030 0000000000000000 ffffffff 00cf9300 DPL=0 DS   [-WA]
FS =0030 0000000000000000 ffffffff 00cf9300 DPL=0 DS   [-WA]
GS =0030 0000000000000000 ffffffff 00cf9300 DPL=0 DS   [-WA]
LDT=0000 0000000000000000 0000ffff 00008200 DPL=0 LDT
TR =0000 0000000000000000 0000ffff 00008b00 DPL=0 TSS64-busy
GDT=     000000007f5dc000 00000047
IDT=     000000007f138018 00000fff
CR0=80010033 CR2=0000000000000000 CR3=000000007f801000 CR4=00000668
DR0=0000000000000000 DR1=0000000000000000 DR2=0000000000000000 DR3=0000000000000000 
DR6=00000000ffff0ff0 DR7=0000000000000400
CCS=0000000000000044 CCD=0000000000000000 CCO=EFLAGS
EFER=0000000000000d00
Servicing hardware INT=0x20
    50: v=20 e=0000 i=0 cpl=0 IP=0038:000000007fead13c pc=000000007fead13c SP=0030:000000007fe96970 env->regs[R_EAX]=00000000000000af
RAX=00000000000000af RBX=0000000000000fff RCX=0000000000000000 RDX=000000007e83f000
RSI=000000007f7ff988 RDI=000000007e840000 RBP=000000007fe969f0 RSP=000000007fe96970
R8 =00000000000000af R9 =0000000000000002 R10=000000007f6daac0 R11=000000007f6daac0
R12=000000007e83ffff R13=0000000000000001 R14=000000007e83f000 R15=000000007e840000
RIP=000000007fead13c RFL=00000206 [-----P-] CPL=0 II=0 A20=1 SMM=0 HLT=0
ES =0030 0000000000000000 ffffffff 00cf9300 DPL=0 DS   [-WA]
CS =0038 0000000000000000 ffffffff 00af9a00 DPL=0 CS64 [-R-]
SS =0030 0000000000000000 ffffffff 00cf9300 DPL=0 DS   [-WA]
DS =0030 0000000000000000 ffffffff 00cf9300 DPL=0 DS   [-WA]
FS =0030 0000000000000000 ffffffff 00cf9300 DPL=0 DS   [-WA]
GS =0030 0000000000000000 ffffffff 00cf9300 DPL=0 DS   [-WA]
LDT=0000 0000000000000000 0000ffff 00008200 DPL=0 LDT
TR =0000 0000000000000000 0000ffff 00008b00 DPL=0 TSS64-busy
GDT=     000000007f5dc000 00000047
IDT=     000000007f138018 00000fff
CR0=80010033 CR2=0000000000000000 CR3=000000007f801000 CR4=00000668
DR0=0000000000000000 DR1=0000000000000000 DR2=0000000000000000 DR3=0000000000000000 
DR6=00000000ffff0ff0 DR7=0000000000000400
CCS=0000000000000004 CCD=0000000000001000 CCO=EFLAGS
EFER=0000000000000d00
Servicing hardware INT=0x20
    51: v=20 e=0000 i=0 cpl=0 IP=0038:000000007ecff26e pc=000000007ecff26e SP=0030:000000007fe967a8 env->regs[R_EAX]=000000007ed0dda0
RAX=000000007ed0dda0 RBX=0000000000000010 RCX=000000007ed0dda0 RDX=000000007feaf900
RSI=000000007feb0be0 RDI=0000000000000001 RBP=000000007fe967e0 RSP=000000007fe967a8
R8 =000000007feb0be0 R9 =0000000100000000 R10=000000007f6daac0 R11=000000007f6daac0
R12=000000007e83f000 R13=0000000000000004 R14=000000000002600f R15=000000007feaf950
RIP=000000007ecff26e RFL=00000202 [-------] CPL=0 II=0 A20=1 SMM=0 HLT=0
ES =0030 0000000000000000 ffffffff 00cf9300 DPL=0 DS   [-WA]
CS =0038 0000000000000000 ffffffff 00af9a00 DPL=0 CS64 [-R-]
SS =0030 0000000000000000 ffffffff 00cf9300 DPL=0 DS   [-WA]
DS =0030 0000000000000000 ffffffff 00cf9300 DPL=0 DS   [-WA]
FS =0030 0000000000000000 ffffffff 00cf9300 DPL=0 DS   [-WA]
GS =0030 0000000000000000 ffffffff 00cf9300 DPL=0 DS   [-WA]
LDT=0000 0000000000000000 0000ffff 00008200 DPL=0 LDT
TR =0000 0000000000000000 0000ffff 00008b00 DPL=0 TSS64-busy
GDT=     000000007f5dc000 00000047
IDT=     000000007f138018 00000fff
CR0=80010033 CR2=0000000000000000 CR3=000000007f801000 CR4=00000668
DR0=0000000000000000 DR1=0000000000000000 DR2=0000000000000000 DR3=0000000000000000 
DR6=00000000ffff0ff0 DR7=0000000000000400
CCS=0000000000000020 CCD=000000007fe967b0 CCO=SUBQ
EFER=0000000000000d00
Servicing hardware INT=0x20
    52: v=20 e=0000 i=0 cpl=0 IP=0038:000000007f6e973c pc=000000007f6e973c SP=0030:000000007fe96830 env->regs[R_EAX]=0000000000000000
RAX=0000000000000000 RBX=00000000ffc00a56 RCX=0000000000000101 RDX=0000000000000000
RSI=0000000000000010 RDI=00000000ffc00a56 RBP=000000007fe96860 RSP=000000007fe96830
R8 =0000000000000a56 R9 =000000007fe96928 R10=000000007f6daac0 R11=000000007f6e97d2
R12=00000000ffc00a56 R13=0000000000000010 R14=0000000000000000 R15=000000007fe96928
RIP=000000007f6e973c RFL=00000246 [---Z-P-] CPL=0 II=0 A20=1 SMM=0 HLT=0
ES =0030 0000000000000000 ffffffff 00cf9300 DPL=0 DS   [-WA]
CS =0038 0000000000000000 ffffffff 00af9a00 DPL=0 CS64 [-R-]
SS =0030 0000000000000000 ffffffff 00cf9300 DPL=0 DS   [-WA]
DS =0030 0000000000000000 ffffffff 00cf9300 DPL=0 DS   [-WA]
FS =0030 0000000000000000 ffffffff 00cf9300 DPL=0 DS   [-WA]
GS =0030 0000000000000000 ffffffff 00cf9300 DPL=0 DS   [-WA]
LDT=0000 0000000000000000 0000ffff 00008200 DPL=0 LDT
TR =0000 0000000000000000 0000ffff 00008b00 DPL=0 TSS64-busy
GDT=     000000007f5dc000 00000047
IDT=     000000007f138018 00000fff
CR0=80010033 CR2=0000000000000000 CR3=000000007f801000 CR4=00000668
DR0=0000000000000000 DR1=0000000000000000 DR2=0000000000000000 DR3=0000000000000000 
DR6=00000000ffff0ff0 DR7=0000000000000400
CCS=0000000000000044 CCD=0000000000000000 CCO=EFLAGS
EFER=0000000000000d00
Servicing hardware INT=0x20
    53: v=20 e=0000 i=0 cpl=0 IP=0038:000000007ecff26e pc=000000007ecff26e SP=0030:000000007fe96358 env->regs[R_EAX]=000000007ed0dda0
RAX=000000007ed0dda0 RBX=0000000000000010 RCX=000000007ed0dda0 RDX=000000007feb0c50
RSI=0000000000000000 RDI=0000000000000001 RBP=000000007fe96390 RSP=000000007fe96358
R8 =000000007fe9632c R9 =000000007fe96330 R10=000000007f6daac0 R11=000000007f6e97d2
R12=00000000ffc00a56 R13=0000000000000010 R14=0000000000000000 R15=000000007fe96928
RIP=000000007ecff26e RFL=00000206 [-----P-] CPL=0 II=0 A20=1 SMM=0 HLT=0
ES =0030 0000000000000000 ffffffff 00cf9300 DPL=0 DS   [-WA]
CS =0038 0000000000000000 ffffffff 00af9a00 DPL=0 CS64 [-R-]
SS =0030 0000000000000000 ffffffff 00cf9300 DPL=0 DS   [-WA]
DS =0030 0000000000000000 ffffffff 00cf9300 DPL=0 DS   [-WA]
FS =0030 0000000000000000 ffffffff 00cf9300 DPL=0 DS   [-WA]
GS =0030 0000000000000000 ffffffff 00cf9300 DPL=0 DS   [-WA]
LDT=0000 0000000000000000 0000ffff 00008200 DPL=0 LDT
TR =0000 0000000000000000 0000ffff 00008b00 DPL=0 TSS64-busy
GDT=     000000007f5dc000 00000047
IDT=     000000007f138018 00000fff
CR0=80010033 CR2=0000000000000000 CR3=000000007f801000 CR4=00000668
DR0=0000000000000000 DR1=0000000000000000 DR2=0000000000000000 DR3=0000000000000000 
DR6=00000000ffff0ff0 DR7=0000000000000400
CCS=0000000000000020 CCD=000000007fe96360 CCO=SUBQ
EFER=0000000000000d00
Servicing hardware INT=0x20
    54: v=20 e=0000 i=0 cpl=0 IP=0038:000000007ecff26e pc=000000007ecff26e SP=0030:000000007fe967a8 env->regs[R_EAX]=000000007ed0dda0
RAX=000000007ed0dda0 RBX=0000000000000010 RCX=000000007ed0dda0 RDX=000000007feaf900
RSI=000000007feb0be0 RDI=0000000000000001 RBP=000000007fe967e0 RSP=000000007fe967a8
R8 =000000007feb0be0 R9 =0000000100000000 R10=000000007f6daac0 R11=000000007f6daac0
R12=000000007e83f000 R13=0000000000000004 R14=000000000002600f R15=000000007feaf950
RIP=000000007ecff26e RFL=00000202 [-------] CPL=0 II=0 A20=1 SMM=0 HLT=0
ES =0030 0000000000000000 ffffffff 00cf9300 DPL=0 DS   [-WA]
CS =0038 0000000000000000 ffffffff 00af9a00 DPL=0 CS64 [-R-]
SS =0030 0000000000000000 ffffffff 00cf9300 DPL=0 DS   [-WA]
DS =0030 0000000000000000 ffffffff 00cf9300 DPL=0 DS   [-WA]
FS =0030 0000000000000000 ffffffff 00cf9300 DPL=0 DS   [-WA]
GS =0030 0000000000000000 ffffffff 00cf9300 DPL=0 DS   [-WA]
LDT=0000 0000000000000000 0000ffff 00008200 DPL=0 LDT
TR =0000 0000000000000000 0000ffff 00008b00 DPL=0 TSS64-busy
GDT=     000000007f5dc000 00000047
IDT=     000000007f138018 00000fff
CR0=80010033 CR2=0000000000000000 CR3=000000007f801000 CR4=00000668
DR0=0000000000000000 DR1=0000000000000000 DR2=0000000000000000 DR3=0000000000000000 
DR6=00000000ffff0ff0 DR7=0000000000000400
CCS=0000000000000020 CCD=000000007fe967b0 CCO=SUBQ
EFER=0000000000000d00
Servicing hardware INT=0x20
    55: v=20 e=0000 i=0 cpl=0 IP=0038:000000007f6d5122 pc=000000007f6d5122 SP=0030:000000007fe96900 env->regs[R_EAX]=0000000000001000
RAX=0000000000001000 RBX=00000000ffc01000 RCX=0000000000000101 RDX=0000000000000f90
RSI=0000000000000000 RDI=0000000000000001 RBP=000000007fe96970 RSP=000000007fe96900
R8 =0000000000000f90 R9 =000000007fe96930 R10=000000007e840318 R11=000000007f6e97d2
R12=000000007f58a050 R13=00000000ffc01000 R14=000000007f5ec8b0 R15=000000007ec8e088
RIP=000000007f6d5122 RFL=00000206 [-----P-] CPL=0 II=0 A20=1 SMM=0 HLT=0
ES =0030 0000000000000000 ffffffff 00cf9300 DPL=0 DS   [-WA]
CS =0038 0000000000000000 ffffffff 00af9a00 DPL=0 CS64 [-R-]
SS =0030 0000000000000000 ffffffff 00cf9300 DPL=0 DS   [-WA]
DS =0030 0000000000000000 ffffffff 00cf9300 DPL=0 DS   [-WA]
FS =0030 0000000000000000 ffffffff 00cf9300 DPL=0 DS   [-WA]
GS =0030 0000000000000000 ffffffff 00cf9300 DPL=0 DS   [-WA]
LDT=0000 0000000000000000 0000ffff 00008200 DPL=0 LDT
TR =0000 0000000000000000 0000ffff 00008b00 DPL=0 TSS64-busy
GDT=     000000007f5dc000 00000047
IDT=     000000007f138018 00000fff
CR0=80010033 CR2=0000000000000000 CR3=000000007f801000 CR4=00000668
DR0=0000000000000000 DR1=0000000000000000 DR2=0000000000000000 DR3=0000000000000000 
DR6=00000000ffff0ff0 DR7=0000000000000400
CCS=0000000000000004 CCD=00000000ffc01000 CCO=EFLAGS
EFER=0000000000000d00
Servicing hardware INT=0x20
    56: v=20 e=0000 i=0 cpl=0 IP=0038:000000007f6e973c pc=000000007f6e973c SP=0030:000000007fe96830 env->regs[R_EAX]=0000000000000000
RAX=0000000000000000 RBX=00000000ffc01000 RCX=0000000000000101 RDX=0000000000000000
RSI=0000000000000010 RDI=00000000ffc013f2 RBP=000000007fe96860 RSP=000000007fe96830
R8 =0000000000000000 R9 =000000007fe96928 R10=000000007e840318 R11=000000007f6e97d2
R12=00000000ffc013f2 R13=0000000000000010 R14=00000000000003f2 R15=000000007fe96928
RIP=000000007f6e973c RFL=00000246 [---Z-P-] CPL=0 II=0 A20=1 SMM=0 HLT=0
ES =0030 0000000000000000 ffffffff 00cf9300 DPL=0 DS   [-WA]
CS =0038 0000000000000000 ffffffff 00af9a00 DPL=0 CS64 [-R-]
SS =0030 0000000000000000 ffffffff 00cf9300 DPL=0 DS   [-WA]
DS =0030 0000000000000000 ffffffff 00cf9300 DPL=0 DS   [-WA]
FS =0030 0000000000000000 ffffffff 00cf9300 DPL=0 DS   [-WA]
GS =0030 0000000000000000 ffffffff 00cf9300 DPL=0 DS   [-WA]
LDT=0000 0000000000000000 0000ffff 00008200 DPL=0 LDT
TR =0000 0000000000000000 0000ffff 00008b00 DPL=0 TSS64-busy
GDT=     000000007f5dc000 00000047
IDT=     000000007f138018 00000fff
CR0=80010033 CR2=0000000000000000 CR3=000000007f801000 CR4=00000668
DR0=0000000000000000 DR1=0000000000000000 DR2=0000000000000000 DR3=0000000000000000 
DR6=00000000ffff0ff0 DR7=0000000000000400
CCS=0000000000000044 CCD=0000000000000000 CCO=EFLAGS
EFER=0000000000000d00
Servicing hardware INT=0x20
    57: v=20 e=0000 i=0 cpl=0 IP=0038:000000007f6e973c pc=000000007f6e973c SP=0030:000000007fe96830 env->regs[R_EAX]=0000000000000000
RAX=0000000000000000 RBX=00000000ffc013fc RCX=0000000000000101 RDX=0000000000000000
RSI=0000000000000010 RDI=00000000ffc01402 RBP=000000007fe96860 RSP=000000007fe96830
R8 =00000000000003fc R9 =000000007fe96928 R10=000000007f6daac0 R11=000000007f6e97d2
R12=00000000ffc01402 R13=0000000000000010 R14=0000000000000006 R15=000000007fe96928
RIP=000000007f6e973c RFL=00000246 [---Z-P-] CPL=0 II=0 A20=1 SMM=0 HLT=0
ES =0030 0000000000000000 ffffffff 00cf9300 DPL=0 DS   [-WA]
CS =0038 0000000000000000 ffffffff 00af9a00 DPL=0 CS64 [-R-]
SS =0030 0000000000000000 ffffffff 00cf9300 DPL=0 DS   [-WA]
DS =0030 0000000000000000 ffffffff 00cf9300 DPL=0 DS   [-WA]
FS =0030 0000000000000000 ffffffff 00cf9300 DPL=0 DS   [-WA]
GS =0030 0000000000000000 ffffffff 00cf9300 DPL=0 DS   [-WA]
LDT=0000 0000000000000000 0000ffff 00008200 DPL=0 LDT
TR =0000 0000000000000000 0000ffff 00008b00 DPL=0 TSS64-busy
GDT=     000000007f5dc000 00000047
IDT=     000000007f138018 00000fff
CR0=80010033 CR2=0000000000000000 CR3=000000007f801000 CR4=00000668
DR0=0000000000000000 DR1=0000000000000000 DR2=0000000000000000 DR3=0000000000000000 
DR6=00000000ffff0ff0 DR7=0000000000000400
CCS=0000000000000044 CCD=0000000000000000 CCO=EFLAGS
EFER=0000000000000d00
Servicing hardware INT=0x20
    58: v=20 e=0000 i=0 cpl=0 IP=0038:000000007fe98428 pc=000000007fe98428 SP=0030:000000007fe968c0 env->regs[R_EAX]=000000007f7ff188
RAX=000000007f7ff188 RBX=000000007ec0cec0 RCX=0000000000000000 RDX=000000007feaf950
RSI=000000007f7ff988 RDI=0000000000000000 RBP=000000007fe968e0 RSP=000000007fe968c0
R8 =0000000000000000 R9 =000000007feb0cbf R10=000000007f6daac0 R11=000000007f6daac0
R12=000000007feaf970 R13=000000007feb0c80 R14=000000007e83f000 R15=000000007e840000
RIP=000000007fe98428 RFL=00000283 [--S---C] CPL=0 II=0 A20=1 SMM=0 HLT=0
ES =0030 0000000000000000 ffffffff 00cf9300 DPL=0 DS   [-WA]
CS =0038 0000000000000000 ffffffff 00af9a00 DPL=0 CS64 [-R-]
SS =0030 0000000000000000 ffffffff 00cf9300 DPL=0 DS   [-WA]
DS =0030 0000000000000000 ffffffff 00cf9300 DPL=0 DS   [-WA]
FS =0030 0000000000000000 ffffffff 00cf9300 DPL=0 DS   [-WA]
GS =0030 0000000000000000 ffffffff 00cf9300 DPL=0 DS   [-WA]
LDT=0000 0000000000000000 0000ffff 00008200 DPL=0 LDT
TR =0000 0000000000000000 0000ffff 00008b00 DPL=0 TSS64-busy
GDT=     000000007f5dc000 00000047
IDT=     000000007f138018 00000fff
CR0=80010033 CR2=0000000000000000 CR3=000000007f801000 CR4=00000668
DR0=0000000000000000 DR1=0000000000000000 DR2=0000000000000000 DR3=0000000000000000 
DR6=00000000ffff0ff0 DR7=0000000000000400
CCS=0000000000000081 CCD=ffffffffff94f838 CCO=EFLAGS
EFER=0000000000000d00
Servicing hardware INT=0x20
    59: v=20 e=0000 i=0 cpl=0 IP=0038:000000007ecff26e pc=000000007ecff26e SP=0030:000000007fe963e8 env->regs[R_EAX]=000000007ed0dda0
RAX=000000007ed0dda0 RBX=0000000000000010 RCX=000000007ed0dda0 RDX=000000007feb0c50
RSI=0000000000000000 RDI=0000000000000001 RBP=000000007fe96420 RSP=000000007fe963e8
R8 =000000007fe963bc R9 =000000007fe963c0 R10=000000007f6daac0 R11=000000007f6daac0
R12=000000007feaf970 R13=000000007feb0c80 R14=000000007e83f000 R15=000000007e840000
RIP=000000007ecff26e RFL=00000206 [-----P-] CPL=0 II=0 A20=1 SMM=0 HLT=0
ES =0030 0000000000000000 ffffffff 00cf9300 DPL=0 DS   [-WA]
CS =0038 0000000000000000 ffffffff 00af9a00 DPL=0 CS64 [-R-]
SS =0030 0000000000000000 ffffffff 00cf9300 DPL=0 DS   [-WA]
DS =0030 0000000000000000 ffffffff 00cf9300 DPL=0 DS   [-WA]
FS =0030 0000000000000000 ffffffff 00cf9300 DPL=0 DS   [-WA]
GS =0030 0000000000000000 ffffffff 00cf9300 DPL=0 DS   [-WA]
LDT=0000 0000000000000000 0000ffff 00008200 DPL=0 LDT
TR =0000 0000000000000000 0000ffff 00008b00 DPL=0 TSS64-busy
GDT=     000000007f5dc000 00000047
IDT=     000000007f138018 00000fff
CR0=80010033 CR2=0000000000000000 CR3=000000007f801000 CR4=00000668
DR0=0000000000000000 DR1=0000000000000000 DR2=0000000000000000 DR3=0000000000000000 
DR6=00000000ffff0ff0 DR7=0000000000000400
CCS=0000000000000020 CCD=000000007fe963f0 CCO=SUBQ
EFER=0000000000000d00
Servicing hardware INT=0x20
    60: v=20 e=0000 i=0 cpl=0 IP=0038:000000007f6e973c pc=000000007f6e973c SP=0030:000000007fe96830 env->regs[R_EAX]=0000000000000000
RAX=0000000000000000 RBX=00000000ffc0146a RCX=0000000000000101 RDX=0000000000000000
RSI=000000000000003f RDI=00000000ffc0146a RBP=000000007fe96860 RSP=000000007fe96830
R8 =000000000000046a R9 =000000007fe96928 R10=000000007e840318 R11=000000007f6e97d2
R12=00000000ffc0146a R13=000000000000003f R14=0000000000000001 R15=000000007fe96928
RIP=000000007f6e973c RFL=00000246 [---Z-P-] CPL=0 II=0 A20=1 SMM=0 HLT=0
ES =0030 0000000000000000 ffffffff 00cf9300 DPL=0 DS   [-WA]
CS =0038 0000000000000000 ffffffff 00af9a00 DPL=0 CS64 [-R-]
SS =0030 0000000000000000 ffffffff 00cf9300 DPL=0 DS   [-WA]
DS =0030 0000000000000000 ffffffff 00cf9300 DPL=0 DS   [-WA]
FS =0030 0000000000000000 ffffffff 00cf9300 DPL=0 DS   [-WA]
GS =0030 0000000000000000 ffffffff 00cf9300 DPL=0 DS   [-WA]
LDT=0000 0000000000000000 0000ffff 00008200 DPL=0 LDT
TR =0000 0000000000000000 0000ffff 00008b00 DPL=0 TSS64-busy
GDT=     000000007f5dc000 00000047
IDT=     000000007f138018 00000fff
CR0=80010033 CR2=0000000000000000 CR3=000000007f801000 CR4=00000668
DR0=0000000000000000 DR1=0000000000000000 DR2=0000000000000000 DR3=0000000000000000 
DR6=00000000ffff0ff0 DR7=0000000000000400
CCS=0000000000000044 CCD=0000000000000000 CCO=EFLAGS
EFER=0000000000000d00
Servicing hardware INT=0x20
    61: v=20 e=0000 i=0 cpl=0 IP=0038:000000007f6e973c pc=000000007f6e973c SP=0030:000000007fe96830 env->regs[R_EAX]=0000000000000000
RAX=0000000000000000 RBX=00000000ffc018d4 RCX=0000000000000101 RDX=0000000000000000
RSI=0000000000000010 RDI=00000000ffc018fd RBP=000000007fe96860 RSP=000000007fe96830
R8 =00000000000008d4 R9 =000000007fe96928 R10=000000007f6daac0 R11=000000007f6e97d2
R12=00000000ffc018fd R13=0000000000000010 R14=0000000000000029 R15=000000007fe96928
RIP=000000007f6e973c RFL=00000246 [---Z-P-] CPL=0 II=0 A20=1 SMM=0 HLT=0
ES =0030 0000000000000000 ffffffff 00cf9300 DPL=0 DS   [-WA]
CS =0038 0000000000000000 ffffffff 00af9a00 DPL=0 CS64 [-R-]
SS =0030 0000000000000000 ffffffff 00cf9300 DPL=0 DS   [-WA]
DS =0030 0000000000000000 ffffffff 00cf9300 DPL=0 DS   [-WA]
FS =0030 0000000000000000 ffffffff 00cf9300 DPL=0 DS   [-WA]
GS =0030 0000000000000000 ffffffff 00cf9300 DPL=0 DS   [-WA]
LDT=0000 0000000000000000 0000ffff 00008200 DPL=0 LDT
TR =0000 0000000000000000 0000ffff 00008b00 DPL=0 TSS64-busy
GDT=     000000007f5dc000 00000047
IDT=     000000007f138018 00000fff
CR0=80010033 CR2=0000000000000000 CR3=000000007f801000 CR4=00000668
DR0=0000000000000000 DR1=0000000000000000 DR2=0000000000000000 DR3=0000000000000000 
DR6=00000000ffff0ff0 DR7=0000000000000400
CCS=0000000000000044 CCD=0000000000000000 CCO=EFLAGS
EFER=0000000000000d00
Servicing hardware INT=0x20
    62: v=20 e=0000 i=0 cpl=0 IP=0038:000000007f6e973c pc=000000007f6e973c SP=0030:000000007fe96830 env->regs[R_EAX]=0000000000000000
RAX=0000000000000000 RBX=00000000ffc018d4 RCX=0000000000000101 RDX=0000000000000000
RSI=0000000000000069 RDI=00000000ffc01918 RBP=000000007fe96860 RSP=000000007fe96830
R8 =00000000000008d4 R9 =000000007fe96928 R10=000000007f6daac0 R11=000000007f6e97d2
R12=00000000ffc01918 R13=0000000000000069 R14=0000000000000045 R15=000000007fe96928
RIP=000000007f6e973c RFL=00000246 [---Z-P-] CPL=0 II=0 A20=1 SMM=0 HLT=0
ES =0030 0000000000000000 ffffffff 00cf9300 DPL=0 DS   [-WA]
CS =0038 0000000000000000 ffffffff 00af9a00 DPL=0 CS64 [-R-]
SS =0030 0000000000000000 ffffffff 00cf9300 DPL=0 DS   [-WA]
DS =0030 0000000000000000 ffffffff 00cf9300 DPL=0 DS   [-WA]
FS =0030 0000000000000000 ffffffff 00cf9300 DPL=0 DS   [-WA]
GS =0030 0000000000000000 ffffffff 00cf9300 DPL=0 DS   [-WA]
LDT=0000 0000000000000000 0000ffff 00008200 DPL=0 LDT
TR =0000 0000000000000000 0000ffff 00008b00 DPL=0 TSS64-busy
GDT=     000000007f5dc000 00000047
IDT=     000000007f138018 00000fff
CR0=80010033 CR2=0000000000000000 CR3=000000007f801000 CR4=00000668
DR0=0000000000000000 DR1=0000000000000000 DR2=0000000000000000 DR3=0000000000000000 
DR6=00000000ffff0ff0 DR7=0000000000000400
CCS=0000000000000044 CCD=0000000000000000 CCO=EFLAGS
EFER=0000000000000d00
Servicing hardware INT=0x20
    63: v=20 e=0000 i=0 cpl=0 IP=0038:000000007f6d993c pc=000000007f6d993c SP=0030:000000007fe96950 env->regs[R_EAX]=00000000000000ff
RAX=00000000000000ff RBX=0000000000000000 RCX=0000000000000000 RDX=000000007ec8e018
RSI=000000007e7df001 RDI=000000007ecce018 RBP=000000007fe96a20 RSP=000000007fe96950
R8 =00000000000000ff R9 =0000000000000000 R10=000000007e840318 R11=0000000000000000
R12=000000007fe96a70 R13=000000007ec8e018 R14=8000000000000003 R15=000000007fe96a70
RIP=000000007f6d993c RFL=00000206 [-----P-] CPL=0 II=0 A20=1 SMM=0 HLT=0
ES =0030 0000000000000000 ffffffff 00cf9300 DPL=0 DS   [-WA]
CS =0038 0000000000000000 ffffffff 00af9a00 DPL=0 CS64 [-R-]
SS =0030 0000000000000000 ffffffff 00cf9300 DPL=0 DS   [-WA]
DS =0030 0000000000000000 ffffffff 00cf9300 DPL=0 DS   [-WA]
FS =0030 0000000000000000 ffffffff 00cf9300 DPL=0 DS   [-WA]
GS =0030 0000000000000000 ffffffff 00cf9300 DPL=0 DS   [-WA]
LDT=0000 0000000000000000 0000ffff 00008200 DPL=0 LDT
TR =0000 0000000000000000 0000ffff 00008b00 DPL=0 TSS64-busy
GDT=     000000007f5dc000 00000047
IDT=     000000007f138018 00000fff
CR0=80010033 CR2=0000000000000000 CR3=000000007f801000 CR4=00000668
DR0=0000000000000000 DR1=0000000000000000 DR2=0000000000000000 DR3=0000000000000000 
DR6=00000000ffff0ff0 DR7=0000000000000400
CCS=0000000000000004 CCD=0000000000040000 CCO=EFLAGS
EFER=0000000000000d00
Servicing hardware INT=0x20
    64: v=20 e=0000 i=0 cpl=0 IP=0038:000000007f6e973c pc=000000007f6e973c SP=0030:000000007fe96830 env->regs[R_EAX]=0000000000000000
RAX=0000000000000000 RBX=00000000ffc01940 RCX=0000000000000101 RDX=0000000000000000
RSI=0000000000000010 RDI=00000000ffc0197e RBP=000000007fe96860 RSP=000000007fe96830
R8 =0000000000000940 R9 =000000007fe96928 R10=000000007e840318 R11=000000007f6e97d2
R12=00000000ffc0197e R13=0000000000000010 R14=000000000000003e R15=000000007fe96928
RIP=000000007f6e973c RFL=00000246 [---Z-P-] CPL=0 II=0 A20=1 SMM=0 HLT=0
ES =0030 0000000000000000 ffffffff 00cf9300 DPL=0 DS   [-WA]
CS =0038 0000000000000000 ffffffff 00af9a00 DPL=0 CS64 [-R-]
SS =0030 0000000000000000 ffffffff 00cf9300 DPL=0 DS   [-WA]
DS =0030 0000000000000000 ffffffff 00cf9300 DPL=0 DS   [-WA]
FS =0030 0000000000000000 ffffffff 00cf9300 DPL=0 DS   [-WA]
GS =0030 0000000000000000 ffffffff 00cf9300 DPL=0 DS   [-WA]
LDT=0000 0000000000000000 0000ffff 00008200 DPL=0 LDT
TR =0000 0000000000000000 0000ffff 00008b00 DPL=0 TSS64-busy
GDT=     000000007f5dc000 00000047
IDT=     000000007f138018 00000fff
CR0=80010033 CR2=0000000000000000 CR3=000000007f801000 CR4=00000668
DR0=0000000000000000 DR1=0000000000000000 DR2=0000000000000000 DR3=0000000000000000 
DR6=00000000ffff0ff0 DR7=0000000000000400
CCS=0000000000000044 CCD=0000000000000000 CCO=EFLAGS
EFER=0000000000000d00
Servicing hardware INT=0x20
    65: v=20 e=0000 i=0 cpl=0 IP=0038:000000007f6e973c pc=000000007f6e973c SP=0030:000000007fe96830 env->regs[R_EAX]=0000000000000000
RAX=0000000000000000 RBX=00000000ffc01940 RCX=0000000000000101 RDX=0000000000000000
RSI=0000000000000010 RDI=00000000ffc01ae9 RBP=000000007fe96860 RSP=000000007fe96830
R8 =0000000000000940 R9 =000000007fe96928 R10=000000007e840318 R11=000000007f6e97d2
R12=00000000ffc01ae9 R13=0000000000000010 R14=00000000000001a9 R15=000000007fe96928
RIP=000000007f6e973c RFL=00000246 [---Z-P-] CPL=0 II=0 A20=1 SMM=0 HLT=0
ES =0030 0000000000000000 ffffffff 00cf9300 DPL=0 DS   [-WA]
CS =0038 0000000000000000 ffffffff 00af9a00 DPL=0 CS64 [-R-]
SS =0030 0000000000000000 ffffffff 00cf9300 DPL=0 DS   [-WA]
DS =0030 0000000000000000 ffffffff 00cf9300 DPL=0 DS   [-WA]
FS =0030 0000000000000000 ffffffff 00cf9300 DPL=0 DS   [-WA]
GS =0030 0000000000000000 ffffffff 00cf9300 DPL=0 DS   [-WA]
LDT=0000 0000000000000000 0000ffff 00008200 DPL=0 LDT
TR =0000 0000000000000000 0000ffff 00008b00 DPL=0 TSS64-busy
GDT=     000000007f5dc000 00000047
IDT=     000000007f138018 00000fff
CR0=80010033 CR2=0000000000000000 CR3=000000007f801000 CR4=00000668
DR0=0000000000000000 DR1=0000000000000000 DR2=0000000000000000 DR3=0000000000000000 
DR6=00000000ffff0ff0 DR7=0000000000000400
CCS=0000000000000044 CCD=0000000000000000 CCO=EFLAGS
EFER=0000000000000d00
Servicing hardware INT=0x20
    66: v=20 e=0000 i=0 cpl=0 IP=0038:000000007ecff26e pc=000000007ecff26e SP=0030:000000007fe96358 env->regs[R_EAX]=000000007ed0dda0
RAX=000000007ed0dda0 RBX=0000000000000010 RCX=000000007ed0dda0 RDX=000000007feb0c50
RSI=0000000000000000 RDI=0000000000000001 RBP=000000007fe96390 RSP=000000007fe96358
R8 =000000007fe9632c R9 =000000007fe96330 R10=000000007e840318 R11=000000007f6e97d2
R12=00000000ffc01ae9 R13=0000000000000010 R14=00000000000001a9 R15=000000007fe96928
RIP=000000007ecff26e RFL=00000206 [-----P-] CPL=0 II=0 A20=1 SMM=0 HLT=0
ES =0030 0000000000000000 ffffffff 00cf9300 DPL=0 DS   [-WA]
CS =0038 0000000000000000 ffffffff 00af9a00 DPL=0 CS64 [-R-]
SS =0030 0000000000000000 ffffffff 00cf9300 DPL=0 DS   [-WA]
DS =0030 0000000000000000 ffffffff 00cf9300 DPL=0 DS   [-WA]
FS =0030 0000000000000000 ffffffff 00cf9300 DPL=0 DS   [-WA]
GS =0030 0000000000000000 ffffffff 00cf9300 DPL=0 DS   [-WA]
LDT=0000 0000000000000000 0000ffff 00008200 DPL=0 LDT
TR =0000 0000000000000000 0000ffff 00008b00 DPL=0 TSS64-busy
GDT=     000000007f5dc000 00000047
IDT=     000000007f138018 00000fff
CR0=80010033 CR2=0000000000000000 CR3=000000007f801000 CR4=00000668
DR0=0000000000000000 DR1=0000000000000000 DR2=0000000000000000 DR3=0000000000000000 
DR6=00000000ffff0ff0 DR7=0000000000000400
CCS=0000000000000020 CCD=000000007fe96360 CCO=SUBQ
EFER=0000000000000d00
Servicing hardware INT=0x20
    67: v=20 e=0000 i=0 cpl=0 IP=0038:000000007f6e973c pc=000000007f6e973c SP=0030:000000007fe96830 env->regs[R_EAX]=0000000000000000
RAX=0000000000000000 RBX=00000000ffc01940 RCX=0000000000000101 RDX=0000000000000000
RSI=0000000000000000 RDI=00000000ffc01d1e RBP=000000007fe96860 RSP=000000007fe96830
R8 =0000000000000940 R9 =000000007fe96928 R10=000000007e840318 R11=000000007f6e97d2
R12=00000000ffc01d1e R13=0000000000000000 R14=00000000000003df R15=000000007fe96928
RIP=000000007f6e973c RFL=00000246 [---Z-P-] CPL=0 II=0 A20=1 SMM=0 HLT=0
ES =0030 0000000000000000 ffffffff 00cf9300 DPL=0 DS   [-WA]
CS =0038 0000000000000000 ffffffff 00af9a00 DPL=0 CS64 [-R-]
SS =0030 0000000000000000 ffffffff 00cf9300 DPL=0 DS   [-WA]
DS =0030 0000000000000000 ffffffff 00cf9300 DPL=0 DS   [-WA]
FS =0030 0000000000000000 ffffffff 00cf9300 DPL=0 DS   [-WA]
GS =0030 0000000000000000 ffffffff 00cf9300 DPL=0 DS   [-WA]
LDT=0000 0000000000000000 0000ffff 00008200 DPL=0 LDT
TR =0000 0000000000000000 0000ffff 00008b00 DPL=0 TSS64-busy
GDT=     000000007f5dc000 00000047
IDT=     000000007f138018 00000fff
CR0=80010033 CR2=0000000000000000 CR3=000000007f801000 CR4=00000668
DR0=0000000000000000 DR1=0000000000000000 DR2=0000000000000000 DR3=0000000000000000 
DR6=00000000ffff0ff0 DR7=0000000000000400
CCS=0000000000000044 CCD=0000000000000000 CCO=EFLAGS
EFER=0000000000000d00
Servicing hardware INT=0x20
    68: v=20 e=0000 i=0 cpl=0 IP=0038:000000007ecff26e pc=000000007ecff26e SP=0030:000000007fe96358 env->regs[R_EAX]=000000007ed0dda0
RAX=000000007ed0dda0 RBX=0000000000000010 RCX=000000007ed0dda0 RDX=000000007feb0c50
RSI=0000000000000000 RDI=0000000000000001 RBP=000000007fe96390 RSP=000000007fe96358
R8 =000000007fe9632c R9 =000000007fe96330 R10=000000007e840318 R11=000000007f6e97d2
R12=00000000ffc01d1e R13=0000000000000000 R14=00000000000003df R15=000000007fe96928
RIP=000000007ecff26e RFL=00000206 [-----P-] CPL=0 II=0 A20=1 SMM=0 HLT=0
ES =0030 0000000000000000 ffffffff 00cf9300 DPL=0 DS   [-WA]
CS =0038 0000000000000000 ffffffff 00af9a00 DPL=0 CS64 [-R-]
SS =0030 0000000000000000 ffffffff 00cf9300 DPL=0 DS   [-WA]
DS =0030 0000000000000000 ffffffff 00cf9300 DPL=0 DS   [-WA]
FS =0030 0000000000000000 ffffffff 00cf9300 DPL=0 DS   [-WA]
GS =0030 0000000000000000 ffffffff 00cf9300 DPL=0 DS   [-WA]
LDT=0000 0000000000000000 0000ffff 00008200 DPL=0 LDT
TR =0000 0000000000000000 0000ffff 00008b00 DPL=0 TSS64-busy
GDT=     000000007f5dc000 00000047
IDT=     000000007f138018 00000fff
CR0=80010033 CR2=0000000000000000 CR3=000000007f801000 CR4=00000668
DR0=0000000000000000 DR1=0000000000000000 DR2=0000000000000000 DR3=0000000000000000 
DR6=00000000ffff0ff0 DR7=0000000000000400
CCS=0000000000000020 CCD=000000007fe96360 CCO=SUBQ
EFER=0000000000000d00
Servicing hardware INT=0x20
    69: v=20 e=0000 i=0 cpl=0 IP=0038:000000007fea4599 pc=000000007fea4599 SP=0030:000000007fe96a08 env->regs[R_EAX]=0000000000000005
RAX=0000000000000005 RBX=000000007feb11c0 RCX=000000007e83f000 RDX=0000000000000448
RSI=0000000030646870 RDI=0000000000000448 RBP=000000007fe96a80 RSP=000000007fe96a08
R8 =00000000000000af R9 =0000000000000002 R10=000000007f6daac0 R11=000000007f6daac0
R12=0000000000000448 R13=000000007e83f000 R14=0000000000000005 R15=000000007e83f018
RIP=000000007fea4599 RFL=00000206 [-----P-] CPL=0 II=0 A20=1 SMM=0 HLT=0
ES =0030 0000000000000000 ffffffff 00cf9300 DPL=0 DS   [-WA]
CS =0038 0000000000000000 ffffffff 00af9a00 DPL=0 CS64 [-R-]
SS =0030 0000000000000000 ffffffff 00cf9300 DPL=0 DS   [-WA]
DS =0030 0000000000000000 ffffffff 00cf9300 DPL=0 DS   [-WA]
FS =0030 0000000000000000 ffffffff 00cf9300 DPL=0 DS   [-WA]
GS =0030 0000000000000000 ffffffff 00cf9300 DPL=0 DS   [-WA]
LDT=0000 0000000000000000 0000ffff 00008200 DPL=0 LDT
TR =0000 0000000000000000 0000ffff 00008b00 DPL=0 TSS64-busy
GDT=     000000007f5dc000 00000047
IDT=     000000007f138018 00000fff
CR0=80010033 CR2=0000000000000000 CR3=000000007f801000 CR4=00000668
DR0=0000000000000000 DR1=0000000000000000 DR2=0000000000000000 DR3=0000000000000000 
DR6=00000000ffff0ff0 DR7=0000000000000400
CCS=0000000000000004 CCD=0000000000000448 CCO=EFLAGS
EFER=0000000000000d00
Servicing hardware INT=0x20
    70: v=20 e=0000 i=0 cpl=0 IP=0038:000000007ecff26e pc=000000007ecff26e SP=0030:000000007fe96528 env->regs[R_EAX]=000000007ed0dda0
RAX=000000007ed0dda0 RBX=0000000000000010 RCX=000000007ed0dda0 RDX=000000007feb0c50
RSI=0000000000000000 RDI=0000000000000001 RBP=000000007fe96560 RSP=000000007fe96528
R8 =000000007fe964fc R9 =000000007fe96500 R10=000000007f6daac0 R11=000000007f6daac0
R12=0000000000000448 R13=000000007e83f000 R14=0000000000000005 R15=000000007e83f018
RIP=000000007ecff26e RFL=00000206 [-----P-] CPL=0 II=0 A20=1 SMM=0 HLT=0
ES =0030 0000000000000000 ffffffff 00cf9300 DPL=0 DS   [-WA]
CS =0038 0000000000000000 ffffffff 00af9a00 DPL=0 CS64 [-R-]
SS =0030 0000000000000000 ffffffff 00cf9300 DPL=0 DS   [-WA]
DS =0030 0000000000000000 ffffffff 00cf9300 DPL=0 DS   [-WA]
FS =0030 0000000000000000 ffffffff 00cf9300 DPL=0 DS   [-WA]
GS =0030 0000000000000000 ffffffff 00cf9300 DPL=0 DS   [-WA]
LDT=0000 0000000000000000 0000ffff 00008200 DPL=0 LDT
TR =0000 0000000000000000 0000ffff 00008b00 DPL=0 TSS64-busy
GDT=     000000007f5dc000 00000047
IDT=     000000007f138018 00000fff
CR0=80010033 CR2=0000000000000000 CR3=000000007f801000 CR4=00000668
DR0=0000000000000000 DR1=0000000000000000 DR2=0000000000000000 DR3=0000000000000000 
DR6=00000000ffff0ff0 DR7=0000000000000400
CCS=0000000000000020 CCD=000000007fe96530 CCO=SUBQ
EFER=0000000000000d00
Servicing hardware INT=0x20
    71: v=20 e=0000 i=0 cpl=0 IP=0038:000000007ecff26e pc=000000007ecff26e SP=0030:000000007fe967a8 env->regs[R_EAX]=000000007ed0dda0
RAX=000000007ed0dda0 RBX=0000000000000010 RCX=000000007ed0dda0 RDX=000000007feaf900
RSI=000000007feb0be0 RDI=0000000000000001 RBP=000000007fe967e0 RSP=000000007fe967a8
R8 =000000007feb0be0 R9 =0000000100000000 R10=000000007f6daac0 R11=000000007f6daac0
R12=000000007e83f000 R13=0000000000000004 R14=000000000002600f R15=000000007feaf950
RIP=000000007ecff26e RFL=00000202 [-------] CPL=0 II=0 A20=1 SMM=0 HLT=0
ES =0030 0000000000000000 ffffffff 00cf9300 DPL=0 DS   [-WA]
CS =0038 0000000000000000 ffffffff 00af9a00 DPL=0 CS64 [-R-]
SS =0030 0000000000000000 ffffffff 00cf9300 DPL=0 DS   [-WA]
DS =0030 0000000000000000 ffffffff 00cf9300 DPL=0 DS   [-WA]
FS =0030 0000000000000000 ffffffff 00cf9300 DPL=0 DS   [-WA]
GS =0030 0000000000000000 ffffffff 00cf9300 DPL=0 DS   [-WA]
LDT=0000 0000000000000000 0000ffff 00008200 DPL=0 LDT
TR =0000 0000000000000000 0000ffff 00008b00 DPL=0 TSS64-busy
GDT=     000000007f5dc000 00000047
IDT=     000000007f138018 00000fff
CR0=80010033 CR2=0000000000000000 CR3=000000007f801000 CR4=00000668
DR0=0000000000000000 DR1=0000000000000000 DR2=0000000000000000 DR3=0000000000000000 
DR6=00000000ffff0ff0 DR7=0000000000000400
CCS=0000000000000020 CCD=000000007fe967b0 CCO=SUBQ
EFER=0000000000000d00
Servicing hardware INT=0x20
    72: v=20 e=0000 i=0 cpl=0 IP=0038:000000007f6e973c pc=000000007f6e973c SP=0030:000000007fe96830 env->regs[R_EAX]=0000000000000000
RAX=0000000000000000 RBX=00000000ffc01e18 RCX=0000000000000101 RDX=0000000000000000
RSI=0000000000000010 RDI=00000000ffc01e32 RBP=000000007fe96860 RSP=000000007fe96830
R8 =0000000000000e18 R9 =000000007fe96930 R10=000000007e840318 R11=000000007f6e97d2
R12=00000000ffc01e32 R13=0000000000000010 R14=000000000000001a R15=000000007fe96930
RIP=000000007f6e973c RFL=00000246 [---Z-P-] CPL=0 II=0 A20=1 SMM=0 HLT=0
ES =0030 0000000000000000 ffffffff 00cf9300 DPL=0 DS   [-WA]
CS =0038 0000000000000000 ffffffff 00af9a00 DPL=0 CS64 [-R-]
SS =0030 0000000000000000 ffffffff 00cf9300 DPL=0 DS   [-WA]
DS =0030 0000000000000000 ffffffff 00cf9300 DPL=0 DS   [-WA]
FS =0030 0000000000000000 ffffffff 00cf9300 DPL=0 DS   [-WA]
GS =0030 0000000000000000 ffffffff 00cf9300 DPL=0 DS   [-WA]
LDT=0000 0000000000000000 0000ffff 00008200 DPL=0 LDT
TR =0000 0000000000000000 0000ffff 00008b00 DPL=0 TSS64-busy
GDT=     000000007f5dc000 00000047
IDT=     000000007f138018 00000fff
CR0=80010033 CR2=0000000000000000 CR3=000000007f801000 CR4=00000668
DR0=0000000000000000 DR1=0000000000000000 DR2=0000000000000000 DR3=0000000000000000 
DR6=00000000ffff0ff0 DR7=0000000000000400
CCS=0000000000000044 CCD=0000000000000000 CCO=EFLAGS
EFER=0000000000000d00
Servicing hardware INT=0x20
    73: v=20 e=0000 i=0 cpl=0 IP=0038:000000007f6e973c pc=000000007f6e973c SP=0030:000000007fe96830 env->regs[R_EAX]=0000000000000000
RAX=0000000000000000 RBX=00000000ffc02000 RCX=0000000000000101 RDX=0000000000000000
RSI=0000000000000010 RDI=00000000ffc0215b RBP=000000007fe96860 RSP=000000007fe96830
R8 =0000000000000000 R9 =000000007fe96928 R10=000000007e840318 R11=000000007f6e97d2
R12=00000000ffc0215b R13=0000000000000010 R14=000000000000015b R15=000000007fe96928
RIP=000000007f6e973c RFL=00000246 [---Z-P-] CPL=0 II=0 A20=1 SMM=0 HLT=0
ES =0030 0000000000000000 ffffffff 00cf9300 DPL=0 DS   [-WA]
CS =0038 0000000000000000 ffffffff 00af9a00 DPL=0 CS64 [-R-]
SS =0030 0000000000000000 ffffffff 00cf9300 DPL=0 DS   [-WA]
DS =0030 0000000000000000 ffffffff 00cf9300 DPL=0 DS   [-WA]
FS =0030 0000000000000000 ffffffff 00cf9300 DPL=0 DS   [-WA]
GS =0030 0000000000000000 ffffffff 00cf9300 DPL=0 DS   [-WA]
LDT=0000 0000000000000000 0000ffff 00008200 DPL=0 LDT
TR =0000 0000000000000000 0000ffff 00008b00 DPL=0 TSS64-busy
GDT=     000000007f5dc000 00000047
IDT=     000000007f138018 00000fff
CR0=80010033 CR2=0000000000000000 CR3=000000007f801000 CR4=00000668
DR0=0000000000000000 DR1=0000000000000000 DR2=0000000000000000 DR3=0000000000000000 
DR6=00000000ffff0ff0 DR7=0000000000000400
CCS=0000000000000044 CCD=0000000000000000 CCO=EFLAGS
EFER=0000000000000d00
Servicing hardware INT=0x20
    74: v=20 e=0000 i=0 cpl=0 IP=0038:000000007f6e973c pc=000000007f6e973c SP=0030:000000007fe96830 env->regs[R_EAX]=0000000000000000
RAX=0000000000000000 RBX=00000000ffc02000 RCX=0000000000000101 RDX=0000000000000000
RSI=0000000000000010 RDI=00000000ffc02176 RBP=000000007fe96860 RSP=000000007fe96830
R8 =0000000000000000 R9 =000000007fe96928 R10=000000007e840318 R11=000000007f6e97d2
R12=00000000ffc02176 R13=0000000000000010 R14=0000000000000176 R15=000000007fe96928
RIP=000000007f6e973c RFL=00000246 [---Z-P-] CPL=0 II=0 A20=1 SMM=0 HLT=0
ES =0030 0000000000000000 ffffffff 00cf9300 DPL=0 DS   [-WA]
CS =0038 0000000000000000 ffffffff 00af9a00 DPL=0 CS64 [-R-]
SS =0030 0000000000000000 ffffffff 00cf9300 DPL=0 DS   [-WA]
DS =0030 0000000000000000 ffffffff 00cf9300 DPL=0 DS   [-WA]
FS =0030 0000000000000000 ffffffff 00cf9300 DPL=0 DS   [-WA]
GS =0030 0000000000000000 ffffffff 00cf9300 DPL=0 DS   [-WA]
LDT=0000 0000000000000000 0000ffff 00008200 DPL=0 LDT
TR =0000 0000000000000000 0000ffff 00008b00 DPL=0 TSS64-busy
GDT=     000000007f5dc000 00000047
IDT=     000000007f138018 00000fff
CR0=80010033 CR2=0000000000000000 CR3=000000007f801000 CR4=00000668
DR0=0000000000000000 DR1=0000000000000000 DR2=0000000000000000 DR3=0000000000000000 
DR6=00000000ffff0ff0 DR7=0000000000000400
CCS=0000000000000044 CCD=0000000000000000 CCO=EFLAGS
EFER=0000000000000d00
Servicing hardware INT=0x20
    75: v=20 e=0000 i=0 cpl=0 IP=0038:000000007ecff26e pc=000000007ecff26e SP=0030:000000007fe96858 env->regs[R_EAX]=000000007ed0dda0
RAX=000000007ed0dda0 RBX=0000000000000010 RCX=000000007ed0dda0 RDX=000000007feaf900
RSI=000000007feb0be0 RDI=0000000000000001 RBP=000000007fe96890 RSP=000000007fe96858
R8 =000000007feb0be0 R9 =0000000000000002 R10=000000007f6daac0 R11=000000007f6daac0
R12=000000007e83f000 R13=0000000000000007 R14=000000000002600f R15=000000007feaf950
RIP=000000007ecff26e RFL=00000206 [-----P-] CPL=0 II=0 A20=1 SMM=0 HLT=0
ES =0030 0000000000000000 ffffffff 00cf9300 DPL=0 DS   [-WA]
CS =0038 0000000000000000 ffffffff 00af9a00 DPL=0 CS64 [-R-]
SS =0030 0000000000000000 ffffffff 00cf9300 DPL=0 DS   [-WA]
DS =0030 0000000000000000 ffffffff 00cf9300 DPL=0 DS   [-WA]
FS =0030 0000000000000000 ffffffff 00cf9300 DPL=0 DS   [-WA]
GS =0030 0000000000000000 ffffffff 00cf9300 DPL=0 DS   [-WA]
LDT=0000 0000000000000000 0000ffff 00008200 DPL=0 LDT
TR =0000 0000000000000000 0000ffff 00008b00 DPL=0 TSS64-busy
GDT=     000000007f5dc000 00000047
IDT=     000000007f138018 00000fff
CR0=80010033 CR2=0000000000000000 CR3=000000007f801000 CR4=00000668
DR0=0000000000000000 DR1=0000000000000000 DR2=0000000000000000 DR3=0000000000000000 
DR6=00000000ffff0ff0 DR7=0000000000000400
CCS=0000000000000020 CCD=000000007fe96860 CCO=SUBQ
EFER=0000000000000d00
Servicing hardware INT=0x20
    76: v=20 e=0000 i=0 cpl=0 IP=0038:000000007f6e973c pc=000000007f6e973c SP=0030:000000007fe96830 env->regs[R_EAX]=0000000000000000
RAX=0000000000000000 RBX=00000000ffc022f0 RCX=0000000000000101 RDX=0000000000000000
RSI=0000000000000010 RDI=00000000ffc022f0 RBP=000000007fe96860 RSP=000000007fe96830
R8 =00000000000002f0 R9 =000000007fe96928 R10=000000007e840318 R11=000000007f6e97d2
R12=00000000ffc022f0 R13=0000000000000010 R14=0000000000000000 R15=000000007fe96928
RIP=000000007f6e973c RFL=00000246 [---Z-P-] CPL=0 II=0 A20=1 SMM=0 HLT=0
ES =0030 0000000000000000 ffffffff 00cf9300 DPL=0 DS   [-WA]
CS =0038 0000000000000000 ffffffff 00af9a00 DPL=0 CS64 [-R-]
SS =0030 0000000000000000 ffffffff 00cf9300 DPL=0 DS   [-WA]
DS =0030 0000000000000000 ffffffff 00cf9300 DPL=0 DS   [-WA]
FS =0030 0000000000000000 ffffffff 00cf9300 DPL=0 DS   [-WA]
GS =0030 0000000000000000 ffffffff 00cf9300 DPL=0 DS   [-WA]
LDT=0000 0000000000000000 0000ffff 00008200 DPL=0 LDT
TR =0000 0000000000000000 0000ffff 00008b00 DPL=0 TSS64-busy
GDT=     000000007f5dc000 00000047
IDT=     000000007f138018 00000fff
CR0=80010033 CR2=0000000000000000 CR3=000000007f801000 CR4=00000668
DR0=0000000000000000 DR1=0000000000000000 DR2=0000000000000000 DR3=0000000000000000 
DR6=00000000ffff0ff0 DR7=0000000000000400
CCS=0000000000000044 CCD=0000000000000000 CCO=EFLAGS
EFER=0000000000000d00
Servicing hardware INT=0x20
    77: v=20 e=0000 i=0 cpl=0 IP=0038:000000007ecff26e pc=000000007ecff26e SP=0030:000000007fe96358 env->regs[R_EAX]=000000007ed0dda0
RAX=000000007ed0dda0 RBX=0000000000000010 RCX=000000007ed0dda0 RDX=000000007feb0c50
RSI=0000000000000000 RDI=0000000000000001 RBP=000000007fe96390 RSP=000000007fe96358
R8 =000000007fe9632c R9 =000000007fe96330 R10=000000007e840318 R11=000000007f6e97d2
R12=00000000ffc022f0 R13=0000000000000010 R14=0000000000000000 R15=000000007fe96928
RIP=000000007ecff26e RFL=00000206 [-----P-] CPL=0 II=0 A20=1 SMM=0 HLT=0
ES =0030 0000000000000000 ffffffff 00cf9300 DPL=0 DS   [-WA]
CS =0038 0000000000000000 ffffffff 00af9a00 DPL=0 CS64 [-R-]
SS =0030 0000000000000000 ffffffff 00cf9300 DPL=0 DS   [-WA]
DS =0030 0000000000000000 ffffffff 00cf9300 DPL=0 DS   [-WA]
FS =0030 0000000000000000 ffffffff 00cf9300 DPL=0 DS   [-WA]
GS =0030 0000000000000000 ffffffff 00cf9300 DPL=0 DS   [-WA]
LDT=0000 0000000000000000 0000ffff 00008200 DPL=0 LDT
TR =0000 0000000000000000 0000ffff 00008b00 DPL=0 TSS64-busy
GDT=     000000007f5dc000 00000047
IDT=     000000007f138018 00000fff
CR0=80010033 CR2=0000000000000000 CR3=000000007f801000 CR4=00000668
DR0=0000000000000000 DR1=0000000000000000 DR2=0000000000000000 DR3=0000000000000000 
DR6=00000000ffff0ff0 DR7=0000000000000400
CCS=0000000000000020 CCD=000000007fe96360 CCO=SUBQ
EFER=0000000000000d00
Servicing hardware INT=0x20
    78: v=20 e=0000 i=0 cpl=0 IP=0038:000000007ecff26e pc=000000007ecff26e SP=0030:000000007fe96858 env->regs[R_EAX]=000000007ed0dda0
RAX=000000007ed0dda0 RBX=0000000000000010 RCX=000000007ed0dda0 RDX=000000007feaf900
RSI=000000007feb0be0 RDI=0000000000000001 RBP=000000007fe96890 RSP=000000007fe96858
R8 =000000007feb0be0 R9 =0000000000000002 R10=000000007f6daac0 R11=000000007f6daac0
R12=000000007e83f000 R13=0000000000000007 R14=000000000002600f R15=000000007feaf950
RIP=000000007ecff26e RFL=00000206 [-----P-] CPL=0 II=0 A20=1 SMM=0 HLT=0
ES =0030 0000000000000000 ffffffff 00cf9300 DPL=0 DS   [-WA]
CS =0038 0000000000000000 ffffffff 00af9a00 DPL=0 CS64 [-R-]
SS =0030 0000000000000000 ffffffff 00cf9300 DPL=0 DS   [-WA]
DS =0030 0000000000000000 ffffffff 00cf9300 DPL=0 DS   [-WA]
FS =0030 0000000000000000 ffffffff 00cf9300 DPL=0 DS   [-WA]
GS =0030 0000000000000000 ffffffff 00cf9300 DPL=0 DS   [-WA]
LDT=0000 0000000000000000 0000ffff 00008200 DPL=0 LDT
TR =0000 0000000000000000 0000ffff 00008b00 DPL=0 TSS64-busy
GDT=     000000007f5dc000 00000047
IDT=     000000007f138018 00000fff
CR0=80010033 CR2=0000000000000000 CR3=000000007f801000 CR4=00000668
DR0=0000000000000000 DR1=0000000000000000 DR2=0000000000000000 DR3=0000000000000000 
DR6=00000000ffff0ff0 DR7=0000000000000400
CCS=0000000000000020 CCD=000000007fe96860 CCO=SUBQ
EFER=0000000000000d00
Servicing hardware INT=0x20
    79: v=20 e=0000 i=0 cpl=0 IP=0038:000000007e7d44e1 pc=000000007e7d44e1 SP=0030:000000007fe96b38 env->regs[R_EAX]=0000000000000018
RAX=0000000000000018 RBX=0000000000000001 RCX=000000007e83df98 RDX=0000000000009f14
RSI=0000000000000045 RDI=0000000000000000 RBP=000000007fe96cf0 RSP=000000007fe96b38
R8 =0000000000006666 R9 =0000000000000f14 R10=000000007e83ff98 R11=0000000000000000
R12=000000007fe96bf0 R13=000000007fe96c30 R14=000000007e7de70f R15=0000000000000000
RIP=000000007e7d44e1 RFL=00000206 [-----P-] CPL=0 II=0 A20=1 SMM=0 HLT=0
ES =0030 0000000000000000 ffffffff 00cf9300 DPL=0 DS   [-WA]
CS =0038 0000000000000000 ffffffff 00af9a00 DPL=0 CS64 [-R-]
SS =0030 0000000000000000 ffffffff 00cf9300 DPL=0 DS   [-WA]
DS =0030 0000000000000000 ffffffff 00cf9300 DPL=0 DS   [-WA]
FS =0030 0000000000000000 ffffffff 00cf9300 DPL=0 DS   [-WA]
GS =0030 0000000000000000 ffffffff 00cf9300 DPL=0 DS   [-WA]
LDT=0000 0000000000000000 0000ffff 00008200 DPL=0 LDT
TR =0000 0000000000000000 0000ffff 00008b00 DPL=0 TSS64-busy
GDT=     000000007f5dc000 00000047
IDT=     000000007f138018 00000fff
CR0=80010033 CR2=0000000000000000 CR3=000000007f801000 CR4=00000668
DR0=0000000000000000 DR1=0000000000000000 DR2=0000000000000000 DR3=0000000000000000 
DR6=00000000ffff0ff0 DR7=0000000000000400
CCS=0000000000000004 CCD=0000000000000018 CCO=EFLAGS
EFER=0000000000000d00
Servicing hardware INT=0x20
    80: v=20 e=0000 i=0 cpl=0 IP=0038:000000007ecff26e pc=000000007ecff26e SP=0030:000000007fe96628 env->regs[R_EAX]=000000007ed0dda0
RAX=000000007ed0dda0 RBX=0000000000000010 RCX=000000007ed0dda0 RDX=000000007feaf900
RSI=000000007feb0be0 RDI=0000000000000001 RBP=000000007fe96660 RSP=000000007fe96628
R8 =000000007feb0be0 R9 =0000000100000000 R10=000000007e83ff98 R11=000000007e83ff98
R12=000000007e82a000 R13=0000000000000004 R14=000000000002600f R15=000000007feaf950
RIP=000000007ecff26e RFL=00000206 [-----P-] CPL=0 II=0 A20=1 SMM=0 HLT=0
ES =0030 0000000000000000 ffffffff 00cf9300 DPL=0 DS   [-WA]
CS =0038 0000000000000000 ffffffff 00af9a00 DPL=0 CS64 [-R-]
SS =0030 0000000000000000 ffffffff 00cf9300 DPL=0 DS   [-WA]
DS =0030 0000000000000000 ffffffff 00cf9300 DPL=0 DS   [-WA]
FS =0030 0000000000000000 ffffffff 00cf9300 DPL=0 DS   [-WA]
GS =0030 0000000000000000 ffffffff 00cf9300 DPL=0 DS   [-WA]
LDT=0000 0000000000000000 0000ffff 00008200 DPL=0 LDT
TR =0000 0000000000000000 0000ffff 00008b00 DPL=0 TSS64-busy
GDT=     000000007f5dc000 00000047
IDT=     000000007f138018 00000fff
CR0=80010033 CR2=0000000000000000 CR3=000000007f801000 CR4=00000668
DR0=0000000000000000 DR1=0000000000000000 DR2=0000000000000000 DR3=0000000000000000 
DR6=00000000ffff0ff0 DR7=0000000000000400
CCS=0000000000000020 CCD=000000007fe96630 CCO=SUBQ
EFER=0000000000000d00
Servicing hardware INT=0x20
    81: v=20 e=0000 i=0 cpl=0 IP=0038:000000007fead13c pc=000000007fead13c SP=0030:000000007fe96870 env->regs[R_EAX]=00000000000000af
RAX=00000000000000af RBX=000000007feb11c0 RCX=0000000000000000 RDX=000000007e82b000
RSI=0000000030646870 RDI=000000007e82c168 RBP=000000007fe968f0 RSP=000000007fe96870
R8 =00000000000000af R9 =000000007e82c152 R10=000000007e83ff98 R11=0000000000000000
R12=0000000000001168 R13=000000007e82b000 R14=0000000000000008 R15=000000007e82b018
RIP=000000007fead13c RFL=00000202 [-------] CPL=0 II=0 A20=1 SMM=0 HLT=0
ES =0030 0000000000000000 ffffffff 00cf9300 DPL=0 DS   [-WA]
CS =0038 0000000000000000 ffffffff 00af9a00 DPL=0 CS64 [-R-]
SS =0030 0000000000000000 ffffffff 00cf9300 DPL=0 DS   [-WA]
DS =0030 0000000000000000 ffffffff 00cf9300 DPL=0 DS   [-WA]
FS =0030 0000000000000000 ffffffff 00cf9300 DPL=0 DS   [-WA]
GS =0030 0000000000000000 ffffffff 00cf9300 DPL=0 DS   [-WA]
LDT=0000 0000000000000000 0000ffff 00008200 DPL=0 LDT
TR =0000 0000000000000000 0000ffff 00008b00 DPL=0 TSS64-busy
GDT=     000000007f5dc000 00000047
IDT=     000000007f138018 00000fff
CR0=80010033 CR2=0000000000000000 CR3=000000007f801000 CR4=00000668
DR0=0000000000000000 DR1=0000000000000000 DR2=0000000000000000 DR3=0000000000000000 
DR6=00000000ffff0ff0 DR7=0000000000000400
CCS=0000000000000000 CCD=0000000000001168 CCO=EFLAGS
EFER=0000000000000d00
Servicing hardware INT=0x20
    82: v=20 e=0000 i=0 cpl=0 IP=0038:000000007fead13c pc=000000007fead13c SP=0030:000000007fe967e0 env->regs[R_EAX]=00000000000000af
RAX=00000000000000af RBX=0000000000001fff RCX=0000000000000000 RDX=000000007e82b000
RSI=000000007feb0c88 RDI=000000007e82d000 RBP=000000007fe96860 RSP=000000007fe967e0
R8 =00000000000000af R9 =000000007e82c621 R10=000000007e83ff98 R11=0000000000000000
R12=000000007e82cfff R13=0000000000000002 R14=000000007e82b000 R15=000000007e82d000
RIP=000000007fead13c RFL=00000206 [-----P-] CPL=0 II=0 A20=1 SMM=0 HLT=0
ES =0030 0000000000000000 ffffffff 00cf9300 DPL=0 DS   [-WA]
CS =0038 0000000000000000 ffffffff 00af9a00 DPL=0 CS64 [-R-]
SS =0030 0000000000000000 ffffffff 00cf9300 DPL=0 DS   [-WA]
DS =0030 0000000000000000 ffffffff 00cf9300 DPL=0 DS   [-WA]
FS =0030 0000000000000000 ffffffff 00cf9300 DPL=0 DS   [-WA]
GS =0030 0000000000000000 ffffffff 00cf9300 DPL=0 DS   [-WA]
LDT=0000 0000000000000000 0000ffff 00008200 DPL=0 LDT
TR =0000 0000000000000000 0000ffff 00008b00 DPL=0 TSS64-busy
GDT=     000000007f5dc000 00000047
IDT=     000000007f138018 00000fff
CR0=80010033 CR2=0000000000000000 CR3=000000007f801000 CR4=00000668
DR0=0000000000000000 DR1=0000000000000000 DR2=0000000000000000 DR3=0000000000000000 
DR6=00000000ffff0ff0 DR7=0000000000000400
CCS=0000000000000004 CCD=0000000000002000 CCO=EFLAGS
EFER=0000000000000d00
Servicing hardware INT=0x20
    83: v=20 e=0000 i=0 cpl=0 IP=0038:000000007ece2906 pc=000000007ece2906 SP=0030:000000007fe96938 env->regs[R_EAX]=0000000000000000
RAX=0000000000000000 RBX=0000000000001c16 RCX=0000000000000000 RDX=0000000000000006
RSI=0000000000001c16 RDI=000000007e82ec28 RBP=000000007fe96980 RSP=000000007fe96938
R8 =00000000000000af R9 =0000000000002000 R10=000000007e83ff98 R11=0000000000000000
R12=0000000000001bee R13=0000000000001c26 R14=000000007e840ab0 R15=0000000000000000
RIP=000000007ece2906 RFL=00000206 [-----P-] CPL=0 II=0 A20=1 SMM=0 HLT=0
ES =0030 0000000000000000 ffffffff 00cf9300 DPL=0 DS   [-WA]
CS =0038 0000000000000000 ffffffff 00af9a00 DPL=0 CS64 [-R-]
SS =0030 0000000000000000 ffffffff 00cf9300 DPL=0 DS   [-WA]
DS =0030 0000000000000000 ffffffff 00cf9300 DPL=0 DS   [-WA]
FS =0030 0000000000000000 ffffffff 00cf9300 DPL=0 DS   [-WA]
GS =0030 0000000000000000 ffffffff 00cf9300 DPL=0 DS   [-WA]
LDT=0000 0000000000000000 0000ffff 00008200 DPL=0 LDT
TR =0000 0000000000000000 0000ffff 00008b00 DPL=0 TSS64-busy
GDT=     000000007f5dc000 00000047
IDT=     000000007f138018 00000fff
CR0=80010033 CR2=0000000000000000 CR3=000000007f801000 CR4=00000668
DR0=0000000000000000 DR1=0000000000000000 DR2=0000000000000000 DR3=0000000000000000 
DR6=00000000ffff0ff0 DR7=0000000000000400
CCS=0000000000000004 CCD=0000000000000006 CCO=EFLAGS
EFER=0000000000000d00
Servicing hardware INT=0x20
    84: v=20 e=0000 i=0 cpl=0 IP=0038:000000007e7f07f2 pc=000000007e7f07f2 SP=0030:000000007fe96c60 env->regs[R_EAX]=00000000e0000000
RAX=00000000e0000000 RBX=0000000000000601 RCX=a58b88411adf688f RDX=0000000000b80004
RSI=000000007feb0b80 RDI=000000007e83e018 RBP=000000007fe96cf0 RSP=000000007fe96c60
R8 =47c71f16dec9b486 R9 =000000007f4e7920 R10=11d493d77739f24c R11=000000007f4e29c0
R12=000000007e83f698 R13=0000000000000000 R14=000000007feb0b80 R15=000000007feaee60
RIP=000000007e7f07f2 RFL=00000293 [--S-A-C] CPL=0 II=0 A20=1 SMM=0 HLT=0
ES =0030 0000000000000000 ffffffff 00cf9300 DPL=0 DS   [-WA]
CS =0038 0000000000000000 ffffffff 00af9a00 DPL=0 CS64 [-R-]
SS =0030 0000000000000000 ffffffff 00cf9300 DPL=0 DS   [-WA]
DS =0030 0000000000000000 ffffffff 00cf9300 DPL=0 DS   [-WA]
FS =0030 0000000000000000 ffffffff 00cf9300 DPL=0 DS   [-WA]
GS =0030 0000000000000000 ffffffff 00cf9300 DPL=0 DS   [-WA]
LDT=0000 0000000000000000 0000ffff 00008200 DPL=0 LDT
TR =0000 0000000000000000 0000ffff 00008b00 DPL=0 TSS64-busy
GDT=     000000007f5dc000 00000047
IDT=     000000007f138018 00000fff
CR0=80010033 CR2=0000000000000000 CR3=000000007f801000 CR4=00000668
DR0=0000000000000000 DR1=0000000000000000 DR2=0000000000000000 DR3=0000000000000000 
DR6=00000000ffff0ff0 DR7=0000000000000400
CCS=0000000000000091 CCD=00000000dffffffe CCO=EFLAGS
EFER=0000000000000d00
Servicing hardware INT=0x20
    85: v=20 e=0000 i=0 cpl=0 IP=0038:000000007fead13c pc=000000007fead13c SP=0030:000000007fe96520 env->regs[R_EAX]=00000000000000af
RAX=00000000000000af RBX=000000007e79e018 RCX=0000000000000000 RDX=000000007e79e018
RSI=000000007e7ba000 RDI=000000007e7b9708 RBP=000000007fe965a0 RSP=000000007fe96520
R8 =00000000000000af R9 =000000000001c000 R10=00000000009b0458 R11=0000000000000000
R12=000000000001b718 R13=000000000000000c R14=000000000000001c R15=000000007fe96894
RIP=000000007fead13c RFL=00000206 [-----P-] CPL=0 II=0 A20=1 SMM=0 HLT=0
ES =0030 0000000000000000 ffffffff 00cf9300 DPL=0 DS   [-WA]
CS =0038 0000000000000000 ffffffff 00af9a00 DPL=0 CS64 [-R-]
SS =0030 0000000000000000 ffffffff 00cf9300 DPL=0 DS   [-WA]
DS =0030 0000000000000000 ffffffff 00cf9300 DPL=0 DS   [-WA]
FS =0030 0000000000000000 ffffffff 00cf9300 DPL=0 DS   [-WA]
GS =0030 0000000000000000 ffffffff 00cf9300 DPL=0 DS   [-WA]
LDT=0000 0000000000000000 0000ffff 00008200 DPL=0 LDT
TR =0000 0000000000000000 0000ffff 00008b00 DPL=0 TSS64-busy
GDT=     000000007f5dc000 00000047
IDT=     000000007f138018 00000fff
CR0=80010033 CR2=0000000000000000 CR3=000000007f801000 CR4=00000668
DR0=0000000000000000 DR1=0000000000000000 DR2=0000000000000000 DR3=0000000000000000 
DR6=00000000ffff0ff0 DR7=0000000000000400
CCS=0000000000000004 CCD=000000000001b6f0 CCO=EFLAGS
EFER=0000000000000d00
Servicing hardware INT=0x20
    86: v=20 e=0000 i=0 cpl=0 IP=0038:000000007f6e973c pc=000000007f6e973c SP=0030:000000007fe96520 env->regs[R_EAX]=0000000000000000
RAX=0000000000000000 RBX=00000000ffc0275c RCX=0000000000000101 RDX=0000000000000000
RSI=0000000000000000 RDI=00000000ffc0276c RBP=000000007fe96550 RSP=000000007fe96520
R8 =000000000000075c R9 =000000007fe96618 R10=000000000000002c R11=000000007f6e97d2
R12=00000000ffc0276c R13=0000000000000000 R14=0000000000000011 R15=000000007fe96618
RIP=000000007f6e973c RFL=00000246 [---Z-P-] CPL=0 II=0 A20=1 SMM=0 HLT=0
ES =0030 0000000000000000 ffffffff 00cf9300 DPL=0 DS   [-WA]
CS =0038 0000000000000000 ffffffff 00af9a00 DPL=0 CS64 [-R-]
SS =0030 0000000000000000 ffffffff 00cf9300 DPL=0 DS   [-WA]
DS =0030 0000000000000000 ffffffff 00cf9300 DPL=0 DS   [-WA]
FS =0030 0000000000000000 ffffffff 00cf9300 DPL=0 DS   [-WA]
GS =0030 0000000000000000 ffffffff 00cf9300 DPL=0 DS   [-WA]
LDT=0000 0000000000000000 0000ffff 00008200 DPL=0 LDT
TR =0000 0000000000000000 0000ffff 00008b00 DPL=0 TSS64-busy
GDT=     000000007f5dc000 00000047
IDT=     000000007f138018 00000fff
CR0=80010033 CR2=0000000000000000 CR3=000000007f801000 CR4=00000668
DR0=0000000000000000 DR1=0000000000000000 DR2=0000000000000000 DR3=0000000000000000 
DR6=00000000ffff0ff0 DR7=0000000000000400
CCS=0000000000000044 CCD=0000000000000000 CCO=EFLAGS
EFER=0000000000000d00
Servicing hardware INT=0x20
    87: v=20 e=0000 i=0 cpl=0 IP=0038:000000007f6e973c pc=000000007f6e973c SP=0030:000000007fe96520 env->regs[R_EAX]=0000000000000000
RAX=0000000000000000 RBX=00000000ffc0275e RCX=0000000000000101 RDX=0000000000000000
RSI=0000000000000010 RDI=00000000ffc0275e RBP=000000007fe96550 RSP=000000007fe96520
R8 =000000000000075e R9 =000000007fe96618 R10=000000000000002c R11=000000007f6e97d2
R12=00000000ffc0275e R13=0000000000000010 R14=0000000000000000 R15=000000007fe96618
RIP=000000007f6e973c RFL=00000246 [---Z-P-] CPL=0 II=0 A20=1 SMM=0 HLT=0
ES =0030 0000000000000000 ffffffff 00cf9300 DPL=0 DS   [-WA]
CS =0038 0000000000000000 ffffffff 00af9a00 DPL=0 CS64 [-R-]
SS =0030 0000000000000000 ffffffff 00cf9300 DPL=0 DS   [-WA]
DS =0030 0000000000000000 ffffffff 00cf9300 DPL=0 DS   [-WA]
FS =0030 0000000000000000 ffffffff 00cf9300 DPL=0 DS   [-WA]
GS =0030 0000000000000000 ffffffff 00cf9300 DPL=0 DS   [-WA]
LDT=0000 0000000000000000 0000ffff 00008200 DPL=0 LDT
TR =0000 0000000000000000 0000ffff 00008b00 DPL=0 TSS64-busy
GDT=     000000007f5dc000 00000047
IDT=     000000007f138018 00000fff
CR0=80010033 CR2=0000000000000000 CR3=000000007f801000 CR4=00000668
DR0=0000000000000000 DR1=0000000000000000 DR2=0000000000000000 DR3=0000000000000000 
DR6=00000000ffff0ff0 DR7=0000000000000400
CCS=0000000000000044 CCD=0000000000000000 CCO=EFLAGS
EFER=0000000000000d00
Servicing hardware INT=0x20
    88: v=20 e=0000 i=0 cpl=0 IP=0038:000000007e98054e pc=000000007e98054e SP=0030:000000007fe96760 env->regs[R_EAX]=0000000000000000
RAX=0000000000000000 RBX=000000007e98d530 RCX=000000007fe967c6 RDX=000000007f6d9b70
RSI=000000007e82a198 RDI=000000007fe967c6 RBP=000000007fe96820 RSP=000000007fe96760
R8 =0000000000000064 R9 =0000000000000002 R10=000000007f6daac0 R11=000000007f6daac0
R12=000000007e82b818 R13=000000000000003e R14=0000000000000000 R15=0000000000000002
RIP=000000007e98054e RFL=00000206 [-----P-] CPL=0 II=0 A20=1 SMM=0 HLT=0
ES =0030 0000000000000000 ffffffff 00cf9300 DPL=0 DS   [-WA]
CS =0038 0000000000000000 ffffffff 00af9a00 DPL=0 CS64 [-R-]
SS =0030 0000000000000000 ffffffff 00cf9300 DPL=0 DS   [-WA]
DS =0030 0000000000000000 ffffffff 00cf9300 DPL=0 DS   [-WA]
FS =0030 0000000000000000 ffffffff 00cf9300 DPL=0 DS   [-WA]
GS =0030 0000000000000000 ffffffff 00cf9300 DPL=0 DS   [-WA]
LDT=0000 0000000000000000 0000ffff 00008200 DPL=0 LDT
TR =0000 0000000000000000 0000ffff 00008b00 DPL=0 TSS64-busy
GDT=     000000007f5dc000 00000047
IDT=     000000007f138018 00000fff
CR0=80010033 CR2=0000000000000000 CR3=000000007f801000 CR4=00000668
DR0=0000000000000000 DR1=0000000000000000 DR2=0000000000000000 DR3=0000000000000000 
DR6=00000000ffff0ff0 DR7=0000000000000400
CCS=0000000000000004 CCD=000000007fe96718 CCO=EFLAGS
EFER=0000000000000d00
Servicing hardware INT=0x20
    89: v=20 e=0000 i=0 cpl=0 IP=0038:000000007e97e201 pc=000000007e97e201 SP=0030:000000007fe96940 env->regs[R_EAX]=0000000000000000
RAX=0000000000000000 RBX=0000000000000002 RCX=000000007e98c0be RDX=000000007f6d9b70
RSI=000000007e98d530 RDI=000000007e98c0be RBP=000000007fe969c0 RSP=000000007fe96940
R8 =0000000000000064 R9 =0000000000000002 R10=000000007f6daac0 R11=000000007f6daac0
R12=000000007fe96b50 R13=000000007fe96af8 R14=000000007fe96ae0 R15=000000007e98d530
RIP=000000007e97e201 RFL=00000202 [-------] CPL=0 II=0 A20=1 SMM=0 HLT=0
ES =0030 0000000000000000 ffffffff 00cf9300 DPL=0 DS   [-WA]
CS =0038 0000000000000000 ffffffff 00af9a00 DPL=0 CS64 [-R-]
SS =0030 0000000000000000 ffffffff 00cf9300 DPL=0 DS   [-WA]
DS =0030 0000000000000000 ffffffff 00cf9300 DPL=0 DS   [-WA]
FS =0030 0000000000000000 ffffffff 00cf9300 DPL=0 DS   [-WA]
GS =0030 0000000000000000 ffffffff 00cf9300 DPL=0 DS   [-WA]
LDT=0000 0000000000000000 0000ffff 00008200 DPL=0 LDT
TR =0000 0000000000000000 0000ffff 00008b00 DPL=0 TSS64-busy
GDT=     000000007f5dc000 00000047
IDT=     000000007f138018 00000fff
CR0=80010033 CR2=0000000000000000 CR3=000000007f801000 CR4=00000668
DR0=0000000000000000 DR1=0000000000000000 DR2=0000000000000000 DR3=0000000000000000 
DR6=00000000ffff0ff0 DR7=0000000000000400
CCS=0000000000000000 CCD=000000007fe968f8 CCO=EFLAGS
EFER=0000000000000d00
Servicing hardware INT=0x20
    90: v=20 e=0000 i=0 cpl=0 IP=0038:000000007f6d4ffe pc=000000007f6d4ffe SP=0030:000000007fe96718 env->regs[R_EAX]=000000007f5cb198
RAX=000000007f5cb198 RBX=0000000000000059 RCX=0000000000002846 RDX=000000007f5ec8b0
RSI=0000000000000001 RDI=0000000000000000 RBP=000000007fe96720 RSP=000000007fe96718
R8 =0000000000000001 R9 =000000007ec8e01a R10=000000007f5cb198 R11=000000007f6e97d2
R12=000000007fe96848 R13=000000007ec8e018 R14=0000000000000000 R15=000000007fe96848
RIP=000000007f6d4ffe RFL=00000202 [-------] CPL=0 II=0 A20=1 SMM=0 HLT=0
ES =0030 0000000000000000 ffffffff 00cf9300 DPL=0 DS   [-WA]
CS =0038 0000000000000000 ffffffff 00af9a00 DPL=0 CS64 [-R-]
SS =0030 0000000000000000 ffffffff 00cf9300 DPL=0 DS   [-WA]
DS =0030 0000000000000000 ffffffff 00cf9300 DPL=0 DS   [-WA]
FS =0030 0000000000000000 ffffffff 00cf9300 DPL=0 DS   [-WA]
GS =0030 0000000000000000 ffffffff 00cf9300 DPL=0 DS   [-WA]
LDT=0000 0000000000000000 0000ffff 00008200 DPL=0 LDT
TR =0000 0000000000000000 0000ffff 00008b00 DPL=0 TSS64-busy
GDT=     000000007f5dc000 00000047
IDT=     000000007f138018 00000fff
CR0=80010033 CR2=0000000000000000 CR3=000000007f801000 CR4=00000668
DR0=0000000000000000 DR1=0000000000000000 DR2=0000000000000000 DR3=0000000000000000 
DR6=00000000ffff0ff0 DR7=0000000000000400
CCS=0000000000000000 CCD=0000000000002846 CCO=EFLAGS
EFER=0000000000000d00
Servicing hardware INT=0x20
    91: v=20 e=0000 i=0 cpl=0 IP=0038:000000007f6e973c pc=000000007f6e973c SP=0030:000000007fe965e0 env->regs[R_EAX]=0000000000000000
RAX=0000000000000000 RBX=00000000ffc028ea RCX=0000000000000101 RDX=0000000000000000
RSI=0000000000000010 RDI=00000000ffc028ea RBP=000000007fe96610 RSP=000000007fe965e0
R8 =00000000000008ea R9 =000000007fe966d8 R10=000000007f5cb198 R11=000000007f6e97d2
R12=00000000ffc028ea R13=0000000000000010 R14=0000000000000000 R15=000000007fe966d8
RIP=000000007f6e973c RFL=00000246 [---Z-P-] CPL=0 II=0 A20=1 SMM=0 HLT=0
ES =0030 0000000000000000 ffffffff 00cf9300 DPL=0 DS   [-WA]
CS =0038 0000000000000000 ffffffff 00af9a00 DPL=0 CS64 [-R-]
SS =0030 0000000000000000 ffffffff 00cf9300 DPL=0 DS   [-WA]
DS =0030 0000000000000000 ffffffff 00cf9300 DPL=0 DS   [-WA]
FS =0030 0000000000000000 ffffffff 00cf9300 DPL=0 DS   [-WA]
GS =0030 0000000000000000 ffffffff 00cf9300 DPL=0 DS   [-WA]
LDT=0000 0000000000000000 0000ffff 00008200 DPL=0 LDT
TR =0000 0000000000000000 0000ffff 00008b00 DPL=0 TSS64-busy
GDT=     000000007f5dc000 00000047
IDT=     000000007f138018 00000fff
CR0=80010033 CR2=0000000000000000 CR3=000000007f801000 CR4=00000668
DR0=0000000000000000 DR1=0000000000000000 DR2=0000000000000000 DR3=0000000000000000 
DR6=00000000ffff0ff0 DR7=0000000000000400
CCS=0000000000000044 CCD=0000000000000000 CCO=EFLAGS
EFER=0000000000000d00
Servicing hardware INT=0x20
    92: v=20 e=0000 i=0 cpl=0 IP=0038:000000007e98211d pc=000000007e98211d SP=0030:000000007fe969d0 env->regs[R_EAX]=0000000000000000
RAX=0000000000000000 RBX=000000007e98d530 RCX=000000007ed0dda0 RDX=000000007e82b888
RSI=000000007e98c982 RDI=000000007e98c116 RBP=000000007fe96e40 RSP=000000007fe969d0
R8 =00000000000000af R9 =0000000000000002 R10=0000000000000001 R11=000000007e82b898
R12=000000007fe96b50 R13=000000007fe96af8 R14=000000007fe96ae0 R15=000000007e98c980
RIP=000000007e98211d RFL=00000202 [-------] CPL=0 II=0 A20=1 SMM=0 HLT=0
ES =0030 0000000000000000 ffffffff 00cf9300 DPL=0 DS   [-WA]
CS =0038 0000000000000000 ffffffff 00af9a00 DPL=0 CS64 [-R-]
SS =0030 0000000000000000 ffffffff 00cf9300 DPL=0 DS   [-WA]
DS =0030 0000000000000000 ffffffff 00cf9300 DPL=0 DS   [-WA]
FS =0030 0000000000000000 ffffffff 00cf9300 DPL=0 DS   [-WA]
GS =0030 0000000000000000 ffffffff 00cf9300 DPL=0 DS   [-WA]
LDT=0000 0000000000000000 0000ffff 00008200 DPL=0 LDT
TR =0000 0000000000000000 0000ffff 00008b00 DPL=0 TSS64-busy
GDT=     000000007f5dc000 00000047
IDT=     000000007f138018 00000fff
CR0=80010033 CR2=0000000000000000 CR3=000000007f801000 CR4=00000668
DR0=0000000000000000 DR1=0000000000000000 DR2=0000000000000000 DR3=0000000000000000 
DR6=00000000ffff0ff0 DR7=0000000000000400
CCS=0000000000000000 CCD=000000007fe96980 CCO=EFLAGS
EFER=0000000000000d00
Servicing hardware INT=0x20
    93: v=20 e=0000 i=0 cpl=0 IP=0038:000000007e94395d pc=000000007e94395d SP=0030:000000007fe963f8 env->regs[R_EAX]=0000000000000000
RAX=0000000000000000 RBX=000000007e82a798 RCX=000000007e80fd18 RDX=000000007e80fc18
RSI=000000007e826918 RDI=000000007e82a798 RBP=000000007fe96760 RSP=000000007fe963f8
R8 =000000007e80e018 R9 =000000007e80eb98 R10=000000007e80fc30 R11=000000007feae690
R12=000000007e80e018 R13=000000007e80fd18 R14=000000007e80fc18 R15=000000007e826918
RIP=000000007e94395d RFL=00000202 [-------] CPL=0 II=0 A20=1 SMM=0 HLT=0
ES =0030 0000000000000000 ffffffff 00cf9300 DPL=0 DS   [-WA]
CS =0038 0000000000000000 ffffffff 00af9a00 DPL=0 CS64 [-R-]
SS =0030 0000000000000000 ffffffff 00cf9300 DPL=0 DS   [-WA]
DS =0030 0000000000000000 ffffffff 00cf9300 DPL=0 DS   [-WA]
FS =0030 0000000000000000 ffffffff 00cf9300 DPL=0 DS   [-WA]
GS =0030 0000000000000000 ffffffff 00cf9300 DPL=0 DS   [-WA]
LDT=0000 0000000000000000 0000ffff 00008200 DPL=0 LDT
TR =0000 0000000000000000 0000ffff 00008b00 DPL=0 TSS64-busy
GDT=     000000007f5dc000 00000047
IDT=     000000007f138018 00000fff
CR0=80010033 CR2=0000000000000000 CR3=000000007f801000 CR4=00000668
DR0=0000000000000000 DR1=0000000000000000 DR2=0000000000000000 DR3=0000000000000000 
DR6=00000000ffff0ff0 DR7=0000000000000400
CCS=0000000000000000 CCD=000000007fe963c8 CCO=EFLAGS
EFER=0000000000000d00
Servicing hardware INT=0x20
    94: v=20 e=0000 i=0 cpl=0 IP=0038:000000007f14088d pc=000000007f14088d SP=0030:000000007fe96220 env->regs[R_EAX]=000000007e80e818
RAX=000000007e80e818 RBX=000000007e80e818 RCX=0000000000000000 RDX=0000000000000004
RSI=0000000000000034 RDI=0000000000000034 RBP=000000007fe96240 RSP=000000007fe96220
R8 =00000000000000af R9 =000000007fe961da R10=0000000000000001 R11=0000000000000000
R12=0000000000000000 R13=0000000000000034 R14=0000000000000000 R15=000000007f1433d2
RIP=000000007f14088d RFL=00000246 [---Z-P-] CPL=0 II=0 A20=1 SMM=0 HLT=0
ES =0030 0000000000000000 ffffffff 00cf9300 DPL=0 DS   [-WA]
CS =0038 0000000000000000 ffffffff 00af9a00 DPL=0 CS64 [-R-]
SS =0030 0000000000000000 ffffffff 00cf9300 DPL=0 DS   [-WA]
DS =0030 0000000000000000 ffffffff 00cf9300 DPL=0 DS   [-WA]
FS =0030 0000000000000000 ffffffff 00cf9300 DPL=0 DS   [-WA]
GS =0030 0000000000000000 ffffffff 00cf9300 DPL=0 DS   [-WA]
LDT=0000 0000000000000000 0000ffff 00008200 DPL=0 LDT
TR =0000 0000000000000000 0000ffff 00008b00 DPL=0 TSS64-busy
GDT=     000000007f5dc000 00000047
IDT=     000000007f138018 00000fff
CR0=80010033 CR2=0000000000000000 CR3=000000007f801000 CR4=00000668
DR0=0000000000000000 DR1=0000000000000000 DR2=0000000000000000 DR3=0000000000000000 
DR6=00000000ffff0ff0 DR7=0000000000000400
CCS=0000000000000044 CCD=0000000000000000 CCO=EFLAGS
EFER=0000000000000d00
Servicing hardware INT=0x20
    95: v=20 e=0000 i=0 cpl=0 IP=0038:000000007fea46e9 pc=000000007fea46e9 SP=0030:000000007fe96318 env->regs[R_EAX]=00000000000025d8
RAX=00000000000025d8 RBX=000000007e7c4018 RCX=0000000000000003 RDX=0000000000000005
RSI=0000000000000013 RDI=000000007e7c4018 RBP=000000007fe96360 RSP=000000007fe96318
R8 =00000000000025d8 R9 =000000007e646018 R10=0000000000000000 R11=0000000000000012
R12=0000000000000000 R13=000000007e646018 R14=0000000000000000 R15=000000007e76d018
RIP=000000007fea46e9 RFL=00000282 [--S----] CPL=0 II=0 A20=1 SMM=0 HLT=0
ES =0030 0000000000000000 ffffffff 00cf9300 DPL=0 DS   [-WA]
CS =0038 0000000000000000 ffffffff 00af9a00 DPL=0 CS64 [-R-]
SS =0030 0000000000000000 ffffffff 00cf9300 DPL=0 DS   [-WA]
DS =0030 0000000000000000 ffffffff 00cf9300 DPL=0 DS   [-WA]
FS =0030 0000000000000000 ffffffff 00cf9300 DPL=0 DS   [-WA]
GS =0030 0000000000000000 ffffffff 00cf9300 DPL=0 DS   [-WA]
LDT=0000 0000000000000000 0000ffff 00008200 DPL=0 LDT
TR =0000 0000000000000000 0000ffff 00008b00 DPL=0 TSS64-busy
GDT=     000000007f5dc000 00000047
IDT=     000000007f138018 00000fff
CR0=80010033 CR2=0000000000000000 CR3=000000007f801000 CR4=00000668
DR0=0000000000000000 DR1=0000000000000000 DR2=0000000000000000 DR3=0000000000000000 
DR6=00000000ffff0ff0 DR7=0000000000000400
CCS=0000000000000080 CCD=000000008edebdda CCO=EFLAGS
EFER=0000000000000d00
Servicing hardware INT=0x20
    96: v=20 e=0000 i=0 cpl=0 IP=0038:000000007e9fe150 pc=000000007e9fe150 SP=0030:000000007fe96570 env->regs[R_EAX]=00000000d065e97f
RAX=00000000d065e97f RBX=000000007fe965d0 RCX=0000000000000518 RDX=0000000000000518
RSI=000000007fe9666c RDI=0000000000000004 RBP=000000007fe96610 RSP=000000007fe96570
R8 =0000000000000000 R9 =0000000000000518 R10=000000007feb11f8 R11=000000007feae690
R12=0000000000000000 R13=0000000000000000 R14=000000007fe965d0 R15=000000007feb8740
RIP=000000007e9fe150 RFL=00000206 [-----P-] CPL=0 II=0 A20=1 SMM=0 HLT=0
ES =0030 0000000000000000 ffffffff 00cf9300 DPL=0 DS   [-WA]
CS =0038 0000000000000000 ffffffff 00af9a00 DPL=0 CS64 [-R-]
SS =0030 0000000000000000 ffffffff 00cf9300 DPL=0 DS   [-WA]
DS =0030 0000000000000000 ffffffff 00cf9300 DPL=0 DS   [-WA]
FS =0030 0000000000000000 ffffffff 00cf9300 DPL=0 DS   [-WA]
GS =0030 0000000000000000 ffffffff 00cf9300 DPL=0 DS   [-WA]
LDT=0000 0000000000000000 0000ffff 00008200 DPL=0 LDT
TR =0000 0000000000000000 0000ffff 00008b00 DPL=0 TSS64-busy
GDT=     000000007f5dc000 00000047
IDT=     000000007f138018 00000fff
CR0=80010033 CR2=0000000000000000 CR3=000000007f801000 CR4=00000668
DR0=0000000000000000 DR1=0000000000000000 DR2=0000000000000000 DR3=0000000000000000 
DR6=00000000ffff0ff0 DR7=0000000000000400
CCS=0000000000000004 CCD=000000007fe96548 CCO=EFLAGS
EFER=0000000000000d00
Servicing hardware INT=0x20
    97: v=20 e=0000 i=0 cpl=0 IP=0038:000000007e9ff279 pc=000000007e9ff279 SP=0030:000000007fe96740 env->regs[R_EAX]=0000000000000000
RAX=0000000000000000 RBX=000000007e7c6198 RCX=000000007ed0dda0 RDX=000000007ecfcc78
RSI=000000007f7de000 RDI=000000007e809a18 RBP=000000007fe96830 RSP=000000007fe96740
R8 =00000000000000af R9 =000000007f5ec018 R10=000000007f6e1880 R11=0000000050793ec2
R12=000000007e82a698 R13=000000007e809318 R14=000000007e7c6018 R15=0000000000000000
RIP=000000007e9ff279 RFL=00000202 [-------] CPL=0 II=0 A20=1 SMM=0 HLT=0
ES =0030 0000000000000000 ffffffff 00cf9300 DPL=0 DS   [-WA]
CS =0038 0000000000000000 ffffffff 00af9a00 DPL=0 CS64 [-R-]
SS =0030 0000000000000000 ffffffff 00cf9300 DPL=0 DS   [-WA]
DS =0030 0000000000000000 ffffffff 00cf9300 DPL=0 DS   [-WA]
FS =0030 0000000000000000 ffffffff 00cf9300 DPL=0 DS   [-WA]
GS =0030 0000000000000000 ffffffff 00cf9300 DPL=0 DS   [-WA]
LDT=0000 0000000000000000 0000ffff 00008200 DPL=0 LDT
TR =0000 0000000000000000 0000ffff 00008b00 DPL=0 TSS64-busy
GDT=     000000007f5dc000 00000047
IDT=     000000007f138018 00000fff
CR0=80010033 CR2=0000000000000000 CR3=000000007f801000 CR4=00000668
DR0=0000000000000000 DR1=0000000000000000 DR2=0000000000000000 DR3=0000000000000000 
DR6=00000000ffff0ff0 DR7=0000000000000400
CCS=0000000000000000 CCD=0000000000000001 CCO=EFLAGS
EFER=0000000000000d00
Servicing hardware INT=0x20
    98: v=20 e=0000 i=0 cpl=0 IP=0038:000000007ecff26e pc=000000007ecff26e SP=0030:000000007fe96798 env->regs[R_EAX]=000000007ed0dda0
RAX=000000007ed0dda0 RBX=0000000000000008 RCX=000000007ed0dda0 RDX=0000000000000008
RSI=00000000ffffffff RDI=0000000000000001 RBP=000000007fe967d0 RSP=000000007fe96798
R8 =00000000000000af R9 =000000007ec8e06e R10=000000007f589a88 R11=000000007f6e97d2
R12=000000007ecfc5e0 R13=0000000000000080 R14=000000007feb86c0 R15=000000007feb8740
RIP=000000007ecff26e RFL=00000206 [-----P-] CPL=0 II=0 A20=1 SMM=0 HLT=0
ES =0030 0000000000000000 ffffffff 00cf9300 DPL=0 DS   [-WA]
CS =0038 0000000000000000 ffffffff 00af9a00 DPL=0 CS64 [-R-]
SS =0030 0000000000000000 ffffffff 00cf9300 DPL=0 DS   [-WA]
DS =0030 0000000000000000 ffffffff 00cf9300 DPL=0 DS   [-WA]
FS =0030 0000000000000000 ffffffff 00cf9300 DPL=0 DS   [-WA]
GS =0030 0000000000000000 ffffffff 00cf9300 DPL=0 DS   [-WA]
LDT=0000 0000000000000000 0000ffff 00008200 DPL=0 LDT
TR =0000 0000000000000000 0000ffff 00008b00 DPL=0 TSS64-busy
GDT=     000000007f5dc000 00000047
IDT=     000000007f138018 00000fff
CR0=80010033 CR2=0000000000000000 CR3=000000007f801000 CR4=00000668
DR0=0000000000000000 DR1=0000000000000000 DR2=0000000000000000 DR3=0000000000000000 
DR6=00000000ffff0ff0 DR7=0000000000000400
CCS=0000000000000020 CCD=000000007fe967a0 CCO=SUBQ
EFER=0000000000000d00
Servicing hardware INT=0x20
    99: v=20 e=0000 i=0 cpl=0 IP=0038:000000007f131352 pc=000000007f131352 SP=0030:000000007fe96400 env->regs[R_EAX]=0000000000000000
RAX=0000000000000000 RBX=0000000080026ac0 RCX=0000000000000002 RDX=000000007f131f18
RSI=0000000000000002 RDI=00000000000f6550 RBP=000000007fe96410 RSP=000000007fe96400
R8 =000000007fe9654c R9 =0000000080000000 R10=00000000000fffff R11=000000000000000a
R12=000000007fe9654c R13=0000000000000000 R14=000000007e7c2400 R15=0000000000000004
RIP=000000007f131352 RFL=00000202 [-------] CPL=0 II=0 A20=1 SMM=0 HLT=0
ES =0030 0000000000000000 ffffffff 00cf9300 DPL=0 DS   [-WA]
CS =0038 0000000000000000 ffffffff 00af9a00 DPL=0 CS64 [-R-]
SS =0030 0000000000000000 ffffffff 00cf9300 DPL=0 DS   [-WA]
DS =0030 0000000000000000 ffffffff 00cf9300 DPL=0 DS   [-WA]
FS =0030 0000000000000000 ffffffff 00cf9300 DPL=0 DS   [-WA]
GS =0030 0000000000000000 ffffffff 00cf9300 DPL=0 DS   [-WA]
LDT=0000 0000000000000000 0000ffff 00008200 DPL=0 LDT
TR =0000 0000000000000000 0000ffff 00008b00 DPL=0 TSS64-busy
GDT=     000000007f5dc000 00000047
IDT=     000000007f138018 00000fff
CR0=80010033 CR2=0000000000000000 CR3=000000007f801000 CR4=00000668
DR0=0000000000000000 DR1=0000000000000000 DR2=0000000000000000 DR3=0000000000000000 
DR6=00000000ffff0ff0 DR7=0000000000000400
CCS=0000000000000000 CCD=0000000000000001 CCO=EFLAGS
EFER=0000000000000d00
Servicing hardware INT=0x20
   100: v=20 e=0000 i=0 cpl=0 IP=0038:000000007f131c27 pc=000000007f131c27 SP=0030:000000007fe96420 env->regs[R_EAX]=0000000000000000
RAX=0000000000000000 RBX=00000000800e71f0 RCX=0000000000000002 RDX=000000007f131f18
RSI=0000000000000002 RDI=00000000000c6384 RBP=000000007fe96490 RSP=000000007fe96420
R8 =000000007fe9654c R9 =0000000080000000 R10=00000000000fffff R11=000000000000000a
R12=000000007fe9654c R13=0000000000000000 R14=000000007e7c2400 R15=0000000000000004
RIP=000000007f131c27 RFL=00000293 [--S-A-C] CPL=0 II=0 A20=1 SMM=0 HLT=0
ES =0030 0000000000000000 ffffffff 00cf9300 DPL=0 DS   [-WA]
CS =0038 0000000000000000 ffffffff 00af9a00 DPL=0 CS64 [-R-]
SS =0030 0000000000000000 ffffffff 00cf9300 DPL=0 DS   [-WA]
DS =0030 0000000000000000 ffffffff 00cf9300 DPL=0 DS   [-WA]
FS =0030 0000000000000000 ffffffff 00cf9300 DPL=0 DS   [-WA]
GS =0030 0000000000000000 ffffffff 00cf9300 DPL=0 DS   [-WA]
LDT=0000 0000000000000000 0000ffff 00008200 DPL=0 LDT
TR =0000 0000000000000000 0000ffff 00008b00 DPL=0 TSS64-busy
GDT=     000000007f5dc000 00000047
IDT=     000000007f138018 00000fff
CR0=80010033 CR2=0000000000000000 CR3=000000007f801000 CR4=00000668
DR0=0000000000000000 DR1=0000000000000000 DR2=0000000000000000 DR3=0000000000000000 
DR6=00000000ffff0ff0 DR7=0000000000000400
CCS=0000000000000091 CCD=fffffffffffffffe CCO=EFLAGS
EFER=0000000000000d00
Servicing hardware INT=0x20
   101: v=20 e=0000 i=0 cpl=0 IP=0038:000000007f131c27 pc=000000007f131c27 SP=0030:000000007fe96420 env->regs[R_EAX]=0000000000000000
RAX=0000000000000000 RBX=00000000801e3edc RCX=0000000000000002 RDX=000000007f131f18
RSI=0000000000000002 RDI=0000000000087049 RBP=000000007fe96490 RSP=000000007fe96420
R8 =000000007fe9654c R9 =0000000080000000 R10=00000000000fffff R11=000000000000000a
R12=000000007fe9654c R13=0000000000000000 R14=000000007e7c2400 R15=0000000000000004
RIP=000000007f131c27 RFL=00000293 [--S-A-C] CPL=0 II=0 A20=1 SMM=0 HLT=0
ES =0030 0000000000000000 ffffffff 00cf9300 DPL=0 DS   [-WA]
CS =0038 0000000000000000 ffffffff 00af9a00 DPL=0 CS64 [-R-]
SS =0030 0000000000000000 ffffffff 00cf9300 DPL=0 DS   [-WA]
DS =0030 0000000000000000 ffffffff 00cf9300 DPL=0 DS   [-WA]
FS =0030 0000000000000000 ffffffff 00cf9300 DPL=0 DS   [-WA]
GS =0030 0000000000000000 ffffffff 00cf9300 DPL=0 DS   [-WA]
LDT=0000 0000000000000000 0000ffff 00008200 DPL=0 LDT
TR =0000 0000000000000000 0000ffff 00008b00 DPL=0 TSS64-busy
GDT=     000000007f5dc000 00000047
IDT=     000000007f138018 00000fff
CR0=80010033 CR2=0000000000000000 CR3=000000007f801000 CR4=00000668
DR0=0000000000000000 DR1=0000000000000000 DR2=0000000000000000 DR3=0000000000000000 
DR6=00000000ffff0ff0 DR7=0000000000000400
CCS=0000000000000091 CCD=fffffffffffffffe CCO=EFLAGS
EFER=0000000000000d00
Servicing hardware INT=0x20
   102: v=20 e=0000 i=0 cpl=0 IP=0038:000000007f131c27 pc=000000007f131c27 SP=0030:000000007fe96420 env->regs[R_EAX]=0000000000000000
RAX=0000000000000000 RBX=00000000802eb730 RCX=0000000000000002 RDX=000000007f131f18
RSI=0000000000000002 RDI=0000000000045234 RBP=000000007fe96490 RSP=000000007fe96420
R8 =000000007fe9654c R9 =0000000080000000 R10=00000000000fffff R11=000000000000000a
R12=000000007fe9654c R13=0000000000000000 R14=000000007e7c2400 R15=0000000000000004
RIP=000000007f131c27 RFL=00000293 [--S-A-C] CPL=0 II=0 A20=1 SMM=0 HLT=0
ES =0030 0000000000000000 ffffffff 00cf9300 DPL=0 DS   [-WA]
CS =0038 0000000000000000 ffffffff 00af9a00 DPL=0 CS64 [-R-]
SS =0030 0000000000000000 ffffffff 00cf9300 DPL=0 DS   [-WA]
DS =0030 0000000000000000 ffffffff 00cf9300 DPL=0 DS   [-WA]
FS =0030 0000000000000000 ffffffff 00cf9300 DPL=0 DS   [-WA]
GS =0030 0000000000000000 ffffffff 00cf9300 DPL=0 DS   [-WA]
LDT=0000 0000000000000000 0000ffff 00008200 DPL=0 LDT
TR =0000 0000000000000000 0000ffff 00008b00 DPL=0 TSS64-busy
GDT=     000000007f5dc000 00000047
IDT=     000000007f138018 00000fff
CR0=80010033 CR2=0000000000000000 CR3=000000007f801000 CR4=00000668
DR0=0000000000000000 DR1=0000000000000000 DR2=0000000000000000 DR3=0000000000000000 
DR6=00000000ffff0ff0 DR7=0000000000000400
CCS=0000000000000091 CCD=fffffffffffffffe CCO=EFLAGS
EFER=0000000000000d00
Servicing hardware INT=0x20
   103: v=20 e=0000 i=0 cpl=0 IP=0038:000000007f131352 pc=000000007f131352 SP=0030:000000007fe96400 env->regs[R_EAX]=0000000000000000
RAX=0000000000000000 RBX=0000000080356da8 RCX=0000000000000002 RDX=000000007f131f18
RSI=0000000000000002 RDI=000000000002a496 RBP=000000007fe96410 RSP=000000007fe96400
R8 =000000007fe9654c R9 =0000000080000000 R10=00000000000fffff R11=000000000000000a
R12=000000007fe9654c R13=0000000000000000 R14=000000007e7c2400 R15=0000000000000004
RIP=000000007f131352 RFL=00000202 [-------] CPL=0 II=0 A20=1 SMM=0 HLT=0
ES =0030 0000000000000000 ffffffff 00cf9300 DPL=0 DS   [-WA]
CS =0038 0000000000000000 ffffffff 00af9a00 DPL=0 CS64 [-R-]
SS =0030 0000000000000000 ffffffff 00cf9300 DPL=0 DS   [-WA]
DS =0030 0000000000000000 ffffffff 00cf9300 DPL=0 DS   [-WA]
FS =0030 0000000000000000 ffffffff 00cf9300 DPL=0 DS   [-WA]
GS =0030 0000000000000000 ffffffff 00cf9300 DPL=0 DS   [-WA]
LDT=0000 0000000000000000 0000ffff 00008200 DPL=0 LDT
TR =0000 0000000000000000 0000ffff 00008b00 DPL=0 TSS64-busy
GDT=     000000007f5dc000 00000047
IDT=     000000007f138018 00000fff
CR0=80010033 CR2=0000000000000000 CR3=000000007f801000 CR4=00000668
DR0=0000000000000000 DR1=0000000000000000 DR2=0000000000000000 DR3=0000000000000000 
DR6=00000000ffff0ff0 DR7=0000000000000400
CCS=0000000000000000 CCD=0000000000000001 CCO=EFLAGS
EFER=0000000000000d00
Servicing hardware INT=0x20
   104: v=20 e=0000 i=0 cpl=0 IP=0038:000000007e7c15ea pc=000000007e7c15ea SP=0030:000000007fe964a0 env->regs[R_EAX]=0000000000000000
RAX=0000000000000000 RBX=0000000080000000 RCX=0000000000020001 RDX=0000000080000000
RSI=0000000000000004 RDI=0000000080367ffc RBP=000000007fe96550 RSP=000000007fe964a0
R8 =0000000000000000 R9 =0000000000000320 R10=0000000000000008 R11=00000000000000ff
R12=00000000003e8000 R13=000000007e7c3018 R14=0000000000000000 R15=0000000000000500
RIP=000000007e7c15ea RFL=00010246 [---Z-P-] CPL=0 II=0 A20=1 SMM=0 HLT=0
ES =0030 0000000000000000 ffffffff 00cf9300 DPL=0 DS   [-WA]
CS =0038 0000000000000000 ffffffff 00af9a00 DPL=0 CS64 [-R-]
SS =0030 0000000000000000 ffffffff 00cf9300 DPL=0 DS   [-WA]
DS =0030 0000000000000000 ffffffff 00cf9300 DPL=0 DS   [-WA]
FS =0030 0000000000000000 ffffffff 00cf9300 DPL=0 DS   [-WA]
GS =0030 0000000000000000 ffffffff 00cf9300 DPL=0 DS   [-WA]
LDT=0000 0000000000000000 0000ffff 00008200 DPL=0 LDT
TR =0000 0000000000000000 0000ffff 00008b00 DPL=0 TSS64-busy
GDT=     000000007f5dc000 00000047
IDT=     000000007f138018 00000fff
CR0=80010033 CR2=0000000000000000 CR3=000000007f801000 CR4=00000668
DR0=0000000000000000 DR1=0000000000000000 DR2=0000000000000000 DR3=0000000000000000 
DR6=00000000ffff0ff0 DR7=0000000000000400
CCS=0000000000000044 CCD=0000000000000000 CCO=EFLAGS
EFER=0000000000000d00
Servicing hardware INT=0x20
   105: v=20 e=0000 i=0 cpl=0 IP=0038:000000007f6d4048 pc=000000007f6d4048 SP=0030:000000007fe965c8 env->regs[R_EAX]=000000007f6d4048
RAX=000000007f6d4048 RBX=000000007e98c2fe RCX=000000007f6da390 RDX=000000000000001e
RSI=000000007f6da220 RDI=000000000000001e RBP=000000007fe96640 RSP=000000007fe965c8
R8 =000000007e7c5e98 R9 =0000000000000012 R10=0000000000000168 R11=000000007f6da388
R12=000000007f6da018 R13=800000000000000e R14=000000007f6da018 R15=000000000000001e
RIP=000000007f6d4048 RFL=00000206 [-----P-] CPL=0 II=0 A20=1 SMM=0 HLT=0
ES =0030 0000000000000000 ffffffff 00cf9300 DPL=0 DS   [-WA]
CS =0038 0000000000000000 ffffffff 00af9a00 DPL=0 CS64 [-R-]
SS =0030 0000000000000000 ffffffff 00cf9300 DPL=0 DS   [-WA]
DS =0030 0000000000000000 ffffffff 00cf9300 DPL=0 DS   [-WA]
FS =0030 0000000000000000 ffffffff 00cf9300 DPL=0 DS   [-WA]
GS =0030 0000000000000000 ffffffff 00cf9300 DPL=0 DS   [-WA]
LDT=0000 0000000000000000 0000ffff 00008200 DPL=0 LDT
TR =0000 0000000000000000 0000ffff 00008b00 DPL=0 TSS64-busy
GDT=     000000007f5dc000 00000047
IDT=     000000007f138018 00000fff
CR0=80010033 CR2=0000000000000000 CR3=000000007f801000 CR4=00000668
DR0=0000000000000000 DR1=0000000000000000 DR2=0000000000000000 DR3=0000000000000000 
DR6=00000000ffff0ff0 DR7=0000000000000400
CCS=0000000000000004 CCD=000000007f6d4048 CCO=EFLAGS
EFER=0000000000000d00
Servicing hardware INT=0x20
   106: v=20 e=0000 i=0 cpl=0 IP=0038:000000007f6e973c pc=000000007f6e973c SP=0030:000000007fe96450 env->regs[R_EAX]=0000000000000000
RAX=0000000000000000 RBX=00000000ffc0298c RCX=0000000000000101 RDX=0000000000000000
RSI=0000000000000010 RDI=00000000ffc029a8 RBP=000000007fe96480 RSP=000000007fe96450
R8 =000000000000098c R9 =000000007fe96548 R10=0000000000000000 R11=000000007f6e97d2
R12=00000000ffc029a8 R13=0000000000000010 R14=000000000000001c R15=000000007fe96548
RIP=000000007f6e973c RFL=00000246 [---Z-P-] CPL=0 II=0 A20=1 SMM=0 HLT=0
ES =0030 0000000000000000 ffffffff 00cf9300 DPL=0 DS   [-WA]
CS =0038 0000000000000000 ffffffff 00af9a00 DPL=0 CS64 [-R-]
SS =0030 0000000000000000 ffffffff 00cf9300 DPL=0 DS   [-WA]
DS =0030 0000000000000000 ffffffff 00cf9300 DPL=0 DS   [-WA]
FS =0030 0000000000000000 ffffffff 00cf9300 DPL=0 DS   [-WA]
GS =0030 0000000000000000 ffffffff 00cf9300 DPL=0 DS   [-WA]
LDT=0000 0000000000000000 0000ffff 00008200 DPL=0 LDT
TR =0000 0000000000000000 0000ffff 00008b00 DPL=0 TSS64-busy
GDT=     000000007f5dc000 00000047
IDT=     000000007f138018 00000fff
CR0=80010033 CR2=0000000000000000 CR3=000000007f801000 CR4=00000668
DR0=0000000000000000 DR1=0000000000000000 DR2=0000000000000000 DR3=0000000000000000 
DR6=00000000ffff0ff0 DR7=0000000000000400
CCS=0000000000000044 CCD=0000000000000000 CCO=EFLAGS
EFER=0000000000000d00
Servicing hardware INT=0x20
   107: v=20 e=0000 i=0 cpl=0 IP=0038:000000007f6e973c pc=000000007f6e973c SP=0030:000000007fe96450 env->regs[R_EAX]=0000000000000000
RAX=0000000000000000 RBX=00000000ffc0298c RCX=0000000000000101 RDX=0000000000000000
RSI=0000000000000010 RDI=00000000ffc029c5 RBP=000000007fe96480 RSP=000000007fe96450
R8 =000000000000098c R9 =000000007fe96548 R10=0000000000000000 R11=000000007f6e97d2
R12=00000000ffc029c5 R13=0000000000000010 R14=0000000000000039 R15=000000007fe96548
RIP=000000007f6e973c RFL=00000246 [---Z-P-] CPL=0 II=0 A20=1 SMM=0 HLT=0
ES =0030 0000000000000000 ffffffff 00cf9300 DPL=0 DS   [-WA]
CS =0038 0000000000000000 ffffffff 00af9a00 DPL=0 CS64 [-R-]
SS =0030 0000000000000000 ffffffff 00cf9300 DPL=0 DS   [-WA]
DS =0030 0000000000000000 ffffffff 00cf9300 DPL=0 DS   [-WA]
FS =0030 0000000000000000 ffffffff 00cf9300 DPL=0 DS   [-WA]
GS =0030 0000000000000000 ffffffff 00cf9300 DPL=0 DS   [-WA]
LDT=0000 0000000000000000 0000ffff 00008200 DPL=0 LDT
TR =0000 0000000000000000 0000ffff 00008b00 DPL=0 TSS64-busy
GDT=     000000007f5dc000 00000047
IDT=     000000007f138018 00000fff
CR0=80010033 CR2=0000000000000000 CR3=000000007f801000 CR4=00000668
DR0=0000000000000000 DR1=0000000000000000 DR2=0000000000000000 DR3=0000000000000000 
DR6=00000000ffff0ff0 DR7=0000000000000400
CCS=0000000000000044 CCD=0000000000000000 CCO=EFLAGS
EFER=0000000000000d00
Servicing hardware INT=0x20
   108: v=20 e=0000 i=0 cpl=0 IP=0038:000000007f6e973c pc=000000007f6e973c SP=0030:000000007fe96450 env->regs[R_EAX]=0000000000000000
RAX=0000000000000000 RBX=00000000ffc0298c RCX=0000000000000101 RDX=0000000000000000
RSI=0000000000000001 RDI=00000000ffc029ee RBP=000000007fe96480 RSP=000000007fe96450
R8 =000000000000098c R9 =000000007fe96548 R10=0000000000000000 R11=000000007f6e97d2
R12=00000000ffc029ee R13=0000000000000001 R14=0000000000000063 R15=000000007fe96548
RIP=000000007f6e973c RFL=00000246 [---Z-P-] CPL=0 II=0 A20=1 SMM=0 HLT=0
ES =0030 0000000000000000 ffffffff 00cf9300 DPL=0 DS   [-WA]
CS =0038 0000000000000000 ffffffff 00af9a00 DPL=0 CS64 [-R-]
SS =0030 0000000000000000 ffffffff 00cf9300 DPL=0 DS   [-WA]
DS =0030 0000000000000000 ffffffff 00cf9300 DPL=0 DS   [-WA]
FS =0030 0000000000000000 ffffffff 00cf9300 DPL=0 DS   [-WA]
GS =0030 0000000000000000 ffffffff 00cf9300 DPL=0 DS   [-WA]
LDT=0000 0000000000000000 0000ffff 00008200 DPL=0 LDT
TR =0000 0000000000000000 0000ffff 00008b00 DPL=0 TSS64-busy
GDT=     000000007f5dc000 00000047
IDT=     000000007f138018 00000fff
CR0=80010033 CR2=0000000000000000 CR3=000000007f801000 CR4=00000668
DR0=0000000000000000 DR1=0000000000000000 DR2=0000000000000000 DR3=0000000000000000 
DR6=00000000ffff0ff0 DR7=0000000000000400
CCS=0000000000000044 CCD=0000000000000000 CCO=EFLAGS
EFER=0000000000000d00
Servicing hardware INT=0x20
   109: v=20 e=0000 i=0 cpl=0 IP=0038:000000007e98b324 pc=000000007e98b324 SP=0030:000000007fe967f0 env->regs[R_EAX]=000000007e7c5f18
RAX=000000007e7c5f18 RBX=000000007e80fe98 RCX=000000007ed0dda0 RDX=000000007e7c5f88
RSI=000000007e98d5f0 RDI=000000007e98d5d0 RBP=000000007fe96880 RSP=000000007fe967f0
R8 =00000000000000af R9 =000000007e7c5fa7 R10=000000000000000c R11=000000007e7c5f98
R12=000000007e98d608 R13=000000007e98b23b R14=0000000000000003 R15=000000007fe96958
RIP=000000007e98b324 RFL=00000206 [-----P-] CPL=0 II=0 A20=1 SMM=0 HLT=0
ES =0030 0000000000000000 ffffffff 00cf9300 DPL=0 DS   [-WA]
CS =0038 0000000000000000 ffffffff 00af9a00 DPL=0 CS64 [-R-]
SS =0030 0000000000000000 ffffffff 00cf9300 DPL=0 DS   [-WA]
DS =0030 0000000000000000 ffffffff 00cf9300 DPL=0 DS   [-WA]
FS =0030 0000000000000000 ffffffff 00cf9300 DPL=0 DS   [-WA]
GS =0030 0000000000000000 ffffffff 00cf9300 DPL=0 DS   [-WA]
LDT=0000 0000000000000000 0000ffff 00008200 DPL=0 LDT
TR =0000 0000000000000000 0000ffff 00008b00 DPL=0 TSS64-busy
GDT=     000000007f5dc000 00000047
IDT=     000000007f138018 00000fff
CR0=80010033 CR2=0000000000000000 CR3=000000007f801000 CR4=00000668
DR0=0000000000000000 DR1=0000000000000000 DR2=0000000000000000 DR3=0000000000000000 
DR6=00000000ffff0ff0 DR7=0000000000000400
CCS=0000000000000004 CCD=000000007fe967c0 CCO=EFLAGS
EFER=0000000000000d00
Servicing hardware INT=0x20
   110: v=20 e=0000 i=0 cpl=0 IP=0038:000000007e97e825 pc=000000007e97e825 SP=0030:000000007fe96760 env->regs[R_EAX]=0000000000000000
RAX=0000000000000000 RBX=000000007e809218 RCX=000000007ed0dda0 RDX=000000007e7c5f88
RSI=000000007f6d7f82 RDI=000000007e7c5f98 RBP=000000007fe967e0 RSP=000000007fe96760
R8 =00000000000000af R9 =0000000000000002 R10=000000007f6daac0 R11=000000007f6daac0
R12=000000007e7c5f98 R13=000000007e98fb98 R14=0000000000000001 R15=0000000000000000
RIP=000000007e97e825 RFL=00000202 [-------] CPL=0 II=0 A20=1 SMM=0 HLT=0
ES =0030 0000000000000000 ffffffff 00cf9300 DPL=0 DS   [-WA]
CS =0038 0000000000000000 ffffffff 00af9a00 DPL=0 CS64 [-R-]
SS =0030 0000000000000000 ffffffff 00cf9300 DPL=0 DS   [-WA]
DS =0030 0000000000000000 ffffffff 00cf9300 DPL=0 DS   [-WA]
FS =0030 0000000000000000 ffffffff 00cf9300 DPL=0 DS   [-WA]
GS =0030 0000000000000000 ffffffff 00cf9300 DPL=0 DS   [-WA]
LDT=0000 0000000000000000 0000ffff 00008200 DPL=0 LDT
TR =0000 0000000000000000 0000ffff 00008b00 DPL=0 TSS64-busy
GDT=     000000007f5dc000 00000047
IDT=     000000007f138018 00000fff
CR0=80010033 CR2=0000000000000000 CR3=000000007f801000 CR4=00000668
DR0=0000000000000000 DR1=0000000000000000 DR2=0000000000000000 DR3=0000000000000000 
DR6=00000000ffff0ff0 DR7=0000000000000400
CCS=0000000000000000 CCD=000000007fe96740 CCO=EFLAGS
EFER=0000000000000d00
Servicing hardware INT=0x20
   111: v=20 e=0000 i=0 cpl=0 IP=0038:000000007f13da3b pc=000000007f13da3b SP=0030:000000007fe96718 env->regs[R_EAX]=000000007f145600
RAX=000000007f145600 RBX=000000007e98fb98 RCX=000000007e98fb98 RDX=000000007e98fb98
RSI=0000000000000000 RDI=0000000000000000 RBP=000000007fe96750 RSP=000000007fe96718
R8 =0000000000000001 R9 =000000007f58cbe0 R10=000000007f6daac0 R11=000000007f6daac0
R12=0000000000000000 R13=000000007e98fb98 R14=0000000000000002 R15=000000007e98bfd6
RIP=000000007f13da3b RFL=00000202 [-------] CPL=0 II=0 A20=1 SMM=0 HLT=0
ES =0030 0000000000000000 ffffffff 00cf9300 DPL=0 DS   [-WA]
CS =0038 0000000000000000 ffffffff 00af9a00 DPL=0 CS64 [-R-]
SS =0030 0000000000000000 ffffffff 00cf9300 DPL=0 DS   [-WA]
DS =0030 0000000000000000 ffffffff 00cf9300 DPL=0 DS   [-WA]
FS =0030 0000000000000000 ffffffff 00cf9300 DPL=0 DS   [-WA]
GS =0030 0000000000000000 ffffffff 00cf9300 DPL=0 DS   [-WA]
LDT=0000 0000000000000000 0000ffff 00008200 DPL=0 LDT
TR =0000 0000000000000000 0000ffff 00008b00 DPL=0 TSS64-busy
GDT=     000000007f5dc000 00000047
IDT=     000000007f138018 00000fff
CR0=80010033 CR2=0000000000000000 CR3=000000007f801000 CR4=00000668
DR0=0000000000000000 DR1=0000000000000000 DR2=0000000000000000 DR3=0000000000000000 
DR6=00000000ffff0ff0 DR7=0000000000000400
CCS=0000000000000000 CCD=000000007fe96720 CCO=EFLAGS
EFER=0000000000000d00
Servicing hardware INT=0x20
   112: v=20 e=0000 i=0 cpl=0 IP=0038:000000007f6d7ae4 pc=000000007f6d7ae4 SP=0030:000000007fe96580 env->regs[R_EAX]=000000007f58cbe0
RAX=000000007f58cbe0 RBX=0000000000000093 RCX=0000000000000000 RDX=000000007ec8e018
RSI=0000000000000000 RDI=0000000000000002 RBP=000000007fe96640 RSP=000000007fe96580
R8 =0000000000000003 R9 =000000007ec8e0aa R10=0000000000000000 R11=000000007f6e97d2
R12=000000007fe96690 R13=000000007ec8e018 R14=0000000000000000 R15=000000007fe96690
RIP=000000007f6d7ae4 RFL=00000206 [-----P-] CPL=0 II=0 A20=1 SMM=0 HLT=0
ES =0030 0000000000000000 ffffffff 00cf9300 DPL=0 DS   [-WA]
CS =0038 0000000000000000 ffffffff 00af9a00 DPL=0 CS64 [-R-]
SS =0030 0000000000000000 ffffffff 00cf9300 DPL=0 DS   [-WA]
DS =0030 0000000000000000 ffffffff 00cf9300 DPL=0 DS   [-WA]
FS =0030 0000000000000000 ffffffff 00cf9300 DPL=0 DS   [-WA]
GS =0030 0000000000000000 ffffffff 00cf9300 DPL=0 DS   [-WA]
LDT=0000 0000000000000000 0000ffff 00008200 DPL=0 LDT
TR =0000 0000000000000000 0000ffff 00008b00 DPL=0 TSS64-busy
GDT=     000000007f5dc000 00000047
IDT=     000000007f138018 00000fff
CR0=80010033 CR2=0000000000000000 CR3=000000007f801000 CR4=00000668
DR0=0000000000000000 DR1=0000000000000000 DR2=0000000000000000 DR3=0000000000000000 
DR6=00000000ffff0ff0 DR7=0000000000000400
CCS=0000000000000004 CCD=0000000000000012 CCO=EFLAGS
EFER=0000000000000d00
Servicing hardware INT=0x20
   113: v=20 e=0000 i=0 cpl=0 IP=0038:000000007f6e973c pc=000000007f6e973c SP=0030:000000007fe96450 env->regs[R_EAX]=0000000000000000
RAX=0000000000000000 RBX=00000000ffc02c5c RCX=0000000000000101 RDX=0000000000000000
RSI=0000000000000010 RDI=00000000ffc02c71 RBP=000000007fe96480 RSP=000000007fe96450
R8 =0000000000000c5c R9 =000000007fe96548 R10=0000000000000000 R11=000000007f6e97d2
R12=00000000ffc02c71 R13=0000000000000010 R14=0000000000000015 R15=000000007fe96548
RIP=000000007f6e973c RFL=00000246 [---Z-P-] CPL=0 II=0 A20=1 SMM=0 HLT=0
ES =0030 0000000000000000 ffffffff 00cf9300 DPL=0 DS   [-WA]
CS =0038 0000000000000000 ffffffff 00af9a00 DPL=0 CS64 [-R-]
SS =0030 0000000000000000 ffffffff 00cf9300 DPL=0 DS   [-WA]
DS =0030 0000000000000000 ffffffff 00cf9300 DPL=0 DS   [-WA]
FS =0030 0000000000000000 ffffffff 00cf9300 DPL=0 DS   [-WA]
GS =0030 0000000000000000 ffffffff 00cf9300 DPL=0 DS   [-WA]
LDT=0000 0000000000000000 0000ffff 00008200 DPL=0 LDT
TR =0000 0000000000000000 0000ffff 00008b00 DPL=0 TSS64-busy
GDT=     000000007f5dc000 00000047
IDT=     000000007f138018 00000fff
CR0=80010033 CR2=0000000000000000 CR3=000000007f801000 CR4=00000668
DR0=0000000000000000 DR1=0000000000000000 DR2=0000000000000000 DR3=0000000000000000 
DR6=00000000ffff0ff0 DR7=0000000000000400
CCS=0000000000000044 CCD=0000000000000000 CCO=EFLAGS
EFER=0000000000000d00
Servicing hardware INT=0x20
   114: v=20 e=0000 i=0 cpl=0 IP=0038:000000007f6e973c pc=000000007f6e973c SP=0030:000000007fe96450 env->regs[R_EAX]=0000000000000000
RAX=0000000000000000 RBX=00000000ffc02c5c RCX=0000000000000101 RDX=0000000000000000
RSI=0000000000000010 RDI=00000000ffc02c99 RBP=000000007fe96480 RSP=000000007fe96450
R8 =0000000000000c5c R9 =000000007fe96548 R10=0000000000000000 R11=000000007f6e97d2
R12=00000000ffc02c99 R13=0000000000000010 R14=000000000000003d R15=000000007fe96548
RIP=000000007f6e973c RFL=00000246 [---Z-P-] CPL=0 II=0 A20=1 SMM=0 HLT=0
ES =0030 0000000000000000 ffffffff 00cf9300 DPL=0 DS   [-WA]
CS =0038 0000000000000000 ffffffff 00af9a00 DPL=0 CS64 [-R-]
SS =0030 0000000000000000 ffffffff 00cf9300 DPL=0 DS   [-WA]
DS =0030 0000000000000000 ffffffff 00cf9300 DPL=0 DS   [-WA]
FS =0030 0000000000000000 ffffffff 00cf9300 DPL=0 DS   [-WA]
GS =0030 0000000000000000 ffffffff 00cf9300 DPL=0 DS   [-WA]
LDT=0000 0000000000000000 0000ffff 00008200 DPL=0 LDT
TR =0000 0000000000000000 0000ffff 00008b00 DPL=0 TSS64-busy
GDT=     000000007f5dc000 00000047
IDT=     000000007f138018 00000fff
CR0=80010033 CR2=0000000000000000 CR3=000000007f801000 CR4=00000668
DR0=0000000000000000 DR1=0000000000000000 DR2=0000000000000000 DR3=0000000000000000 
DR6=00000000ffff0ff0 DR7=0000000000000400
CCS=0000000000000044 CCD=0000000000000000 CCO=EFLAGS
EFER=0000000000000d00
Servicing hardware INT=0x20
   115: v=20 e=0000 i=0 cpl=0 IP=0038:000000007f6e973c pc=000000007f6e973c SP=0030:000000007fe96450 env->regs[R_EAX]=0000000000000000
RAX=0000000000000000 RBX=00000000ffc02c5c RCX=0000000000000101 RDX=0000000000000000
RSI=0000000000000010 RDI=00000000ffc02cbd RBP=000000007fe96480 RSP=000000007fe96450
R8 =0000000000000c5c R9 =000000007fe96548 R10=0000000000000000 R11=000000007f6e97d2
R12=00000000ffc02cbd R13=0000000000000010 R14=0000000000000061 R15=000000007fe96548
RIP=000000007f6e973c RFL=00000246 [---Z-P-] CPL=0 II=0 A20=1 SMM=0 HLT=0
ES =0030 0000000000000000 ffffffff 00cf9300 DPL=0 DS   [-WA]
CS =0038 0000000000000000 ffffffff 00af9a00 DPL=0 CS64 [-R-]
SS =0030 0000000000000000 ffffffff 00cf9300 DPL=0 DS   [-WA]
DS =0030 0000000000000000 ffffffff 00cf9300 DPL=0 DS   [-WA]
FS =0030 0000000000000000 ffffffff 00cf9300 DPL=0 DS   [-WA]
GS =0030 0000000000000000 ffffffff 00cf9300 DPL=0 DS   [-WA]
LDT=0000 0000000000000000 0000ffff 00008200 DPL=0 LDT
TR =0000 0000000000000000 0000ffff 00008b00 DPL=0 TSS64-busy
GDT=     000000007f5dc000 00000047
IDT=     000000007f138018 00000fff
CR0=80010033 CR2=0000000000000000 CR3=000000007f801000 CR4=00000668
DR0=0000000000000000 DR1=0000000000000000 DR2=0000000000000000 DR3=0000000000000000 
DR6=00000000ffff0ff0 DR7=0000000000000400
CCS=0000000000000044 CCD=0000000000000000 CCO=EFLAGS
EFER=0000000000000d00
Servicing hardware INT=0x20
   116: v=20 e=0000 i=0 cpl=0 IP=0038:000000007f6d3127 pc=000000007f6d3127 SP=0030:000000007fe96568 env->regs[R_EAX]=0000000000000000
RAX=0000000000000000 RBX=000000000000003c RCX=000000007ec0e09e RDX=0000000000000008
RSI=0000000000000001 RDI=000000007ec0e034 RBP=000000007fe96570 RSP=000000007fe96568
R8 =0000000000000001 R9 =0000000000000000 R10=000000007f6daac0 R11=000000007f6daac0
R12=000000007fe96668 R13=0000000000000000 R14=0000000000000001 R15=0000000000000000
RIP=000000007f6d3127 RFL=00000213 [----A-C] CPL=0 II=0 A20=1 SMM=0 HLT=0
ES =0030 0000000000000000 ffffffff 00cf9300 DPL=0 DS   [-WA]
CS =0038 0000000000000000 ffffffff 00af9a00 DPL=0 CS64 [-R-]
SS =0030 0000000000000000 ffffffff 00cf9300 DPL=0 DS   [-WA]
DS =0030 0000000000000000 ffffffff 00cf9300 DPL=0 DS   [-WA]
FS =0030 0000000000000000 ffffffff 00cf9300 DPL=0 DS   [-WA]
GS =0030 0000000000000000 ffffffff 00cf9300 DPL=0 DS   [-WA]
LDT=0000 0000000000000000 0000ffff 00008200 DPL=0 LDT
TR =0000 0000000000000000 0000ffff 00008b00 DPL=0 TSS64-busy
GDT=     000000007f5dc000 00000047
IDT=     000000007f138018 00000fff
CR0=80010033 CR2=0000000000000000 CR3=000000007f801000 CR4=00000668
DR0=0000000000000000 DR1=0000000000000000 DR2=0000000000000000 DR3=0000000000000000 
DR6=00000000ffff0ff0 DR7=0000000000000400
CCS=0000000000000011 CCD=0000000000000007 CCO=EFLAGS
EFER=0000000000000d00
Servicing hardware INT=0x20
   117: v=20 e=0000 i=0 cpl=0 IP=0038:000000007f6e973c pc=000000007f6e973c SP=0030:000000007fe96450 env->regs[R_EAX]=0000000000000000
RAX=0000000000000000 RBX=00000000ffc02d58 RCX=0000000000000101 RDX=0000000000000000
RSI=0000000000000010 RDI=00000000ffc02d70 RBP=000000007fe96480 RSP=000000007fe96450
R8 =0000000000000d58 R9 =000000007fe96548 R10=0000000000000000 R11=000000007f6e97d2
R12=00000000ffc02d70 R13=0000000000000010 R14=0000000000000018 R15=000000007fe96548
RIP=000000007f6e973c RFL=00000246 [---Z-P-] CPL=0 II=0 A20=1 SMM=0 HLT=0
ES =0030 0000000000000000 ffffffff 00cf9300 DPL=0 DS   [-WA]
CS =0038 0000000000000000 ffffffff 00af9a00 DPL=0 CS64 [-R-]
SS =0030 0000000000000000 ffffffff 00cf9300 DPL=0 DS   [-WA]
DS =0030 0000000000000000 ffffffff 00cf9300 DPL=0 DS   [-WA]
FS =0030 0000000000000000 ffffffff 00cf9300 DPL=0 DS   [-WA]
GS =0030 0000000000000000 ffffffff 00cf9300 DPL=0 DS   [-WA]
LDT=0000 0000000000000000 0000ffff 00008200 DPL=0 LDT
TR =0000 0000000000000000 0000ffff 00008b00 DPL=0 TSS64-busy
GDT=     000000007f5dc000 00000047
IDT=     000000007f138018 00000fff
CR0=80010033 CR2=0000000000000000 CR3=000000007f801000 CR4=00000668
DR0=0000000000000000 DR1=0000000000000000 DR2=0000000000000000 DR3=0000000000000000 
DR6=00000000ffff0ff0 DR7=0000000000000400
CCS=0000000000000044 CCD=0000000000000000 CCO=EFLAGS
EFER=0000000000000d00
Servicing hardware INT=0x20
   118: v=20 e=0000 i=0 cpl=0 IP=0038:000000007f6e973c pc=000000007f6e973c SP=0030:000000007fe96450 env->regs[R_EAX]=0000000000000000
RAX=0000000000000000 RBX=00000000ffc02d58 RCX=0000000000000101 RDX=0000000000000000
RSI=0000000000000001 RDI=00000000ffc02da1 RBP=000000007fe96480 RSP=000000007fe96450
R8 =0000000000000d58 R9 =000000007fe96548 R10=0000000000000000 R11=000000007f6e97d2
R12=00000000ffc02da1 R13=0000000000000001 R14=000000000000004a R15=000000007fe96548
RIP=000000007f6e973c RFL=00000246 [---Z-P-] CPL=0 II=0 A20=1 SMM=0 HLT=0
ES =0030 0000000000000000 ffffffff 00cf9300 DPL=0 DS   [-WA]
CS =0038 0000000000000000 ffffffff 00af9a00 DPL=0 CS64 [-R-]
SS =0030 0000000000000000 ffffffff 00cf9300 DPL=0 DS   [-WA]
DS =0030 0000000000000000 ffffffff 00cf9300 DPL=0 DS   [-WA]
FS =0030 0000000000000000 ffffffff 00cf9300 DPL=0 DS   [-WA]
GS =0030 0000000000000000 ffffffff 00cf9300 DPL=0 DS   [-WA]
LDT=0000 0000000000000000 0000ffff 00008200 DPL=0 LDT
TR =0000 0000000000000000 0000ffff 00008b00 DPL=0 TSS64-busy
GDT=     000000007f5dc000 00000047
IDT=     000000007f138018 00000fff
CR0=80010033 CR2=0000000000000000 CR3=000000007f801000 CR4=00000668
DR0=0000000000000000 DR1=0000000000000000 DR2=0000000000000000 DR3=0000000000000000 
DR6=00000000ffff0ff0 DR7=0000000000000400
CCS=0000000000000044 CCD=0000000000000000 CCO=EFLAGS
EFER=0000000000000d00
Servicing hardware INT=0x20
   119: v=20 e=0000 i=0 cpl=0 IP=0038:000000007f6d30ac pc=000000007f6d30ac SP=0030:000000007fe96578 env->regs[R_EAX]=0000000000000001
RAX=0000000000000001 RBX=000000000000003c RCX=000000007fe96668 RDX=0000000000000000
RSI=000000007ec8e018 RDI=000000007ec0e034 RBP=000000007fe965d0 RSP=000000007fe96578
R8 =0000000000000001 R9 =000000007ec0e034 R10=000000007f6daac0 R11=000000007f6daac0
R12=000000007fe96668 R13=0000000000000000 R14=0000000000000001 R15=0000000000000000
RIP=000000007f6d30ac RFL=00000202 [-------] CPL=0 II=0 A20=1 SMM=0 HLT=0
ES =0030 0000000000000000 ffffffff 00cf9300 DPL=0 DS   [-WA]
CS =0038 0000000000000000 ffffffff 00af9a00 DPL=0 CS64 [-R-]
SS =0030 0000000000000000 ffffffff 00cf9300 DPL=0 DS   [-WA]
DS =0030 0000000000000000 ffffffff 00cf9300 DPL=0 DS   [-WA]
FS =0030 0000000000000000 ffffffff 00cf9300 DPL=0 DS   [-WA]
GS =0030 0000000000000000 ffffffff 00cf9300 DPL=0 DS   [-WA]
LDT=0000 0000000000000000 0000ffff 00008200 DPL=0 LDT
TR =0000 0000000000000000 0000ffff 00008b00 DPL=0 TSS64-busy
GDT=     000000007f5dc000 00000047
IDT=     000000007f138018 00000fff
CR0=80010033 CR2=0000000000000000 CR3=000000007f801000 CR4=00000668
DR0=0000000000000000 DR1=0000000000000000 DR2=0000000000000000 DR3=0000000000000000 
DR6=00000000ffff0ff0 DR7=0000000000000400
CCS=0000000000000000 CCD=000000007ec0e034 CCO=EFLAGS
EFER=0000000000000d00
Servicing hardware INT=0x20
   120: v=20 e=0000 i=0 cpl=0 IP=0038:000000007f6e973c pc=000000007f6e973c SP=0030:000000007fe96450 env->regs[R_EAX]=0000000000000000
RAX=0000000000000000 RBX=00000000ffc02e54 RCX=0000000000000101 RDX=0000000000000000
RSI=0000000000000010 RDI=00000000ffc02e5a RBP=000000007fe96480 RSP=000000007fe96450
R8 =0000000000000e54 R9 =000000007fe96548 R10=0000000000000000 R11=000000007f6e97d2
R12=00000000ffc02e5a R13=0000000000000010 R14=0000000000000006 R15=000000007fe96548
RIP=000000007f6e973c RFL=00000246 [---Z-P-] CPL=0 II=0 A20=1 SMM=0 HLT=0
ES =0030 0000000000000000 ffffffff 00cf9300 DPL=0 DS   [-WA]
CS =0038 0000000000000000 ffffffff 00af9a00 DPL=0 CS64 [-R-]
SS =0030 0000000000000000 ffffffff 00cf9300 DPL=0 DS   [-WA]
DS =0030 0000000000000000 ffffffff 00cf9300 DPL=0 DS   [-WA]
FS =0030 0000000000000000 ffffffff 00cf9300 DPL=0 DS   [-WA]
GS =0030 0000000000000000 ffffffff 00cf9300 DPL=0 DS   [-WA]
LDT=0000 0000000000000000 0000ffff 00008200 DPL=0 LDT
TR =0000 0000000000000000 0000ffff 00008b00 DPL=0 TSS64-busy
GDT=     000000007f5dc000 00000047
IDT=     000000007f138018 00000fff
CR0=80010033 CR2=0000000000000000 CR3=000000007f801000 CR4=00000668
DR0=0000000000000000 DR1=0000000000000000 DR2=0000000000000000 DR3=0000000000000000 
DR6=00000000ffff0ff0 DR7=0000000000000400
CCS=0000000000000044 CCD=0000000000000000 CCO=EFLAGS
EFER=0000000000000d00
Servicing hardware INT=0x20
   121: v=20 e=0000 i=0 cpl=0 IP=0038:000000007f6e973c pc=000000007f6e973c SP=0030:000000007fe96450 env->regs[R_EAX]=0000000000000000
RAX=0000000000000000 RBX=00000000ffc02e54 RCX=0000000000000101 RDX=0000000000000000
RSI=0000000000000061 RDI=00000000ffc02e80 RBP=000000007fe96480 RSP=000000007fe96450
R8 =0000000000000e54 R9 =000000007fe96548 R10=0000000000000000 R11=000000007f6e97d2
R12=00000000ffc02e80 R13=0000000000000061 R14=000000000000002d R15=000000007fe96548
RIP=000000007f6e973c RFL=00000246 [---Z-P-] CPL=0 II=0 A20=1 SMM=0 HLT=0
ES =0030 0000000000000000 ffffffff 00cf9300 DPL=0 DS   [-WA]
CS =0038 0000000000000000 ffffffff 00af9a00 DPL=0 CS64 [-R-]
SS =0030 0000000000000000 ffffffff 00cf9300 DPL=0 DS   [-WA]
DS =0030 0000000000000000 ffffffff 00cf9300 DPL=0 DS   [-WA]
FS =0030 0000000000000000 ffffffff 00cf9300 DPL=0 DS   [-WA]
GS =0030 0000000000000000 ffffffff 00cf9300 DPL=0 DS   [-WA]
LDT=0000 0000000000000000 0000ffff 00008200 DPL=0 LDT
TR =0000 0000000000000000 0000ffff 00008b00 DPL=0 TSS64-busy
GDT=     000000007f5dc000 00000047
IDT=     000000007f138018 00000fff
CR0=80010033 CR2=0000000000000000 CR3=000000007f801000 CR4=00000668
DR0=0000000000000000 DR1=0000000000000000 DR2=0000000000000000 DR3=0000000000000000 
DR6=00000000ffff0ff0 DR7=0000000000000400
CCS=0000000000000044 CCD=0000000000000000 CCO=EFLAGS
EFER=0000000000000d00
Servicing hardware INT=0x20
   122: v=20 e=0000 i=0 cpl=0 IP=0038:000000007f6e973c pc=000000007f6e973c SP=0030:000000007fe96450 env->regs[R_EAX]=0000000000000000
RAX=0000000000000000 RBX=00000000ffc02e54 RCX=0000000000000101 RDX=0000000000000000
RSI=0000000000000010 RDI=00000000ffc02eb7 RBP=000000007fe96480 RSP=000000007fe96450
R8 =0000000000000e54 R9 =000000007fe96548 R10=0000000000000000 R11=000000007f6e97d2
R12=00000000ffc02eb7 R13=0000000000000010 R14=0000000000000063 R15=000000007fe96548
RIP=000000007f6e973c RFL=00000246 [---Z-P-] CPL=0 II=0 A20=1 SMM=0 HLT=0
ES =0030 0000000000000000 ffffffff 00cf9300 DPL=0 DS   [-WA]
CS =0038 0000000000000000 ffffffff 00af9a00 DPL=0 CS64 [-R-]
SS =0030 0000000000000000 ffffffff 00cf9300 DPL=0 DS   [-WA]
DS =0030 0000000000000000 ffffffff 00cf9300 DPL=0 DS   [-WA]
FS =0030 0000000000000000 ffffffff 00cf9300 DPL=0 DS   [-WA]
GS =0030 0000000000000000 ffffffff 00cf9300 DPL=0 DS   [-WA]
LDT=0000 0000000000000000 0000ffff 00008200 DPL=0 LDT
TR =0000 0000000000000000 0000ffff 00008b00 DPL=0 TSS64-busy
GDT=     000000007f5dc000 00000047
IDT=     000000007f138018 00000fff
CR0=80010033 CR2=0000000000000000 CR3=000000007f801000 CR4=00000668
DR0=0000000000000000 DR1=0000000000000000 DR2=0000000000000000 DR3=0000000000000000 
DR6=00000000ffff0ff0 DR7=0000000000000400
CCS=0000000000000044 CCD=0000000000000000 CCO=EFLAGS
EFER=0000000000000d00
Servicing hardware INT=0x20
   123: v=20 e=0000 i=0 cpl=0 IP=0038:000000007f6e973c pc=000000007f6e973c SP=0030:000000007fe96450 env->regs[R_EAX]=0000000000000000
RAX=0000000000000000 RBX=00000000ffc02e54 RCX=0000000000000101 RDX=0000000000000000
RSI=00000000000000e7 RDI=00000000ffc02edf RBP=000000007fe96480 RSP=000000007fe96450
R8 =0000000000000e54 R9 =000000007fe96548 R10=0000000000000000 R11=000000007f6e97d2
R12=00000000ffc02edf R13=00000000000000e7 R14=000000000000008c R15=000000007fe96548
RIP=000000007f6e973c RFL=00000246 [---Z-P-] CPL=0 II=0 A20=1 SMM=0 HLT=0
ES =0030 0000000000000000 ffffffff 00cf9300 DPL=0 DS   [-WA]
CS =0038 0000000000000000 ffffffff 00af9a00 DPL=0 CS64 [-R-]
SS =0030 0000000000000000 ffffffff 00cf9300 DPL=0 DS   [-WA]
DS =0030 0000000000000000 ffffffff 00cf9300 DPL=0 DS   [-WA]
FS =0030 0000000000000000 ffffffff 00cf9300 DPL=0 DS   [-WA]
GS =0030 0000000000000000 ffffffff 00cf9300 DPL=0 DS   [-WA]
LDT=0000 0000000000000000 0000ffff 00008200 DPL=0 LDT
TR =0000 0000000000000000 0000ffff 00008b00 DPL=0 TSS64-busy
GDT=     000000007f5dc000 00000047
IDT=     000000007f138018 00000fff
CR0=80010033 CR2=0000000000000000 CR3=000000007f801000 CR4=00000668
DR0=0000000000000000 DR1=0000000000000000 DR2=0000000000000000 DR3=0000000000000000 
DR6=00000000ffff0ff0 DR7=0000000000000400
CCS=0000000000000044 CCD=0000000000000000 CCO=EFLAGS
EFER=0000000000000d00
Servicing hardware INT=0x20
   124: v=20 e=0000 i=0 cpl=0 IP=0038:000000007ec05d6a pc=000000007ec05d6a SP=0030:000000007fe966b0 env->regs[R_EAX]=00000000e0000000
RAX=00000000e0000000 RBX=00000000e00fa024 RCX=00000000000fa024 RDX=0000000000006041
RSI=00000000000fa028 RDI=000000007fe968e4 RBP=000000007fe96710 RSP=000000007fe966b0
R8 =0000000000000000 R9 =000000007fe967ff R10=0000000000000001 R11=000000007f6daac0
R12=0000000081084000 R13=0000000000000007 R14=0000000000000004 R15=00000000000fa024
RIP=000000007ec05d6a RFL=00000246 [---Z-P-] CPL=0 II=0 A20=1 SMM=0 HLT=0
ES =0030 0000000000000000 ffffffff 00cf9300 DPL=0 DS   [-WA]
CS =0038 0000000000000000 ffffffff 00af9a00 DPL=0 CS64 [-R-]
SS =0030 0000000000000000 ffffffff 00cf9300 DPL=0 DS   [-WA]
DS =0030 0000000000000000 ffffffff 00cf9300 DPL=0 DS   [-WA]
FS =0030 0000000000000000 ffffffff 00cf9300 DPL=0 DS   [-WA]
GS =0030 0000000000000000 ffffffff 00cf9300 DPL=0 DS   [-WA]
LDT=0000 0000000000000000 0000ffff 00008200 DPL=0 LDT
TR =0000 0000000000000000 0000ffff 00008b00 DPL=0 TSS64-busy
GDT=     000000007f5dc000 00000047
IDT=     000000007f138018 00000fff
CR0=80010033 CR2=0000000000000000 CR3=000000007f801000 CR4=00000668
DR0=0000000000000000 DR1=0000000000000000 DR2=0000000000000000 DR3=0000000000000000 
DR6=00000000ffff0ff0 DR7=0000000000000400
CCS=0000000000000044 CCD=00000000e0000000 CCO=EFLAGS
EFER=0000000000000d00
Servicing hardware INT=0x20
   125: v=20 e=0000 i=0 cpl=0 IP=0038:000000007ecff26e pc=000000007ecff26e SP=0030:000000007fe961d8 env->regs[R_EAX]=000000007ed0dda0
RAX=000000007ed0dda0 RBX=0000000000000004 RCX=000000007ed0dda0 RDX=000000007feb0c50
RSI=0000000000000000 RDI=0000000000000001 RBP=000000007fe96210 RSP=000000007fe961d8
R8 =000000007fe961ac R9 =000000007fe961b0 R10=0000000000000001 R11=000000007f6daac0
R12=0000000081084000 R13=0000000000000007 R14=0000000000000004 R15=00000000000fa024
RIP=000000007ecff26e RFL=00000202 [-------] CPL=0 II=0 A20=1 SMM=0 HLT=0
ES =0030 0000000000000000 ffffffff 00cf9300 DPL=0 DS   [-WA]
CS =0038 0000000000000000 ffffffff 00af9a00 DPL=0 CS64 [-R-]
SS =0030 0000000000000000 ffffffff 00cf9300 DPL=0 DS   [-WA]
DS =0030 0000000000000000 ffffffff 00cf9300 DPL=0 DS   [-WA]
FS =0030 0000000000000000 ffffffff 00cf9300 DPL=0 DS   [-WA]
GS =0030 0000000000000000 ffffffff 00cf9300 DPL=0 DS   [-WA]
LDT=0000 0000000000000000 0000ffff 00008200 DPL=0 LDT
TR =0000 0000000000000000 0000ffff 00008b00 DPL=0 TSS64-busy
GDT=     000000007f5dc000 00000047
IDT=     000000007f138018 00000fff
CR0=80010033 CR2=0000000000000000 CR3=000000007f801000 CR4=00000668
DR0=0000000000000000 DR1=0000000000000000 DR2=0000000000000000 DR3=0000000000000000 
DR6=00000000ffff0ff0 DR7=0000000000000400
CCS=0000000000000020 CCD=000000007fe961e0 CCO=SUBQ
EFER=0000000000000d00
Servicing hardware INT=0x20
   126: v=20 e=0000 i=0 cpl=0 IP=0038:000000007f6e973c pc=000000007f6e973c SP=0030:000000007fe965f0 env->regs[R_EAX]=0000000000000000
RAX=0000000000000000 RBX=00000000ffc02f30 RCX=0000000000000101 RDX=0000000000000000
RSI=0000000000000010 RDI=00000000ffc02f51 RBP=000000007fe96620 RSP=000000007fe965f0
R8 =0000000000000f30 R9 =000000007fe966f0 R10=0000000000000000 R11=000000007f6e97d2
R12=00000000ffc02f51 R13=0000000000000010 R14=0000000000000021 R15=000000007fe966f0
RIP=000000007f6e973c RFL=00000246 [---Z-P-] CPL=0 II=0 A20=1 SMM=0 HLT=0
ES =0030 0000000000000000 ffffffff 00cf9300 DPL=0 DS   [-WA]
CS =0038 0000000000000000 ffffffff 00af9a00 DPL=0 CS64 [-R-]
SS =0030 0000000000000000 ffffffff 00cf9300 DPL=0 DS   [-WA]
DS =0030 0000000000000000 ffffffff 00cf9300 DPL=0 DS   [-WA]
FS =0030 0000000000000000 ffffffff 00cf9300 DPL=0 DS   [-WA]
GS =0030 0000000000000000 ffffffff 00cf9300 DPL=0 DS   [-WA]
LDT=0000 0000000000000000 0000ffff 00008200 DPL=0 LDT
TR =0000 0000000000000000 0000ffff 00008b00 DPL=0 TSS64-busy
GDT=     000000007f5dc000 00000047
IDT=     000000007f138018 00000fff
CR0=80010033 CR2=0000000000000000 CR3=000000007f801000 CR4=00000668
DR0=0000000000000000 DR1=0000000000000000 DR2=0000000000000000 DR3=0000000000000000 
DR6=00000000ffff0ff0 DR7=0000000000000400
CCS=0000000000000044 CCD=0000000000000000 CCO=EFLAGS
EFER=0000000000000d00
Servicing hardware INT=0x20
   127: v=20 e=0000 i=0 cpl=0 IP=0038:000000007f6e973c pc=000000007f6e973c SP=0030:000000007fe965f0 env->regs[R_EAX]=0000000000000000
RAX=0000000000000000 RBX=00000000ffc02f30 RCX=0000000000000101 RDX=0000000000000000
RSI=0000000000000010 RDI=00000000ffc02f73 RBP=000000007fe96620 RSP=000000007fe965f0
R8 =0000000000000f30 R9 =000000007fe966f0 R10=0000000000000000 R11=000000007f6e97d2
R12=00000000ffc02f73 R13=0000000000000010 R14=0000000000000043 R15=000000007fe966f0
RIP=000000007f6e973c RFL=00000246 [---Z-P-] CPL=0 II=0 A20=1 SMM=0 HLT=0
ES =0030 0000000000000000 ffffffff 00cf9300 DPL=0 DS   [-WA]
CS =0038 0000000000000000 ffffffff 00af9a00 DPL=0 CS64 [-R-]
SS =0030 0000000000000000 ffffffff 00cf9300 DPL=0 DS   [-WA]
DS =0030 0000000000000000 ffffffff 00cf9300 DPL=0 DS   [-WA]
FS =0030 0000000000000000 ffffffff 00cf9300 DPL=0 DS   [-WA]
GS =0030 0000000000000000 ffffffff 00cf9300 DPL=0 DS   [-WA]
LDT=0000 0000000000000000 0000ffff 00008200 DPL=0 LDT
TR =0000 0000000000000000 0000ffff 00008b00 DPL=0 TSS64-busy
GDT=     000000007f5dc000 00000047
IDT=     000000007f138018 00000fff
CR0=80010033 CR2=0000000000000000 CR3=000000007f801000 CR4=00000668
DR0=0000000000000000 DR1=0000000000000000 DR2=0000000000000000 DR3=0000000000000000 
DR6=00000000ffff0ff0 DR7=0000000000000400
CCS=0000000000000044 CCD=0000000000000000 CCO=EFLAGS
EFER=0000000000000d00
Servicing hardware INT=0x20
   128: v=20 e=0000 i=0 cpl=0 IP=0038:000000007fea4590 pc=000000007fea4590 SP=0030:000000007fe967c8 env->regs[R_EAX]=0000000000000001
RAX=0000000000000001 RBX=000000007feb11c0 RCX=000000007ecfc580 RDX=00000000000000e0
RSI=0000000030646870 RDI=00000000000000e0 RBP=000000007fe96840 RSP=000000007fe967c8
R8 =00000000000000af R9 =0000000000000002 R10=000000007f6daac0 R11=000000007f6daac0
R12=00000000000000e0 R13=000000007ecfc580 R14=0000000000000001 R15=000000007ecfc598
RIP=000000007fea4590 RFL=00000202 [-------] CPL=0 II=0 A20=1 SMM=0 HLT=0
ES =0030 0000000000000000 ffffffff 00cf9300 DPL=0 DS   [-WA]
CS =0038 0000000000000000 ffffffff 00af9a00 DPL=0 CS64 [-R-]
SS =0030 0000000000000000 ffffffff 00cf9300 DPL=0 DS   [-WA]
DS =0030 0000000000000000 ffffffff 00cf9300 DPL=0 DS   [-WA]
FS =0030 0000000000000000 ffffffff 00cf9300 DPL=0 DS   [-WA]
GS =0030 0000000000000000 ffffffff 00cf9300 DPL=0 DS   [-WA]
LDT=0000 0000000000000000 0000ffff 00008200 DPL=0 LDT
TR =0000 0000000000000000 0000ffff 00008b00 DPL=0 TSS64-busy
GDT=     000000007f5dc000 00000047
IDT=     000000007f138018 00000fff
CR0=80010033 CR2=0000000000000000 CR3=000000007f801000 CR4=00000668
DR0=0000000000000000 DR1=0000000000000000 DR2=0000000000000000 DR3=0000000000000000 
DR6=00000000ffff0ff0 DR7=0000000000000400
CCS=0000000000000000 CCD=000000007fe967d0 CCO=EFLAGS
EFER=0000000000000d00
Servicing hardware INT=0x20
   129: v=20 e=0000 i=0 cpl=0 IP=0038:000000007ecff26e pc=000000007ecff26e SP=0030:000000007fe962e8 env->regs[R_EAX]=000000007ed0dda0
RAX=000000007ed0dda0 RBX=0000000000000010 RCX=000000007ed0dda0 RDX=000000007feb0c50
RSI=0000000000000000 RDI=0000000000000001 RBP=000000007fe96320 RSP=000000007fe962e8
R8 =000000007fe962bc R9 =000000007fe962c0 R10=000000007f6daac0 R11=000000007f6daac0
R12=00000000000000e0 R13=000000007ecfc580 R14=0000000000000001 R15=000000007ecfc598
RIP=000000007ecff26e RFL=00000206 [-----P-] CPL=0 II=0 A20=1 SMM=0 HLT=0
ES =0030 0000000000000000 ffffffff 00cf9300 DPL=0 DS   [-WA]
CS =0038 0000000000000000 ffffffff 00af9a00 DPL=0 CS64 [-R-]
SS =0030 0000000000000000 ffffffff 00cf9300 DPL=0 DS   [-WA]
DS =0030 0000000000000000 ffffffff 00cf9300 DPL=0 DS   [-WA]
FS =0030 0000000000000000 ffffffff 00cf9300 DPL=0 DS   [-WA]
GS =0030 0000000000000000 ffffffff 00cf9300 DPL=0 DS   [-WA]
LDT=0000 0000000000000000 0000ffff 00008200 DPL=0 LDT
TR =0000 0000000000000000 0000ffff 00008b00 DPL=0 TSS64-busy
GDT=     000000007f5dc000 00000047
IDT=     000000007f138018 00000fff
CR0=80010033 CR2=0000000000000000 CR3=000000007f801000 CR4=00000668
DR0=0000000000000000 DR1=0000000000000000 DR2=0000000000000000 DR3=0000000000000000 
DR6=00000000ffff0ff0 DR7=0000000000000400
CCS=0000000000000020 CCD=000000007fe962f0 CCO=SUBQ
EFER=0000000000000d00
Servicing hardware INT=0x20
   130: v=20 e=0000 i=0 cpl=0 IP=0038:000000007f6d5a1b pc=000000007f6d5a1b SP=0030:000000007fe96720 env->regs[R_EAX]=000000000000003f
RAX=000000000000003f RBX=000000000000003c RCX=000000007fe96808 RDX=0000000000000001
RSI=000000007ec8e018 RDI=000000007ec0e034 RBP=000000007fe96770 RSP=000000007fe96720
R8 =0000000000000001 R9 =000000007ec0e034 R10=000000007f6daac0 R11=000000007f6daac0
R12=000000007fe96808 R13=0000000000000000 R14=0000000000000001 R15=0000000000000000
RIP=000000007f6d5a1b RFL=00000246 [---Z-P-] CPL=0 II=0 A20=1 SMM=0 HLT=0
ES =0030 0000000000000000 ffffffff 00cf9300 DPL=0 DS   [-WA]
CS =0038 0000000000000000 ffffffff 00af9a00 DPL=0 CS64 [-R-]
SS =0030 0000000000000000 ffffffff 00cf9300 DPL=0 DS   [-WA]
DS =0030 0000000000000000 ffffffff 00cf9300 DPL=0 DS   [-WA]
FS =0030 0000000000000000 ffffffff 00cf9300 DPL=0 DS   [-WA]
GS =0030 0000000000000000 ffffffff 00cf9300 DPL=0 DS   [-WA]
LDT=0000 0000000000000000 0000ffff 00008200 DPL=0 LDT
TR =0000 0000000000000000 0000ffff 00008b00 DPL=0 TSS64-busy
GDT=     000000007f5dc000 00000047
IDT=     000000007f138018 00000fff
CR0=80010033 CR2=0000000000000000 CR3=000000007f801000 CR4=00000668
DR0=0000000000000000 DR1=0000000000000000 DR2=0000000000000000 DR3=0000000000000000 
DR6=00000000ffff0ff0 DR7=0000000000000400
CCS=0000000000000044 CCD=0000000000000000 CCO=EFLAGS
EFER=0000000000000d00
Servicing hardware INT=0x20
   131: v=20 e=0000 i=0 cpl=0 IP=0038:000000007f6e973c pc=000000007f6e973c SP=0030:000000007fe965f0 env->regs[R_EAX]=0000000000000000
RAX=0000000000000000 RBX=00000000ffc031a8 RCX=0000000000000101 RDX=0000000000000000
RSI=0000000000000010 RDI=00000000ffc031b2 RBP=000000007fe96620 RSP=000000007fe965f0
R8 =00000000000001a8 R9 =000000007fe966e8 R10=0000000000000000 R11=000000007f6e97d2
R12=00000000ffc031b2 R13=0000000000000010 R14=000000000000000a R15=000000007fe966e8
RIP=000000007f6e973c RFL=00000246 [---Z-P-] CPL=0 II=0 A20=1 SMM=0 HLT=0
ES =0030 0000000000000000 ffffffff 00cf9300 DPL=0 DS   [-WA]
CS =0038 0000000000000000 ffffffff 00af9a00 DPL=0 CS64 [-R-]
SS =0030 0000000000000000 ffffffff 00cf9300 DPL=0 DS   [-WA]
DS =0030 0000000000000000 ffffffff 00cf9300 DPL=0 DS   [-WA]
FS =0030 0000000000000000 ffffffff 00cf9300 DPL=0 DS   [-WA]
GS =0030 0000000000000000 ffffffff 00cf9300 DPL=0 DS   [-WA]
LDT=0000 0000000000000000 0000ffff 00008200 DPL=0 LDT
TR =0000 0000000000000000 0000ffff 00008b00 DPL=0 TSS64-busy
GDT=     000000007f5dc000 00000047
IDT=     000000007f138018 00000fff
CR0=80010033 CR2=0000000000000000 CR3=000000007f801000 CR4=00000668
DR0=0000000000000000 DR1=0000000000000000 DR2=0000000000000000 DR3=0000000000000000 
DR6=00000000ffff0ff0 DR7=0000000000000400
CCS=0000000000000044 CCD=0000000000000000 CCO=EFLAGS
EFER=0000000000000d00
Servicing hardware INT=0x20
   132: v=20 e=0000 i=0 cpl=0 IP=0038:000000007f6e973c pc=000000007f6e973c SP=0030:000000007fe965f0 env->regs[R_EAX]=0000000000000000
RAX=0000000000000000 RBX=00000000ffc031a8 RCX=0000000000000101 RDX=0000000000000000
RSI=0000000000000010 RDI=00000000ffc031d3 RBP=000000007fe96620 RSP=000000007fe965f0
R8 =00000000000001a8 R9 =000000007fe966e8 R10=0000000000000000 R11=000000007f6e97d2
R12=00000000ffc031d3 R13=0000000000000010 R14=000000000000002b R15=000000007fe966e8
RIP=000000007f6e973c RFL=00000246 [---Z-P-] CPL=0 II=0 A20=1 SMM=0 HLT=0
ES =0030 0000000000000000 ffffffff 00cf9300 DPL=0 DS   [-WA]
CS =0038 0000000000000000 ffffffff 00af9a00 DPL=0 CS64 [-R-]
SS =0030 0000000000000000 ffffffff 00cf9300 DPL=0 DS   [-WA]
DS =0030 0000000000000000 ffffffff 00cf9300 DPL=0 DS   [-WA]
FS =0030 0000000000000000 ffffffff 00cf9300 DPL=0 DS   [-WA]
GS =0030 0000000000000000 ffffffff 00cf9300 DPL=0 DS   [-WA]
LDT=0000 0000000000000000 0000ffff 00008200 DPL=0 LDT
TR =0000 0000000000000000 0000ffff 00008b00 DPL=0 TSS64-busy
GDT=     000000007f5dc000 00000047
IDT=     000000007f138018 00000fff
CR0=80010033 CR2=0000000000000000 CR3=000000007f801000 CR4=00000668
DR0=0000000000000000 DR1=0000000000000000 DR2=0000000000000000 DR3=0000000000000000 
DR6=00000000ffff0ff0 DR7=0000000000000400
CCS=0000000000000044 CCD=0000000000000000 CCO=EFLAGS
EFER=0000000000000d00
Servicing hardware INT=0x20
   133: v=20 e=0000 i=0 cpl=0 IP=0038:000000007f6e973c pc=000000007f6e973c SP=0030:000000007fe965f0 env->regs[R_EAX]=0000000000000000
RAX=0000000000000000 RBX=00000000ffc031a8 RCX=0000000000000101 RDX=0000000000000000
RSI=000000000000000c RDI=00000000ffc031f4 RBP=000000007fe96620 RSP=000000007fe965f0
R8 =00000000000001a8 R9 =000000007fe966e8 R10=0000000000000000 R11=000000007f6e97d2
R12=00000000ffc031f4 R13=000000000000000c R14=000000000000004d R15=000000007fe966e8
RIP=000000007f6e973c RFL=00000246 [---Z-P-] CPL=0 II=0 A20=1 SMM=0 HLT=0
ES =0030 0000000000000000 ffffffff 00cf9300 DPL=0 DS   [-WA]
CS =0038 0000000000000000 ffffffff 00af9a00 DPL=0 CS64 [-R-]
SS =0030 0000000000000000 ffffffff 00cf9300 DPL=0 DS   [-WA]
DS =0030 0000000000000000 ffffffff 00cf9300 DPL=0 DS   [-WA]
FS =0030 0000000000000000 ffffffff 00cf9300 DPL=0 DS   [-WA]
GS =0030 0000000000000000 ffffffff 00cf9300 DPL=0 DS   [-WA]
LDT=0000 0000000000000000 0000ffff 00008200 DPL=0 LDT
TR =0000 0000000000000000 0000ffff 00008b00 DPL=0 TSS64-busy
GDT=     000000007f5dc000 00000047
IDT=     000000007f138018 00000fff
CR0=80010033 CR2=0000000000000000 CR3=000000007f801000 CR4=00000668
DR0=0000000000000000 DR1=0000000000000000 DR2=0000000000000000 DR3=0000000000000000 
DR6=00000000ffff0ff0 DR7=0000000000000400
CCS=0000000000000044 CCD=0000000000000000 CCO=EFLAGS
EFER=0000000000000d00
Servicing hardware INT=0x20
   134: v=20 e=0000 i=0 cpl=0 IP=0038:000000007f6e973c pc=000000007f6e973c SP=0030:000000007fe965f0 env->regs[R_EAX]=0000000000000000
RAX=0000000000000000 RBX=00000000ffc031a8 RCX=0000000000000101 RDX=0000000000000000
RSI=0000000000000000 RDI=00000000ffc0321c RBP=000000007fe96620 RSP=000000007fe965f0
R8 =00000000000001a8 R9 =000000007fe966e8 R10=0000000000000000 R11=000000007f6e97d2
R12=00000000ffc0321c R13=0000000000000000 R14=0000000000000075 R15=000000007fe966e8
RIP=000000007f6e973c RFL=00000246 [---Z-P-] CPL=0 II=0 A20=1 SMM=0 HLT=0
ES =0030 0000000000000000 ffffffff 00cf9300 DPL=0 DS   [-WA]
CS =0038 0000000000000000 ffffffff 00af9a00 DPL=0 CS64 [-R-]
SS =0030 0000000000000000 ffffffff 00cf9300 DPL=0 DS   [-WA]
DS =0030 0000000000000000 ffffffff 00cf9300 DPL=0 DS   [-WA]
FS =0030 0000000000000000 ffffffff 00cf9300 DPL=0 DS   [-WA]
GS =0030 0000000000000000 ffffffff 00cf9300 DPL=0 DS   [-WA]
LDT=0000 0000000000000000 0000ffff 00008200 DPL=0 LDT
TR =0000 0000000000000000 0000ffff 00008b00 DPL=0 TSS64-busy
GDT=     000000007f5dc000 00000047
IDT=     000000007f138018 00000fff
CR0=80010033 CR2=0000000000000000 CR3=000000007f801000 CR4=00000668
DR0=0000000000000000 DR1=0000000000000000 DR2=0000000000000000 DR3=0000000000000000 
DR6=00000000ffff0ff0 DR7=0000000000000400
CCS=0000000000000044 CCD=0000000000000000 CCO=EFLAGS
EFER=0000000000000d00
Servicing hardware INT=0x20
   135: v=20 e=0000 i=0 cpl=0 IP=0038:000000007f6d3107 pc=000000007f6d3107 SP=0030:000000007fe96708 env->regs[R_EAX]=0000000000000000
RAX=0000000000000000 RBX=000000000000003c RCX=000000007ec0e09e RDX=0000000000000008
RSI=0000000000000001 RDI=000000007ec0e034 RBP=000000007fe96710 RSP=000000007fe96708
R8 =0000000000000001 R9 =0000000000000000 R10=000000007f6daac0 R11=000000007f6daac0
R12=000000007fe96808 R13=0000000000000000 R14=0000000000000001 R15=0000000000000000
RIP=000000007f6d3107 RFL=00000217 [----APC] CPL=0 II=0 A20=1 SMM=0 HLT=0
ES =0030 0000000000000000 ffffffff 00cf9300 DPL=0 DS   [-WA]
CS =0038 0000000000000000 ffffffff 00af9a00 DPL=0 CS64 [-R-]
SS =0030 0000000000000000 ffffffff 00cf9300 DPL=0 DS   [-WA]
DS =0030 0000000000000000 ffffffff 00cf9300 DPL=0 DS   [-WA]
FS =0030 0000000000000000 ffffffff 00cf9300 DPL=0 DS   [-WA]
GS =0030 0000000000000000 ffffffff 00cf9300 DPL=0 DS   [-WA]
LDT=0000 0000000000000000 0000ffff 00008200 DPL=0 LDT
TR =0000 0000000000000000 0000ffff 00008b00 DPL=0 TSS64-busy
GDT=     000000007f5dc000 00000047
IDT=     000000007f138018 00000fff
CR0=80010033 CR2=0000000000000000 CR3=000000007f801000 CR4=00000668
DR0=0000000000000000 DR1=0000000000000000 DR2=0000000000000000 DR3=0000000000000000 
DR6=00000000ffff0ff0 DR7=0000000000000400
CCS=0000000000000015 CCD=0000000000000009 CCO=EFLAGS
EFER=0000000000000d00
Servicing hardware INT=0x20
   136: v=20 e=0000 i=0 cpl=0 IP=0038:000000007f6e973c pc=000000007f6e973c SP=0030:000000007fe965f0 env->regs[R_EAX]=0000000000000000
RAX=0000000000000000 RBX=00000000ffc032c4 RCX=0000000000000101 RDX=0000000000000000
RSI=0000000000000010 RDI=00000000ffc032ca RBP=000000007fe96620 RSP=000000007fe965f0
R8 =00000000000002c4 R9 =000000007fe966e8 R10=0000000000000000 R11=000000007f6e97d2
R12=00000000ffc032ca R13=0000000000000010 R14=0000000000000006 R15=000000007fe966e8
RIP=000000007f6e973c RFL=00000246 [---Z-P-] CPL=0 II=0 A20=1 SMM=0 HLT=0
ES =0030 0000000000000000 ffffffff 00cf9300 DPL=0 DS   [-WA]
CS =0038 0000000000000000 ffffffff 00af9a00 DPL=0 CS64 [-R-]
SS =0030 0000000000000000 ffffffff 00cf9300 DPL=0 DS   [-WA]
DS =0030 0000000000000000 ffffffff 00cf9300 DPL=0 DS   [-WA]
FS =0030 0000000000000000 ffffffff 00cf9300 DPL=0 DS   [-WA]
GS =0030 0000000000000000 ffffffff 00cf9300 DPL=0 DS   [-WA]
LDT=0000 0000000000000000 0000ffff 00008200 DPL=0 LDT
TR =0000 0000000000000000 0000ffff 00008b00 DPL=0 TSS64-busy
GDT=     000000007f5dc000 00000047
IDT=     000000007f138018 00000fff
CR0=80010033 CR2=0000000000000000 CR3=000000007f801000 CR4=00000668
DR0=0000000000000000 DR1=0000000000000000 DR2=0000000000000000 DR3=0000000000000000 
DR6=00000000ffff0ff0 DR7=0000000000000400
CCS=0000000000000044 CCD=0000000000000000 CCO=EFLAGS
EFER=0000000000000d00
Servicing hardware INT=0x20
   137: v=20 e=0000 i=0 cpl=0 IP=0038:000000007f6e973c pc=000000007f6e973c SP=0030:000000007fe965f0 env->regs[R_EAX]=0000000000000000
RAX=0000000000000000 RBX=00000000ffc032c4 RCX=0000000000000101 RDX=0000000000000000
RSI=0000000000000098 RDI=00000000ffc032fc RBP=000000007fe96620 RSP=000000007fe965f0
R8 =00000000000002c4 R9 =000000007fe966e8 R10=0000000000000000 R11=000000007f6e97d2
R12=00000000ffc032fc R13=0000000000000098 R14=0000000000000039 R15=000000007fe966e8
RIP=000000007f6e973c RFL=00000246 [---Z-P-] CPL=0 II=0 A20=1 SMM=0 HLT=0
ES =0030 0000000000000000 ffffffff 00cf9300 DPL=0 DS   [-WA]
CS =0038 0000000000000000 ffffffff 00af9a00 DPL=0 CS64 [-R-]
SS =0030 0000000000000000 ffffffff 00cf9300 DPL=0 DS   [-WA]
DS =0030 0000000000000000 ffffffff 00cf9300 DPL=0 DS   [-WA]
FS =0030 0000000000000000 ffffffff 00cf9300 DPL=0 DS   [-WA]
GS =0030 0000000000000000 ffffffff 00cf9300 DPL=0 DS   [-WA]
LDT=0000 0000000000000000 0000ffff 00008200 DPL=0 LDT
TR =0000 0000000000000000 0000ffff 00008b00 DPL=0 TSS64-busy
GDT=     000000007f5dc000 00000047
IDT=     000000007f138018 00000fff
CR0=80010033 CR2=0000000000000000 CR3=000000007f801000 CR4=00000668
DR0=0000000000000000 DR1=0000000000000000 DR2=0000000000000000 DR3=0000000000000000 
DR6=00000000ffff0ff0 DR7=0000000000000400
CCS=0000000000000044 CCD=0000000000000000 CCO=EFLAGS
EFER=0000000000000d00
Servicing hardware INT=0x20
   138: v=20 e=0000 i=0 cpl=0 IP=0038:000000007f6e973c pc=000000007f6e973c SP=0030:000000007fe965f0 env->regs[R_EAX]=0000000000000000
RAX=0000000000000000 RBX=00000000ffc032c4 RCX=0000000000000101 RDX=0000000000000000
RSI=0000000000000010 RDI=00000000ffc0331d RBP=000000007fe96620 RSP=000000007fe965f0
R8 =00000000000002c4 R9 =000000007fe966e8 R10=0000000000000000 R11=000000007f6e97d2
R12=00000000ffc0331d R13=0000000000000010 R14=0000000000000059 R15=000000007fe966e8
RIP=000000007f6e973c RFL=00000246 [---Z-P-] CPL=0 II=0 A20=1 SMM=0 HLT=0
ES =0030 0000000000000000 ffffffff 00cf9300 DPL=0 DS   [-WA]
CS =0038 0000000000000000 ffffffff 00af9a00 DPL=0 CS64 [-R-]
SS =0030 0000000000000000 ffffffff 00cf9300 DPL=0 DS   [-WA]
DS =0030 0000000000000000 ffffffff 00cf9300 DPL=0 DS   [-WA]
FS =0030 0000000000000000 ffffffff 00cf9300 DPL=0 DS   [-WA]
GS =0030 0000000000000000 ffffffff 00cf9300 DPL=0 DS   [-WA]
LDT=0000 0000000000000000 0000ffff 00008200 DPL=0 LDT
TR =0000 0000000000000000 0000ffff 00008b00 DPL=0 TSS64-busy
GDT=     000000007f5dc000 00000047
IDT=     000000007f138018 00000fff
CR0=80010033 CR2=0000000000000000 CR3=000000007f801000 CR4=00000668
DR0=0000000000000000 DR1=0000000000000000 DR2=0000000000000000 DR3=0000000000000000 
DR6=00000000ffff0ff0 DR7=0000000000000400
CCS=0000000000000044 CCD=0000000000000000 CCO=EFLAGS
EFER=0000000000000d00
Servicing hardware INT=0x20
   139: v=20 e=0000 i=0 cpl=0 IP=0038:000000007f6e973c pc=000000007f6e973c SP=0030:000000007fe965f0 env->regs[R_EAX]=0000000000000000
RAX=0000000000000000 RBX=00000000ffc032c4 RCX=0000000000000101 RDX=0000000000000000
RSI=0000000000000000 RDI=00000000ffc0333d RBP=000000007fe96620 RSP=000000007fe965f0
R8 =00000000000002c4 R9 =000000007fe966e8 R10=0000000000000000 R11=000000007f6e97d2
R12=00000000ffc0333d R13=0000000000000000 R14=000000000000007a R15=000000007fe966e8
RIP=000000007f6e973c RFL=00000246 [---Z-P-] CPL=0 II=0 A20=1 SMM=0 HLT=0
ES =0030 0000000000000000 ffffffff 00cf9300 DPL=0 DS   [-WA]
CS =0038 0000000000000000 ffffffff 00af9a00 DPL=0 CS64 [-R-]
SS =0030 0000000000000000 ffffffff 00cf9300 DPL=0 DS   [-WA]
DS =0030 0000000000000000 ffffffff 00cf9300 DPL=0 DS   [-WA]
FS =0030 0000000000000000 ffffffff 00cf9300 DPL=0 DS   [-WA]
GS =0030 0000000000000000 ffffffff 00cf9300 DPL=0 DS   [-WA]
LDT=0000 0000000000000000 0000ffff 00008200 DPL=0 LDT
TR =0000 0000000000000000 0000ffff 00008b00 DPL=0 TSS64-busy
GDT=     000000007f5dc000 00000047
IDT=     000000007f138018 00000fff
CR0=80010033 CR2=0000000000000000 CR3=000000007f801000 CR4=00000668
DR0=0000000000000000 DR1=0000000000000000 DR2=0000000000000000 DR3=0000000000000000 
DR6=00000000ffff0ff0 DR7=0000000000000400
CCS=0000000000000044 CCD=0000000000000000 CCO=EFLAGS
EFER=0000000000000d00
Servicing hardware INT=0x20
   140: v=20 e=0000 i=0 cpl=0 IP=0038:000000007f6e973c pc=000000007f6e973c SP=0030:000000007fe965f0 env->regs[R_EAX]=0000000000000000
RAX=0000000000000000 RBX=00000000ffc032c4 RCX=0000000000000101 RDX=0000000000000000
RSI=0000000000000002 RDI=00000000ffc03377 RBP=000000007fe96620 RSP=000000007fe965f0
R8 =00000000000002c4 R9 =000000007fe966e8 R10=0000000000000000 R11=000000007f6e97d2
R12=00000000ffc03377 R13=0000000000000002 R14=00000000000000b4 R15=000000007fe966e8
RIP=000000007f6e973c RFL=00000246 [---Z-P-] CPL=0 II=0 A20=1 SMM=0 HLT=0
ES =0030 0000000000000000 ffffffff 00cf9300 DPL=0 DS   [-WA]
CS =0038 0000000000000000 ffffffff 00af9a00 DPL=0 CS64 [-R-]
SS =0030 0000000000000000 ffffffff 00cf9300 DPL=0 DS   [-WA]
DS =0030 0000000000000000 ffffffff 00cf9300 DPL=0 DS   [-WA]
FS =0030 0000000000000000 ffffffff 00cf9300 DPL=0 DS   [-WA]
GS =0030 0000000000000000 ffffffff 00cf9300 DPL=0 DS   [-WA]
LDT=0000 0000000000000000 0000ffff 00008200 DPL=0 LDT
TR =0000 0000000000000000 0000ffff 00008b00 DPL=0 TSS64-busy
GDT=     000000007f5dc000 00000047
IDT=     000000007f138018 00000fff
CR0=80010033 CR2=0000000000000000 CR3=000000007f801000 CR4=00000668
DR0=0000000000000000 DR1=0000000000000000 DR2=0000000000000000 DR3=0000000000000000 
DR6=00000000ffff0ff0 DR7=0000000000000400
CCS=0000000000000044 CCD=0000000000000000 CCO=EFLAGS
EFER=0000000000000d00
Servicing hardware INT=0x20
   141: v=20 e=0000 i=0 cpl=0 IP=0038:000000007f6e973c pc=000000007f6e973c SP=0030:000000007fe965f0 env->regs[R_EAX]=0000000000000000
RAX=0000000000000000 RBX=00000000ffc032c4 RCX=0000000000000101 RDX=0000000000000000
RSI=0000000000000010 RDI=00000000ffc033cd RBP=000000007fe96620 RSP=000000007fe965f0
R8 =00000000000002c4 R9 =000000007fe966e8 R10=0000000000000000 R11=000000007f6e97d2
R12=00000000ffc033cd R13=0000000000000010 R14=0000000000000109 R15=000000007fe966e8
RIP=000000007f6e973c RFL=00000246 [---Z-P-] CPL=0 II=0 A20=1 SMM=0 HLT=0
ES =0030 0000000000000000 ffffffff 00cf9300 DPL=0 DS   [-WA]
CS =0038 0000000000000000 ffffffff 00af9a00 DPL=0 CS64 [-R-]
SS =0030 0000000000000000 ffffffff 00cf9300 DPL=0 DS   [-WA]
DS =0030 0000000000000000 ffffffff 00cf9300 DPL=0 DS   [-WA]
FS =0030 0000000000000000 ffffffff 00cf9300 DPL=0 DS   [-WA]
GS =0030 0000000000000000 ffffffff 00cf9300 DPL=0 DS   [-WA]
LDT=0000 0000000000000000 0000ffff 00008200 DPL=0 LDT
TR =0000 0000000000000000 0000ffff 00008b00 DPL=0 TSS64-busy
GDT=     000000007f5dc000 00000047
IDT=     000000007f138018 00000fff
CR0=80010033 CR2=0000000000000000 CR3=000000007f801000 CR4=00000668
DR0=0000000000000000 DR1=0000000000000000 DR2=0000000000000000 DR3=0000000000000000 
DR6=00000000ffff0ff0 DR7=0000000000000400
CCS=0000000000000044 CCD=0000000000000000 CCO=EFLAGS
EFER=0000000000000d00
Servicing hardware INT=0x20
   142: v=20 e=0000 i=0 cpl=0 IP=0038:000000007f6e973c pc=000000007f6e973c SP=0030:000000007fe965f0 env->regs[R_EAX]=0000000000000000
RAX=0000000000000000 RBX=00000000ffc032c6 RCX=0000000000000101 RDX=0000000000000000
RSI=0000000000000010 RDI=00000000ffc032c6 RBP=000000007fe96620 RSP=000000007fe965f0
R8 =00000000000002c6 R9 =000000007fe966e8 R10=0000000000000000 R11=000000007f6e97d2
R12=00000000ffc032c6 R13=0000000000000010 R14=0000000000000000 R15=000000007fe966e8
RIP=000000007f6e973c RFL=00000246 [---Z-P-] CPL=0 II=0 A20=1 SMM=0 HLT=0
ES =0030 0000000000000000 ffffffff 00cf9300 DPL=0 DS   [-WA]
CS =0038 0000000000000000 ffffffff 00af9a00 DPL=0 CS64 [-R-]
SS =0030 0000000000000000 ffffffff 00cf9300 DPL=0 DS   [-WA]
DS =0030 0000000000000000 ffffffff 00cf9300 DPL=0 DS   [-WA]
FS =0030 0000000000000000 ffffffff 00cf9300 DPL=0 DS   [-WA]
GS =0030 0000000000000000 ffffffff 00cf9300 DPL=0 DS   [-WA]
LDT=0000 0000000000000000 0000ffff 00008200 DPL=0 LDT
TR =0000 0000000000000000 0000ffff 00008b00 DPL=0 TSS64-busy
GDT=     000000007f5dc000 00000047
IDT=     000000007f138018 00000fff
CR0=80010033 CR2=0000000000000000 CR3=000000007f801000 CR4=00000668
DR0=0000000000000000 DR1=0000000000000000 DR2=0000000000000000 DR3=0000000000000000 
DR6=00000000ffff0ff0 DR7=0000000000000400
CCS=0000000000000044 CCD=0000000000000000 CCO=EFLAGS
EFER=0000000000000d00
Servicing hardware INT=0x20
   143: v=20 e=0000 i=0 cpl=0 IP=0038:000000007f6e973c pc=000000007f6e973c SP=0030:000000007fe965f0 env->regs[R_EAX]=0000000000000000
RAX=0000000000000000 RBX=00000000ffc03410 RCX=0000000000000101 RDX=0000000000000000
RSI=0000000000000010 RDI=00000000ffc03413 RBP=000000007fe96620 RSP=000000007fe965f0
R8 =0000000000000410 R9 =000000007fe966e8 R10=0000000000000000 R11=000000007f6e97d2
R12=00000000ffc03413 R13=0000000000000010 R14=0000000000000003 R15=000000007fe966e8
RIP=000000007f6e973c RFL=00000246 [---Z-P-] CPL=0 II=0 A20=1 SMM=0 HLT=0
ES =0030 0000000000000000 ffffffff 00cf9300 DPL=0 DS   [-WA]
CS =0038 0000000000000000 ffffffff 00af9a00 DPL=0 CS64 [-R-]
SS =0030 0000000000000000 ffffffff 00cf9300 DPL=0 DS   [-WA]
DS =0030 0000000000000000 ffffffff 00cf9300 DPL=0 DS   [-WA]
FS =0030 0000000000000000 ffffffff 00cf9300 DPL=0 DS   [-WA]
GS =0030 0000000000000000 ffffffff 00cf9300 DPL=0 DS   [-WA]
LDT=0000 0000000000000000 0000ffff 00008200 DPL=0 LDT
TR =0000 0000000000000000 0000ffff 00008b00 DPL=0 TSS64-busy
GDT=     000000007f5dc000 00000047
IDT=     000000007f138018 00000fff
CR0=80010033 CR2=0000000000000000 CR3=000000007f801000 CR4=00000668
DR0=0000000000000000 DR1=0000000000000000 DR2=0000000000000000 DR3=0000000000000000 
DR6=00000000ffff0ff0 DR7=0000000000000400
CCS=0000000000000044 CCD=0000000000000000 CCO=EFLAGS
EFER=0000000000000d00
Servicing hardware INT=0x20
   144: v=20 e=0000 i=0 cpl=0 IP=0038:000000007f6e973c pc=000000007f6e973c SP=0030:000000007fe965f0 env->regs[R_EAX]=0000000000000000
RAX=0000000000000000 RBX=00000000ffc03410 RCX=0000000000000101 RDX=0000000000000000
RSI=0000000000000001 RDI=00000000ffc034e9 RBP=000000007fe96620 RSP=000000007fe965f0
R8 =0000000000000410 R9 =000000007fe966e8 R10=0000000000000000 R11=000000007f6e97d2
R12=00000000ffc034e9 R13=0000000000000001 R14=00000000000000da R15=000000007fe966e8
RIP=000000007f6e973c RFL=00000246 [---Z-P-] CPL=0 II=0 A20=1 SMM=0 HLT=0
ES =0030 0000000000000000 ffffffff 00cf9300 DPL=0 DS   [-WA]
CS =0038 0000000000000000 ffffffff 00af9a00 DPL=0 CS64 [-R-]
SS =0030 0000000000000000 ffffffff 00cf9300 DPL=0 DS   [-WA]
DS =0030 0000000000000000 ffffffff 00cf9300 DPL=0 DS   [-WA]
FS =0030 0000000000000000 ffffffff 00cf9300 DPL=0 DS   [-WA]
GS =0030 0000000000000000 ffffffff 00cf9300 DPL=0 DS   [-WA]
LDT=0000 0000000000000000 0000ffff 00008200 DPL=0 LDT
TR =0000 0000000000000000 0000ffff 00008b00 DPL=0 TSS64-busy
GDT=     000000007f5dc000 00000047
IDT=     000000007f138018 00000fff
CR0=80010033 CR2=0000000000000000 CR3=000000007f801000 CR4=00000668
DR0=0000000000000000 DR1=0000000000000000 DR2=0000000000000000 DR3=0000000000000000 
DR6=00000000ffff0ff0 DR7=0000000000000400
CCS=0000000000000044 CCD=0000000000000000 CCO=EFLAGS
EFER=0000000000000d00
Servicing hardware INT=0x20
   145: v=20 e=0000 i=0 cpl=0 IP=0038:000000007ecff26e pc=000000007ecff26e SP=0030:000000007fe96118 env->regs[R_EAX]=000000007ed0dda0
RAX=000000007ed0dda0 RBX=0000000000000010 RCX=000000007ed0dda0 RDX=000000007feb0c50
RSI=0000000000000000 RDI=0000000000000001 RBP=000000007fe96150 RSP=000000007fe96118
R8 =000000007fe960ec R9 =000000007fe960f0 R10=0000000000000000 R11=000000007f6e97d2
R12=00000000ffc034e9 R13=0000000000000001 R14=00000000000000da R15=000000007fe966e8
RIP=000000007ecff26e RFL=00000202 [-------] CPL=0 II=0 A20=1 SMM=0 HLT=0
ES =0030 0000000000000000 ffffffff 00cf9300 DPL=0 DS   [-WA]
CS =0038 0000000000000000 ffffffff 00af9a00 DPL=0 CS64 [-R-]
SS =0030 0000000000000000 ffffffff 00cf9300 DPL=0 DS   [-WA]
DS =0030 0000000000000000 ffffffff 00cf9300 DPL=0 DS   [-WA]
FS =0030 0000000000000000 ffffffff 00cf9300 DPL=0 DS   [-WA]
GS =0030 0000000000000000 ffffffff 00cf9300 DPL=0 DS   [-WA]
LDT=0000 0000000000000000 0000ffff 00008200 DPL=0 LDT
TR =0000 0000000000000000 0000ffff 00008b00 DPL=0 TSS64-busy
GDT=     000000007f5dc000 00000047
IDT=     000000007f138018 00000fff
CR0=80010033 CR2=0000000000000000 CR3=000000007f801000 CR4=00000668
DR0=0000000000000000 DR1=0000000000000000 DR2=0000000000000000 DR3=0000000000000000 
DR6=00000000ffff0ff0 DR7=0000000000000400
CCS=0000000000000020 CCD=000000007fe96120 CCO=SUBQ
EFER=0000000000000d00
Servicing hardware INT=0x20
   146: v=20 e=0000 i=0 cpl=0 IP=0038:000000007f6e973c pc=000000007f6e973c SP=0030:000000007fe965f0 env->regs[R_EAX]=0000000000000000
RAX=0000000000000000 RBX=00000000ffc03412 RCX=0000000000000101 RDX=0000000000000000
RSI=00000000000000ff RDI=00000000ffc03412 RBP=000000007fe96620 RSP=000000007fe965f0
R8 =0000000000000412 R9 =000000007fe966e8 R10=0000000000000000 R11=000000007f6e97d2
R12=00000000ffc03412 R13=00000000000000ff R14=0000000000000001 R15=000000007fe966e8
RIP=000000007f6e973c RFL=00000246 [---Z-P-] CPL=0 II=0 A20=1 SMM=0 HLT=0
ES =0030 0000000000000000 ffffffff 00cf9300 DPL=0 DS   [-WA]
CS =0038 0000000000000000 ffffffff 00af9a00 DPL=0 CS64 [-R-]
SS =0030 0000000000000000 ffffffff 00cf9300 DPL=0 DS   [-WA]
DS =0030 0000000000000000 ffffffff 00cf9300 DPL=0 DS   [-WA]
FS =0030 0000000000000000 ffffffff 00cf9300 DPL=0 DS   [-WA]
GS =0030 0000000000000000 ffffffff 00cf9300 DPL=0 DS   [-WA]
LDT=0000 0000000000000000 0000ffff 00008200 DPL=0 LDT
TR =0000 0000000000000000 0000ffff 00008b00 DPL=0 TSS64-busy
GDT=     000000007f5dc000 00000047
IDT=     000000007f138018 00000fff
CR0=80010033 CR2=0000000000000000 CR3=000000007f801000 CR4=00000668
DR0=0000000000000000 DR1=0000000000000000 DR2=0000000000000000 DR3=0000000000000000 
DR6=00000000ffff0ff0 DR7=0000000000000400
CCS=0000000000000044 CCD=0000000000000000 CCO=EFLAGS
EFER=0000000000000d00
Servicing hardware INT=0x20
   147: v=20 e=0000 i=0 cpl=0 IP=0038:000000007fea2057 pc=000000007fea2057 SP=0030:000000007fe96618 env->regs[R_EAX]=000000000000008b
RAX=000000000000008b RBX=000000007e768018 RCX=0000000000008648 RDX=000000005f34e90e
RSI=0000000000000006 RDI=000000007e768018 RBP=000000007fe96660 RSP=000000007fe96618
R8 =0000000000008149 R9 =0000000000008148 R10=0000000000000529 R11=0000000000000002
R12=000000000000008b R13=000000007e646018 R14=0000000000000000 R15=0000000000000000
RIP=000000007fea2057 RFL=00000297 [--S-APC] CPL=0 II=0 A20=1 SMM=0 HLT=0
ES =0030 0000000000000000 ffffffff 00cf9300 DPL=0 DS   [-WA]
CS =0038 0000000000000000 ffffffff 00af9a00 DPL=0 CS64 [-R-]
SS =0030 0000000000000000 ffffffff 00cf9300 DPL=0 DS   [-WA]
DS =0030 0000000000000000 ffffffff 00cf9300 DPL=0 DS   [-WA]
FS =0030 0000000000000000 ffffffff 00cf9300 DPL=0 DS   [-WA]
GS =0030 0000000000000000 ffffffff 00cf9300 DPL=0 DS   [-WA]
LDT=0000 0000000000000000 0000ffff 00008200 DPL=0 LDT
TR =0000 0000000000000000 0000ffff 00008b00 DPL=0 TSS64-busy
GDT=     000000007f5dc000 00000047
IDT=     000000007f138018 00000fff
CR0=80010033 CR2=0000000000000000 CR3=000000007f801000 CR4=00000668
DR0=0000000000000000 DR1=0000000000000000 DR2=0000000000000000 DR3=0000000000000000 
DR6=00000000ffff0ff0 DR7=0000000000000400
CCS=0000000000000095 CCD=fffffffffffffe8e CCO=EFLAGS
EFER=0000000000000d00
Servicing hardware INT=0x20
   148: v=20 e=0000 i=0 cpl=0 IP=0038:000000007fe97a61 pc=000000007fe97a61 SP=0030:000000007fe96440 env->regs[R_EAX]=0000000052a2b800
RAX=0000000052a2b800 RBX=000000007f14dc98 RCX=f02460003c98dfb3 RDX=000000007feafc00
RSI=0000000000000000 RDI=000000007feafca0 RBP=000000007fe96490 RSP=000000007fe96440
R8 =0000000000000000 R9 =000000007fe96610 R10=000000007feb11d8 R11=000000007feae690
R12=000000007f14daa0 R13=000000007feafca0 R14=0000000000000000 R15=000000007feafc40
RIP=000000007fe97a61 RFL=00000206 [-----P-] CPL=0 II=0 A20=1 SMM=0 HLT=0
ES =0030 0000000000000000 ffffffff 00cf9300 DPL=0 DS   [-WA]
CS =0038 0000000000000000 ffffffff 00af9a00 DPL=0 CS64 [-R-]
SS =0030 0000000000000000 ffffffff 00cf9300 DPL=0 DS   [-WA]
DS =0030 0000000000000000 ffffffff 00cf9300 DPL=0 DS   [-WA]
FS =0030 0000000000000000 ffffffff 00cf9300 DPL=0 DS   [-WA]
GS =0030 0000000000000000 ffffffff 00cf9300 DPL=0 DS   [-WA]
LDT=0000 0000000000000000 0000ffff 00008200 DPL=0 LDT
TR =0000 0000000000000000 0000ffff 00008b00 DPL=0 TSS64-busy
GDT=     000000007f5dc000 00000047
IDT=     000000007f138018 00000fff
CR0=80010033 CR2=0000000000000000 CR3=000000007f801000 CR4=00000668
DR0=0000000000000000 DR1=0000000000000000 DR2=0000000000000000 DR3=0000000000000000 
DR6=00000000ffff0ff0 DR7=0000000000000400
CCS=0000000000000004 CCD=0000000052a2b800 CCO=EFLAGS
EFER=0000000000000d00
Servicing hardware INT=0x20
   149: v=20 e=0000 i=0 cpl=0 IP=0038:000000007f6d993c pc=000000007f6d993c SP=0030:000000007fe96570 env->regs[R_EAX]=00000000000000ff
RAX=00000000000000ff RBX=0000000000000000 RCX=0000000000000000 RDX=000000007ec8e018
RSI=000000007f58a07c RDI=000000007ecce018 RBP=000000007fe96640 RSP=000000007fe96570
R8 =00000000000000ff R9 =0000000000000000 R10=0000000000000000 R11=0000000000000008
R12=000000007fe96690 R13=000000007ec8e018 R14=8000000000000003 R15=000000007fe965e8
RIP=000000007f6d993c RFL=00000206 [-----P-] CPL=0 II=0 A20=1 SMM=0 HLT=0
ES =0030 0000000000000000 ffffffff 00cf9300 DPL=0 DS   [-WA]
CS =0038 0000000000000000 ffffffff 00af9a00 DPL=0 CS64 [-R-]
SS =0030 0000000000000000 ffffffff 00cf9300 DPL=0 DS   [-WA]
DS =0030 0000000000000000 ffffffff 00cf9300 DPL=0 DS   [-WA]
FS =0030 0000000000000000 ffffffff 00cf9300 DPL=0 DS   [-WA]
GS =0030 0000000000000000 ffffffff 00cf9300 DPL=0 DS   [-WA]
LDT=0000 0000000000000000 0000ffff 00008200 DPL=0 LDT
TR =0000 0000000000000000 0000ffff 00008b00 DPL=0 TSS64-busy
GDT=     000000007f5dc000 00000047
IDT=     000000007f138018 00000fff
CR0=80010033 CR2=0000000000000000 CR3=000000007f801000 CR4=00000668
DR0=0000000000000000 DR1=0000000000000000 DR2=0000000000000000 DR3=0000000000000000 
DR6=00000000ffff0ff0 DR7=0000000000000400
CCS=0000000000000004 CCD=0000000000040000 CCO=EFLAGS
EFER=0000000000000d00
Servicing hardware INT=0x20
   150: v=20 e=0000 i=0 cpl=0 IP=0038:000000007f6e973c pc=000000007f6e973c SP=0030:000000007fe965c0 env->regs[R_EAX]=0000000000000000
RAX=0000000000000000 RBX=00000000ffc0356c RCX=0000000000000101 RDX=0000000000000000
RSI=0000000000000010 RDI=00000000ffc0357b RBP=000000007fe965f0 RSP=000000007fe965c0
R8 =000000000000056c R9 =000000007fe966b8 R10=0000000000000000 R11=000000007f6e97d2
R12=00000000ffc0357b R13=0000000000000010 R14=000000000000000f R15=000000007fe966b8
RIP=000000007f6e973c RFL=00000246 [---Z-P-] CPL=0 II=0 A20=1 SMM=0 HLT=0
ES =0030 0000000000000000 ffffffff 00cf9300 DPL=0 DS   [-WA]
CS =0038 0000000000000000 ffffffff 00af9a00 DPL=0 CS64 [-R-]
SS =0030 0000000000000000 ffffffff 00cf9300 DPL=0 DS   [-WA]
DS =0030 0000000000000000 ffffffff 00cf9300 DPL=0 DS   [-WA]
FS =0030 0000000000000000 ffffffff 00cf9300 DPL=0 DS   [-WA]
GS =0030 0000000000000000 ffffffff 00cf9300 DPL=0 DS   [-WA]
LDT=0000 0000000000000000 0000ffff 00008200 DPL=0 LDT
TR =0000 0000000000000000 0000ffff 00008b00 DPL=0 TSS64-busy
GDT=     000000007f5dc000 00000047
IDT=     000000007f138018 00000fff
CR0=80010033 CR2=0000000000000000 CR3=000000007f801000 CR4=00000668
DR0=0000000000000000 DR1=0000000000000000 DR2=0000000000000000 DR3=0000000000000000 
DR6=00000000ffff0ff0 DR7=0000000000000400
CCS=0000000000000044 CCD=0000000000000000 CCO=EFLAGS
EFER=0000000000000d00
Servicing hardware INT=0x20
   151: v=20 e=0000 i=0 cpl=0 IP=0038:000000007f6e973c pc=000000007f6e973c SP=0030:000000007fe965c0 env->regs[R_EAX]=0000000000000000
RAX=0000000000000000 RBX=00000000ffc0356c RCX=0000000000000101 RDX=0000000000000000
RSI=0000000000000010 RDI=00000000ffc03594 RBP=000000007fe965f0 RSP=000000007fe965c0
R8 =000000000000056c R9 =000000007fe966b8 R10=0000000000000000 R11=000000007f6e97d2
R12=00000000ffc03594 R13=0000000000000010 R14=0000000000000028 R15=000000007fe966b8
RIP=000000007f6e973c RFL=00000246 [---Z-P-] CPL=0 II=0 A20=1 SMM=0 HLT=0
ES =0030 0000000000000000 ffffffff 00cf9300 DPL=0 DS   [-WA]
CS =0038 0000000000000000 ffffffff 00af9a00 DPL=0 CS64 [-R-]
SS =0030 0000000000000000 ffffffff 00cf9300 DPL=0 DS   [-WA]
DS =0030 0000000000000000 ffffffff 00cf9300 DPL=0 DS   [-WA]
FS =0030 0000000000000000 ffffffff 00cf9300 DPL=0 DS   [-WA]
GS =0030 0000000000000000 ffffffff 00cf9300 DPL=0 DS   [-WA]
LDT=0000 0000000000000000 0000ffff 00008200 DPL=0 LDT
TR =0000 0000000000000000 0000ffff 00008b00 DPL=0 TSS64-busy
GDT=     000000007f5dc000 00000047
IDT=     000000007f138018 00000fff
CR0=80010033 CR2=0000000000000000 CR3=000000007f801000 CR4=00000668
DR0=0000000000000000 DR1=0000000000000000 DR2=0000000000000000 DR3=0000000000000000 
DR6=00000000ffff0ff0 DR7=0000000000000400
CCS=0000000000000044 CCD=0000000000000000 CCO=EFLAGS
EFER=0000000000000d00
Servicing hardware INT=0x20
   152: v=20 e=0000 i=0 cpl=0 IP=0038:000000007f6e973c pc=000000007f6e973c SP=0030:000000007fe965c0 env->regs[R_EAX]=0000000000000000
RAX=0000000000000000 RBX=00000000ffc0356c RCX=0000000000000101 RDX=0000000000000000
RSI=0000000000000010 RDI=00000000ffc035c2 RBP=000000007fe965f0 RSP=000000007fe965c0
R8 =000000000000056c R9 =000000007fe966b8 R10=0000000000000000 R11=000000007f6e97d2
R12=00000000ffc035c2 R13=0000000000000010 R14=0000000000000056 R15=000000007fe966b8
RIP=000000007f6e973c RFL=00000246 [---Z-P-] CPL=0 II=0 A20=1 SMM=0 HLT=0
ES =0030 0000000000000000 ffffffff 00cf9300 DPL=0 DS   [-WA]
CS =0038 0000000000000000 ffffffff 00af9a00 DPL=0 CS64 [-R-]
SS =0030 0000000000000000 ffffffff 00cf9300 DPL=0 DS   [-WA]
DS =0030 0000000000000000 ffffffff 00cf9300 DPL=0 DS   [-WA]
FS =0030 0000000000000000 ffffffff 00cf9300 DPL=0 DS   [-WA]
GS =0030 0000000000000000 ffffffff 00cf9300 DPL=0 DS   [-WA]
LDT=0000 0000000000000000 0000ffff 00008200 DPL=0 LDT
TR =0000 0000000000000000 0000ffff 00008b00 DPL=0 TSS64-busy
GDT=     000000007f5dc000 00000047
IDT=     000000007f138018 00000fff
CR0=80010033 CR2=0000000000000000 CR3=000000007f801000 CR4=00000668
DR0=0000000000000000 DR1=0000000000000000 DR2=0000000000000000 DR3=0000000000000000 
DR6=00000000ffff0ff0 DR7=0000000000000400
CCS=0000000000000044 CCD=0000000000000000 CCO=EFLAGS
EFER=0000000000000d00
Servicing hardware INT=0x20
   153: v=20 e=0000 i=0 cpl=0 IP=0038:000000007fe9c6f9 pc=000000007fe9c6f9 SP=0030:000000007fe96890 env->regs[R_EAX]=0000000000000000
RAX=0000000000000000 RBX=0000000000000001 RCX=000000007e80df98 RDX=000000007feafd90
RSI=000000007e984c67 RDI=000000007e80df98 RBP=000000007fe96900 RSP=000000007fe96890
R8 =000000007fe96978 R9 =000000007f4ecf98 R10=000000007f6daac0 R11=000000007f6daac0
R12=000000007e984c67 R13=000000007f4ecf98 R14=000000007fe96978 R15=000000007e98d2d0
RIP=000000007fe9c6f9 RFL=00000246 [---Z-P-] CPL=0 II=0 A20=1 SMM=0 HLT=0
ES =0030 0000000000000000 ffffffff 00cf9300 DPL=0 DS   [-WA]
CS =0038 0000000000000000 ffffffff 00af9a00 DPL=0 CS64 [-R-]
SS =0030 0000000000000000 ffffffff 00cf9300 DPL=0 DS   [-WA]
DS =0030 0000000000000000 ffffffff 00cf9300 DPL=0 DS   [-WA]
FS =0030 0000000000000000 ffffffff 00cf9300 DPL=0 DS   [-WA]
GS =0030 0000000000000000 ffffffff 00cf9300 DPL=0 DS   [-WA]
LDT=0000 0000000000000000 0000ffff 00008200 DPL=0 LDT
TR =0000 0000000000000000 0000ffff 00008b00 DPL=0 TSS64-busy
GDT=     000000007f5dc000 00000047
IDT=     000000007f138018 00000fff
CR0=80010033 CR2=0000000000000000 CR3=000000007f801000 CR4=00000668
DR0=0000000000000000 DR1=0000000000000000 DR2=0000000000000000 DR3=0000000000000000 
DR6=00000000ffff0ff0 DR7=0000000000000400
CCS=0000000000000044 CCD=0000000000000000 CCO=EFLAGS
EFER=0000000000000d00
Servicing hardware INT=0x20
   154: v=20 e=0000 i=0 cpl=0 IP=0038:000000007fe9cd9d pc=000000007fe9cd9d SP=0030:000000007fe96780 env->regs[R_EAX]=000000007e76ca98
RAX=000000007e76ca98 RBX=000000007e76cf2a RCX=0000000000000000 RDX=0000000000000001
RSI=0000000000000037 RDI=000000007feafc50 RBP=000000007fe96860 RSP=000000007fe96780
R8 =00000000000000af R9 =0000000000000014 R10=000000007feb0004 R11=0000000000000033
R12=0000000000000012 R13=000000007e80da98 R14=0000000000000001 R15=000000007fe96908
RIP=000000007fe9cd9d RFL=00000202 [-------] CPL=0 II=0 A20=1 SMM=0 HLT=0
ES =0030 0000000000000000 ffffffff 00cf9300 DPL=0 DS   [-WA]
CS =0038 0000000000000000 ffffffff 00af9a00 DPL=0 CS64 [-R-]
SS =0030 0000000000000000 ffffffff 00cf9300 DPL=0 DS   [-WA]
DS =0030 0000000000000000 ffffffff 00cf9300 DPL=0 DS   [-WA]
FS =0030 0000000000000000 ffffffff 00cf9300 DPL=0 DS   [-WA]
GS =0030 0000000000000000 ffffffff 00cf9300 DPL=0 DS   [-WA]
LDT=0000 0000000000000000 0000ffff 00008200 DPL=0 LDT
TR =0000 0000000000000000 0000ffff 00008b00 DPL=0 TSS64-busy
GDT=     000000007f5dc000 00000047
IDT=     000000007f138018 00000fff
CR0=80010033 CR2=0000000000000000 CR3=000000007f801000 CR4=00000668
DR0=0000000000000000 DR1=0000000000000000 DR2=0000000000000000 DR3=0000000000000000 
DR6=00000000ffff0ff0 DR7=0000000000000400
CCS=0000000000000000 CCD=000000007fe96740 CCO=EFLAGS
EFER=0000000000000d00
Servicing hardware INT=0x20
   155: v=20 e=0000 i=0 cpl=0 IP=0038:000000007e8f036b pc=000000007e8f036b SP=0030:000000007fe964e8 env->regs[R_EAX]=8000000000000009
RAX=8000000000000009 RBX=000000007e768da8 RCX=0000000000000000 RDX=0000000000000001
RSI=000000000000001b RDI=000000007e768e62 RBP=000000007fe96570 RSP=000000007fe964e8
R8 =0000000000000000 R9 =000000007fe965c0 R10=0000000000000003 R11=000000007fe966a8
R12=000000007fe965b8 R13=0000000000000000 R14=000000007fe965b5 R15=0000000000000000
RIP=000000007e8f036b RFL=00000202 [-------] CPL=0 II=0 A20=1 SMM=0 HLT=0
ES =0030 0000000000000000 ffffffff 00cf9300 DPL=0 DS   [-WA]
CS =0038 0000000000000000 ffffffff 00af9a00 DPL=0 CS64 [-R-]
SS =0030 0000000000000000 ffffffff 00cf9300 DPL=0 DS   [-WA]
DS =0030 0000000000000000 ffffffff 00cf9300 DPL=0 DS   [-WA]
FS =0030 0000000000000000 ffffffff 00cf9300 DPL=0 DS   [-WA]
GS =0030 0000000000000000 ffffffff 00cf9300 DPL=0 DS   [-WA]
LDT=0000 0000000000000000 0000ffff 00008200 DPL=0 LDT
TR =0000 0000000000000000 0000ffff 00008b00 DPL=0 TSS64-busy
GDT=     000000007f5dc000 00000047
IDT=     000000007f138018 00000fff
CR0=80010033 CR2=0000000000000000 CR3=000000007f801000 CR4=00000668
DR0=0000000000000000 DR1=0000000000000000 DR2=0000000000000000 DR3=0000000000000000 
DR6=00000000ffff0ff0 DR7=0000000000000400
CCS=0000000000000000 CCD=0000000000000001 CCO=EFLAGS
EFER=0000000000000d00
Servicing hardware INT=0x20
   156: v=20 e=0000 i=0 cpl=0 IP=0038:000000007fe97496 pc=000000007fe97496 SP=0030:000000007fe96638 env->regs[R_EAX]=000000007e93ac20
RAX=000000007e93ac20 RBX=0000000000000001 RCX=000000007e93ac18 RDX=000000007feafd90
RSI=000000007fe96818 RDI=000000007e979d18 RBP=000000007fe966b0 RSP=000000007fe96638
R8 =000000007fe96738 R9 =000000007f4ecf98 R10=000000007e767688 R11=000000007feae690
R12=000000007e765c98 R13=000000007f4ecf98 R14=000000007fe96738 R15=000000007feafca0
RIP=000000007fe97496 RFL=00000206 [-----P-] CPL=0 II=0 A20=1 SMM=0 HLT=0
ES =0030 0000000000000000 ffffffff 00cf9300 DPL=0 DS   [-WA]
CS =0038 0000000000000000 ffffffff 00af9a00 DPL=0 CS64 [-R-]
SS =0030 0000000000000000 ffffffff 00cf9300 DPL=0 DS   [-WA]
DS =0030 0000000000000000 ffffffff 00cf9300 DPL=0 DS   [-WA]
FS =0030 0000000000000000 ffffffff 00cf9300 DPL=0 DS   [-WA]
GS =0030 0000000000000000 ffffffff 00cf9300 DPL=0 DS   [-WA]
LDT=0000 0000000000000000 0000ffff 00008200 DPL=0 LDT
TR =0000 0000000000000000 0000ffff 00008b00 DPL=0 TSS64-busy
GDT=     000000007f5dc000 00000047
IDT=     000000007f138018 00000fff
CR0=80010033 CR2=0000000000000000 CR3=000000007f801000 CR4=00000668
DR0=0000000000000000 DR1=0000000000000000 DR2=0000000000000000 DR3=0000000000000000 
DR6=00000000ffff0ff0 DR7=0000000000000400
CCS=0000000000000004 CCD=000000000003f100 CCO=EFLAGS
EFER=0000000000000d00
Servicing hardware INT=0x20
   157: v=20 e=0000 i=0 cpl=0 IP=0038:000000007e8f0bcd pc=000000007e8f0bcd SP=0030:000000007fe963d0 env->regs[R_EAX]=0000000000000060
RAX=0000000000000060 RBX=000000007e768d98 RCX=0000000000000011 RDX=00000000000003fd
RSI=0000000000000005 RDI=000000007e768d98 RBP=000000007fe963e0 RSP=000000007fe963d0
R8 =000000000000000d R9 =00000000000003fd R10=0000000000000003 R11=0000000000000032
R12=000000007fe96518 R13=0000000000000000 R14=000000007fe9640f R15=0000000000000000
RIP=000000007e8f0bcd RFL=00000293 [--S-A-C] CPL=0 II=0 A20=1 SMM=0 HLT=0
ES =0030 0000000000000000 ffffffff 00cf9300 DPL=0 DS   [-WA]
CS =0038 0000000000000000 ffffffff 00af9a00 DPL=0 CS64 [-R-]
SS =0030 0000000000000000 ffffffff 00cf9300 DPL=0 DS   [-WA]
DS =0030 0000000000000000 ffffffff 00cf9300 DPL=0 DS   [-WA]
FS =0030 0000000000000000 ffffffff 00cf9300 DPL=0 DS   [-WA]
GS =0030 0000000000000000 ffffffff 00cf9300 DPL=0 DS   [-WA]
LDT=0000 0000000000000000 0000ffff 00008200 DPL=0 LDT
TR =0000 0000000000000000 0000ffff 00008b00 DPL=0 TSS64-busy
GDT=     000000007f5dc000 00000047
IDT=     000000007f138018 00000fff
CR0=80010033 CR2=0000000000000000 CR3=000000007f801000 CR4=00000668
DR0=0000000000000000 DR1=0000000000000000 DR2=0000000000000000 DR3=0000000000000000 
DR6=00000000ffff0ff0 DR7=0000000000000400
CCS=0000000000000091 CCD=fffffffffffffffe CCO=EFLAGS
EFER=0000000000000d00
Servicing hardware INT=0x20
   158: v=20 e=0000 i=0 cpl=0 IP=0038:000000007e9369f9 pc=000000007e9369f9 SP=0030:000000007fe96720 env->regs[R_EAX]=0000000000000000
RAX=0000000000000000 RBX=8000000000000007 RCX=000000007e7660a8 RDX=0000000000000007
RSI=0000000000000001 RDI=0000000000000000 RBP=000000007fe96770 RSP=000000007fe96720
R8 =0000000000000006 R9 =00000000000003f8 R10=0000000000000003 R11=0000000000000032
R12=000000007e765118 R13=0000000000000034 R14=0000000000000001 R15=0000000000000001
RIP=000000007e9369f9 RFL=00000206 [-----P-] CPL=0 II=0 A20=1 SMM=0 HLT=0
ES =0030 0000000000000000 ffffffff 00cf9300 DPL=0 DS   [-WA]
CS =0038 0000000000000000 ffffffff 00af9a00 DPL=0 CS64 [-R-]
SS =0030 0000000000000000 ffffffff 00cf9300 DPL=0 DS   [-WA]
DS =0030 0000000000000000 ffffffff 00cf9300 DPL=0 DS   [-WA]
FS =0030 0000000000000000 ffffffff 00cf9300 DPL=0 DS   [-WA]
GS =0030 0000000000000000 ffffffff 00cf9300 DPL=0 DS   [-WA]
LDT=0000 0000000000000000 0000ffff 00008200 DPL=0 LDT
TR =0000 0000000000000000 0000ffff 00008b00 DPL=0 TSS64-busy
GDT=     000000007f5dc000 00000047
IDT=     000000007f138018 00000fff
CR0=80010033 CR2=0000000000000000 CR3=000000007f801000 CR4=00000668
DR0=0000000000000000 DR1=0000000000000000 DR2=0000000000000000 DR3=0000000000000000 
DR6=00000000ffff0ff0 DR7=0000000000000400
CCS=0000000000000004 CCD=000000007fe966f0 CCO=EFLAGS
EFER=0000000000000d00
Servicing hardware INT=0x20
   159: v=20 e=0000 i=0 cpl=0 IP=0038:000000007fe986a5 pc=000000007fe986a5 SP=0030:000000007fe96710 env->regs[R_EAX]=0000000000000000
RAX=0000000000000000 RBX=000000007feb11c0 RCX=000000007e76cf08 RDX=0000000000000007
RSI=0000000000000000 RDI=000000007feb11d8 RBP=000000007fe96760 RSP=000000007fe96710
R8 =000000007fe96848 R9 =0000000000000004 R10=000000000000003b R11=000000007e76c748
R12=0000000000000068 R13=0000000000000000 R14=0000000000000040 R15=000000007fe96908
RIP=000000007fe986a5 RFL=00000287 [--S--PC] CPL=0 II=0 A20=1 SMM=0 HLT=0
ES =0030 0000000000000000 ffffffff 00cf9300 DPL=0 DS   [-WA]
CS =0038 0000000000000000 ffffffff 00af9a00 DPL=0 CS64 [-R-]
SS =0030 0000000000000000 ffffffff 00cf9300 DPL=0 DS   [-WA]
DS =0030 0000000000000000 ffffffff 00cf9300 DPL=0 DS   [-WA]
FS =0030 0000000000000000 ffffffff 00cf9300 DPL=0 DS   [-WA]
GS =0030 0000000000000000 ffffffff 00cf9300 DPL=0 DS   [-WA]
LDT=0000 0000000000000000 0000ffff 00008200 DPL=0 LDT
TR =0000 0000000000000000 0000ffff 00008b00 DPL=0 TSS64-busy
GDT=     000000007f5dc000 00000047
IDT=     000000007f138018 00000fff
CR0=80010033 CR2=0000000000000000 CR3=000000007f801000 CR4=00000668
DR0=0000000000000000 DR1=0000000000000000 DR2=0000000000000000 DR3=0000000000000000 
DR6=00000000ffff0ff0 DR7=0000000000000400
CCS=0000000000000085 CCD=fffffffffe8bbd30 CCO=EFLAGS
EFER=0000000000000d00
Servicing hardware INT=0x20
   160: v=20 e=0000 i=0 cpl=0 IP=0038:000000007ecff26e pc=000000007ecff26e SP=0030:000000007fe96238 env->regs[R_EAX]=000000007ed0dda0
RAX=000000007ed0dda0 RBX=0000000000000010 RCX=000000007ed0dda0 RDX=000000000000001e
RSI=00000000ffffffff RDI=0000000000000001 RBP=000000007fe96270 RSP=000000007fe96238
R8 =000000007fe9620c R9 =000000007fe96210 R10=000000000000003b R11=000000007e76c748
R12=0000000000000068 R13=0000000000000000 R14=0000000000000040 R15=000000007fe96908
RIP=000000007ecff26e RFL=00000202 [-------] CPL=0 II=0 A20=1 SMM=0 HLT=0
ES =0030 0000000000000000 ffffffff 00cf9300 DPL=0 DS   [-WA]
CS =0038 0000000000000000 ffffffff 00af9a00 DPL=0 CS64 [-R-]
SS =0030 0000000000000000 ffffffff 00cf9300 DPL=0 DS   [-WA]
DS =0030 0000000000000000 ffffffff 00cf9300 DPL=0 DS   [-WA]
FS =0030 0000000000000000 ffffffff 00cf9300 DPL=0 DS   [-WA]
GS =0030 0000000000000000 ffffffff 00cf9300 DPL=0 DS   [-WA]
LDT=0000 0000000000000000 0000ffff 00008200 DPL=0 LDT
TR =0000 0000000000000000 0000ffff 00008b00 DPL=0 TSS64-busy
GDT=     000000007f5dc000 00000047
IDT=     000000007f138018 00000fff
CR0=80010033 CR2=0000000000000000 CR3=000000007f801000 CR4=00000668
DR0=0000000000000000 DR1=0000000000000000 DR2=0000000000000000 DR3=0000000000000000 
DR6=00000000ffff0ff0 DR7=0000000000000400
CCS=0000000000000020 CCD=000000007fe96240 CCO=SUBQ
EFER=0000000000000d00
Servicing hardware INT=0x20
   161: v=20 e=0000 i=0 cpl=0 IP=0038:000000007fe97463 pc=000000007fe97463 SP=0030:000000007fe966a8 env->regs[R_EAX]=000000007f14e398
RAX=000000007f14e398 RBX=000000007fe96758 RCX=0000000000000b08 RDX=000000007f14e998
RSI=000000007fe966c8 RDI=000000007fe966d0 RBP=000000007fe96720 RSP=000000007fe966a8
R8 =000000007e753018 R9 =000000007fe96818 R10=0000000000000020 R11=000000007e76c787
R12=0000000000000002 R13=0000000000000000 R14=0000000000000008 R15=000000007e753020
RIP=000000007fe97463 RFL=00000297 [--S-APC] CPL=0 II=0 A20=1 SMM=0 HLT=0
ES =0030 0000000000000000 ffffffff 00cf9300 DPL=0 DS   [-WA]
CS =0038 0000000000000000 ffffffff 00af9a00 DPL=0 CS64 [-R-]
SS =0030 0000000000000000 ffffffff 00cf9300 DPL=0 DS   [-WA]
DS =0030 0000000000000000 ffffffff 00cf9300 DPL=0 DS   [-WA]
FS =0030 0000000000000000 ffffffff 00cf9300 DPL=0 DS   [-WA]
GS =0030 0000000000000000 ffffffff 00cf9300 DPL=0 DS   [-WA]
LDT=0000 0000000000000000 0000ffff 00008200 DPL=0 LDT
TR =0000 0000000000000000 0000ffff 00008b00 DPL=0 TSS64-busy
GDT=     000000007f5dc000 00000047
IDT=     000000007f138018 00000fff
CR0=80010033 CR2=0000000000000000 CR3=000000007f801000 CR4=00000668
DR0=0000000000000000 DR1=0000000000000000 DR2=0000000000000000 DR3=0000000000000000 
DR6=00000000ffff0ff0 DR7=0000000000000400
CCS=0000000000000095 CCD=ffffffffffffffff CCO=EFLAGS
EFER=0000000000000d00
Servicing hardware INT=0x20
   162: v=20 e=0000 i=0 cpl=0 IP=0038:000000007f6e973c pc=000000007f6e973c SP=0030:000000007fe96540 env->regs[R_EAX]=0000000000000000
RAX=0000000000000000 RBX=00000000ffc03808 RCX=0000000000000101 RDX=0000000000000000
RSI=0000000000000010 RDI=00000000ffc03833 RBP=000000007fe96570 RSP=000000007fe96540
R8 =0000000000000808 R9 =000000007fe96638 R10=0000000000000000 R11=000000007f6e97d2
R12=00000000ffc03833 R13=0000000000000010 R14=000000000000002b R15=000000007fe96638
RIP=000000007f6e973c RFL=00000246 [---Z-P-] CPL=0 II=0 A20=1 SMM=0 HLT=0
ES =0030 0000000000000000 ffffffff 00cf9300 DPL=0 DS   [-WA]
CS =0038 0000000000000000 ffffffff 00af9a00 DPL=0 CS64 [-R-]
SS =0030 0000000000000000 ffffffff 00cf9300 DPL=0 DS   [-WA]
DS =0030 0000000000000000 ffffffff 00cf9300 DPL=0 DS   [-WA]
FS =0030 0000000000000000 ffffffff 00cf9300 DPL=0 DS   [-WA]
GS =0030 0000000000000000 ffffffff 00cf9300 DPL=0 DS   [-WA]
LDT=0000 0000000000000000 0000ffff 00008200 DPL=0 LDT
TR =0000 0000000000000000 0000ffff 00008b00 DPL=0 TSS64-busy
GDT=     000000007f5dc000 00000047
IDT=     000000007f138018 00000fff
CR0=80010033 CR2=0000000000000000 CR3=000000007f801000 CR4=00000668
DR0=0000000000000000 DR1=0000000000000000 DR2=0000000000000000 DR3=0000000000000000 
DR6=00000000ffff0ff0 DR7=0000000000000400
CCS=0000000000000044 CCD=0000000000000000 CCO=EFLAGS
EFER=0000000000000d00
Servicing hardware INT=0x20
   163: v=20 e=0000 i=0 cpl=0 IP=0038:000000007f6d30f9 pc=000000007f6d30f9 SP=0030:000000007fe966e8 env->regs[R_EAX]=0000000000000000
RAX=0000000000000000 RBX=000000000000003c RCX=000000007ec0e09e RDX=000000000000002e
RSI=0000000000000001 RDI=000000007ec0e034 RBP=000000007fe966f0 RSP=000000007fe966e8
R8 =0000000000000001 R9 =0000000000000000 R10=000000007f6daac0 R11=000000007f6daac0
R12=000000007fe967e8 R13=0000000000000000 R14=0000000000000001 R15=0000000000000000
RIP=000000007f6d30f9 RFL=00000202 [-------] CPL=0 II=0 A20=1 SMM=0 HLT=0
ES =0030 0000000000000000 ffffffff 00cf9300 DPL=0 DS   [-WA]
CS =0038 0000000000000000 ffffffff 00af9a00 DPL=0 CS64 [-R-]
SS =0030 0000000000000000 ffffffff 00cf9300 DPL=0 DS   [-WA]
DS =0030 0000000000000000 ffffffff 00cf9300 DPL=0 DS   [-WA]
FS =0030 0000000000000000 ffffffff 00cf9300 DPL=0 DS   [-WA]
GS =0030 0000000000000000 ffffffff 00cf9300 DPL=0 DS   [-WA]
LDT=0000 0000000000000000 0000ffff 00008200 DPL=0 LDT
TR =0000 0000000000000000 0000ffff 00008b00 DPL=0 TSS64-busy
GDT=     000000007f5dc000 00000047
IDT=     000000007f138018 00000fff
CR0=80010033 CR2=0000000000000000 CR3=000000007f801000 CR4=00000668
DR0=0000000000000000 DR1=0000000000000000 DR2=0000000000000000 DR3=0000000000000000 
DR6=00000000ffff0ff0 DR7=0000000000000400
CCS=0000000000000000 CCD=0000000000000001 CCO=EFLAGS
EFER=0000000000000d00
Servicing hardware INT=0x20
   164: v=20 e=0000 i=0 cpl=0 IP=0038:000000007e8ed18c pc=000000007e8ed18c SP=0030:000000007fe96640 env->regs[R_EAX]=000000000000005d
RAX=000000000000005d RBX=0000000000016c39 RCX=0000000000000608 RDX=0000000000016bdc
RSI=000000007fe9671f RDI=000000007e751018 RBP=000000007fe96670 RSP=000000007fe96640
R8 =00000000000000af R9 =0000000000000608 R10=000000000000001e R11=000000007e768318
R12=000000000000083a R13=000000007fe9671f R14=000000007e8eefd0 R15=0000000000000001
RIP=000000007e8ed18c RFL=00000202 [-------] CPL=0 II=0 A20=1 SMM=0 HLT=0
ES =0030 0000000000000000 ffffffff 00cf9300 DPL=0 DS   [-WA]
CS =0038 0000000000000000 ffffffff 00af9a00 DPL=0 CS64 [-R-]
SS =0030 0000000000000000 ffffffff 00cf9300 DPL=0 DS   [-WA]
DS =0030 0000000000000000 ffffffff 00cf9300 DPL=0 DS   [-WA]
FS =0030 0000000000000000 ffffffff 00cf9300 DPL=0 DS   [-WA]
GS =0030 0000000000000000 ffffffff 00cf9300 DPL=0 DS   [-WA]
LDT=0000 0000000000000000 0000ffff 00008200 DPL=0 LDT
TR =0000 0000000000000000 0000ffff 00008b00 DPL=0 TSS64-busy
GDT=     000000007f5dc000 00000047
IDT=     000000007f138018 00000fff
CR0=80010033 CR2=0000000000000000 CR3=000000007f801000 CR4=00000668
DR0=0000000000000000 DR1=0000000000000000 DR2=0000000000000000 DR3=0000000000000000 
DR6=00000000ffff0ff0 DR7=0000000000000400
CCS=0000000000000000 CCD=000000000000005d CCO=EFLAGS
EFER=0000000000000d00
Servicing hardware INT=0x20
   165: v=20 e=0000 i=0 cpl=0 IP=0038:000000007e8ed18c pc=000000007e8ed18c SP=0030:000000007fe96640 env->regs[R_EAX]=0000000000000066
RAX=0000000000000066 RBX=00000000000209db RCX=0000000000000608 RDX=0000000000020975
RSI=000000007fe9671f RDI=000000007e751018 RBP=000000007fe96670 RSP=000000007fe96640
R8 =00000000000000af R9 =0000000000000608 R10=000000000000001e R11=000000007e768318
R12=0000000000000704 R13=000000007fe9671f R14=000000007e8eefd0 R15=0000000000000001
RIP=000000007e8ed18c RFL=00000206 [-----P-] CPL=0 II=0 A20=1 SMM=0 HLT=0
ES =0030 0000000000000000 ffffffff 00cf9300 DPL=0 DS   [-WA]
CS =0038 0000000000000000 ffffffff 00af9a00 DPL=0 CS64 [-R-]
SS =0030 0000000000000000 ffffffff 00cf9300 DPL=0 DS   [-WA]
DS =0030 0000000000000000 ffffffff 00cf9300 DPL=0 DS   [-WA]
FS =0030 0000000000000000 ffffffff 00cf9300 DPL=0 DS   [-WA]
GS =0030 0000000000000000 ffffffff 00cf9300 DPL=0 DS   [-WA]
LDT=0000 0000000000000000 0000ffff 00008200 DPL=0 LDT
TR =0000 0000000000000000 0000ffff 00008b00 DPL=0 TSS64-busy
GDT=     000000007f5dc000 00000047
IDT=     000000007f138018 00000fff
CR0=80010033 CR2=0000000000000000 CR3=000000007f801000 CR4=00000668
DR0=0000000000000000 DR1=0000000000000000 DR2=0000000000000000 DR3=0000000000000000 
DR6=00000000ffff0ff0 DR7=0000000000000400
CCS=0000000000000004 CCD=0000000000000066 CCO=EFLAGS
EFER=0000000000000d00
Servicing hardware INT=0x20
   166: v=20 e=0000 i=0 cpl=0 IP=0038:000000007e8ed18c pc=000000007e8ed18c SP=0030:000000007fe96640 env->regs[R_EAX]=000000000000006a
RAX=000000000000006a RBX=0000000000029031 RCX=0000000000000608 RDX=0000000000028fc7
RSI=000000007fe9671f RDI=000000007e751018 RBP=000000007fe96670 RSP=000000007fe96640
R8 =00000000000000af R9 =0000000000000608 R10=000000000000001e R11=000000007e768318
R12=0000000000000639 R13=000000007fe9671f R14=000000007e8eefd0 R15=0000000000000001
RIP=000000007e8ed18c RFL=00000206 [-----P-] CPL=0 II=0 A20=1 SMM=0 HLT=0
ES =0030 0000000000000000 ffffffff 00cf9300 DPL=0 DS   [-WA]
CS =0038 0000000000000000 ffffffff 00af9a00 DPL=0 CS64 [-R-]
SS =0030 0000000000000000 ffffffff 00cf9300 DPL=0 DS   [-WA]
DS =0030 0000000000000000 ffffffff 00cf9300 DPL=0 DS   [-WA]
FS =0030 0000000000000000 ffffffff 00cf9300 DPL=0 DS   [-WA]
GS =0030 0000000000000000 ffffffff 00cf9300 DPL=0 DS   [-WA]
LDT=0000 0000000000000000 0000ffff 00008200 DPL=0 LDT
TR =0000 0000000000000000 0000ffff 00008b00 DPL=0 TSS64-busy
GDT=     000000007f5dc000 00000047
IDT=     000000007f138018 00000fff
CR0=80010033 CR2=0000000000000000 CR3=000000007f801000 CR4=00000668
DR0=0000000000000000 DR1=0000000000000000 DR2=0000000000000000 DR3=0000000000000000 
DR6=00000000ffff0ff0 DR7=0000000000000400
CCS=0000000000000004 CCD=000000000000006a CCO=EFLAGS
EFER=0000000000000d00
Servicing hardware INT=0x20
   167: v=20 e=0000 i=0 cpl=0 IP=0038:000000007e8ed18c pc=000000007e8ed18c SP=0030:000000007fe96640 env->regs[R_EAX]=0000000000000039
RAX=0000000000000039 RBX=00000000000327d5 RCX=0000000000000608 RDX=000000000003279c
RSI=000000007fe9671f RDI=000000007e751018 RBP=000000007fe96670 RSP=000000007fe96640
R8 =00000000000000af R9 =0000000000000608 R10=000000000000001e R11=000000007e768318
R12=00000000000004ff R13=000000007fe9671f R14=000000007e8eefd0 R15=0000000000000001
RIP=000000007e8ed18c RFL=00000206 [-----P-] CPL=0 II=0 A20=1 SMM=0 HLT=0
ES =0030 0000000000000000 ffffffff 00cf9300 DPL=0 DS   [-WA]
CS =0038 0000000000000000 ffffffff 00af9a00 DPL=0 CS64 [-R-]
SS =0030 0000000000000000 ffffffff 00cf9300 DPL=0 DS   [-WA]
DS =0030 0000000000000000 ffffffff 00cf9300 DPL=0 DS   [-WA]
FS =0030 0000000000000000 ffffffff 00cf9300 DPL=0 DS   [-WA]
GS =0030 0000000000000000 ffffffff 00cf9300 DPL=0 DS   [-WA]
LDT=0000 0000000000000000 0000ffff 00008200 DPL=0 LDT
TR =0000 0000000000000000 0000ffff 00008b00 DPL=0 TSS64-busy
GDT=     000000007f5dc000 00000047
IDT=     000000007f138018 00000fff
CR0=80010033 CR2=0000000000000000 CR3=000000007f801000 CR4=00000668
DR0=0000000000000000 DR1=0000000000000000 DR2=0000000000000000 DR3=0000000000000000 
DR6=00000000ffff0ff0 DR7=0000000000000400
CCS=0000000000000004 CCD=0000000000000039 CCO=EFLAGS
EFER=0000000000000d00
Servicing hardware INT=0x20
   168: v=20 e=0000 i=0 cpl=0 IP=0038:000000007e8ed065 pc=000000007e8ed065 SP=0030:000000007fe96610 env->regs[R_EAX]=0000000000000018
RAX=0000000000000018 RBX=000000007e751018 RCX=0000000000000064 RDX=0000000000000064
RSI=000000007fe9671f RDI=000000007e751018 RBP=000000007fe96660 RSP=000000007fe96610
R8 =00000000000000af R9 =0000000000000064 R10=000000000000001e R11=000000007e768318
R12=00000000000003ec R13=000000007fe9671f R14=000000007e8eefd0 R15=0000000000000001
RIP=000000007e8ed065 RFL=00000293 [--S-A-C] CPL=0 II=0 A20=1 SMM=0 HLT=0
ES =0030 0000000000000000 ffffffff 00cf9300 DPL=0 DS   [-WA]
CS =0038 0000000000000000 ffffffff 00af9a00 DPL=0 CS64 [-R-]
SS =0030 0000000000000000 ffffffff 00cf9300 DPL=0 DS   [-WA]
DS =0030 0000000000000000 ffffffff 00cf9300 DPL=0 DS   [-WA]
FS =0030 0000000000000000 ffffffff 00cf9300 DPL=0 DS   [-WA]
GS =0030 0000000000000000 ffffffff 00cf9300 DPL=0 DS   [-WA]
LDT=0000 0000000000000000 0000ffff 00008200 DPL=0 LDT
TR =0000 0000000000000000 0000ffff 00008b00 DPL=0 TSS64-busy
GDT=     000000007f5dc000 00000047
IDT=     000000007f138018 00000fff
CR0=80010033 CR2=0000000000000000 CR3=000000007f801000 CR4=00000668
DR0=0000000000000000 DR1=0000000000000000 DR2=0000000000000000 DR3=0000000000000000 
DR6=00000000ffff0ff0 DR7=0000000000000400
CCS=0000000000000091 CCD=fffffffffffffffe CCO=EFLAGS
EFER=0000000000000d00
Servicing hardware INT=0x20
   169: v=20 e=0000 i=0 cpl=0 IP=0038:000000007e8ed18c pc=000000007e8ed18c SP=0030:000000007fe96640 env->regs[R_EAX]=0000000000000056
RAX=0000000000000056 RBX=0000000000044035 RCX=0000000000000608 RDX=0000000000043fdf
RSI=000000007fe9671f RDI=000000007e751018 RBP=000000007fe96670 RSP=000000007fe96640
R8 =00000000000000af R9 =0000000000000608 R10=000000000000001e R11=000000007e768318
R12=00000000000002dd R13=000000007fe9671f R14=000000007e8eefd0 R15=0000000000000001
RIP=000000007e8ed18c RFL=00000206 [-----P-] CPL=0 II=0 A20=1 SMM=0 HLT=0
ES =0030 0000000000000000 ffffffff 00cf9300 DPL=0 DS   [-WA]
CS =0038 0000000000000000 ffffffff 00af9a00 DPL=0 CS64 [-R-]
SS =0030 0000000000000000 ffffffff 00cf9300 DPL=0 DS   [-WA]
DS =0030 0000000000000000 ffffffff 00cf9300 DPL=0 DS   [-WA]
FS =0030 0000000000000000 ffffffff 00cf9300 DPL=0 DS   [-WA]
GS =0030 0000000000000000 ffffffff 00cf9300 DPL=0 DS   [-WA]
LDT=0000 0000000000000000 0000ffff 00008200 DPL=0 LDT
TR =0000 0000000000000000 0000ffff 00008b00 DPL=0 TSS64-busy
GDT=     000000007f5dc000 00000047
IDT=     000000007f138018 00000fff
CR0=80010033 CR2=0000000000000000 CR3=000000007f801000 CR4=00000668
DR0=0000000000000000 DR1=0000000000000000 DR2=0000000000000000 DR3=0000000000000000 
DR6=00000000ffff0ff0 DR7=0000000000000400
CCS=0000000000000004 CCD=0000000000000056 CCO=EFLAGS
EFER=0000000000000d00
Servicing hardware INT=0x20
   170: v=20 e=0000 i=0 cpl=0 IP=0038:000000007e8ed18c pc=000000007e8ed18c SP=0030:000000007fe96640 env->regs[R_EAX]=0000000000000045
RAX=0000000000000045 RBX=000000000004bdf5 RCX=0000000000000608 RDX=000000000004bdb0
RSI=000000007fe9671f RDI=000000007e751018 RBP=000000007fe96670 RSP=000000007fe96640
R8 =00000000000000af R9 =0000000000000608 R10=000000000000001e R11=000000007e768318
R12=00000000000001f0 R13=000000007fe9671f R14=000000007e8eefd0 R15=0000000000000001
RIP=000000007e8ed18c RFL=00000202 [-------] CPL=0 II=0 A20=1 SMM=0 HLT=0
ES =0030 0000000000000000 ffffffff 00cf9300 DPL=0 DS   [-WA]
CS =0038 0000000000000000 ffffffff 00af9a00 DPL=0 CS64 [-R-]
SS =0030 0000000000000000 ffffffff 00cf9300 DPL=0 DS   [-WA]
DS =0030 0000000000000000 ffffffff 00cf9300 DPL=0 DS   [-WA]
FS =0030 0000000000000000 ffffffff 00cf9300 DPL=0 DS   [-WA]
GS =0030 0000000000000000 ffffffff 00cf9300 DPL=0 DS   [-WA]
LDT=0000 0000000000000000 0000ffff 00008200 DPL=0 LDT
TR =0000 0000000000000000 0000ffff 00008b00 DPL=0 TSS64-busy
GDT=     000000007f5dc000 00000047
IDT=     000000007f138018 00000fff
CR0=80010033 CR2=0000000000000000 CR3=000000007f801000 CR4=00000668
DR0=0000000000000000 DR1=0000000000000000 DR2=0000000000000000 DR3=0000000000000000 
DR6=00000000ffff0ff0 DR7=0000000000000400
CCS=0000000000000000 CCD=0000000000000045 CCO=EFLAGS
EFER=0000000000000d00
Servicing hardware INT=0x20
   171: v=20 e=0000 i=0 cpl=0 IP=0038:000000007e8ed18c pc=000000007e8ed18c SP=0030:000000007fe96640 env->regs[R_EAX]=0000000000000006
RAX=0000000000000006 RBX=0000000000053fd4 RCX=0000000000000608 RDX=0000000000053fce
RSI=000000007fe9671f RDI=000000007e751018 RBP=000000007fe96670 RSP=000000007fe96640
R8 =00000000000000af R9 =0000000000000608 R10=000000000000001e R11=000000007e768318
R12=00000000000000f2 R13=000000007fe9671f R14=000000007e8eefd0 R15=0000000000000001
RIP=000000007e8ed18c RFL=00000206 [-----P-] CPL=0 II=0 A20=1 SMM=0 HLT=0
ES =0030 0000000000000000 ffffffff 00cf9300 DPL=0 DS   [-WA]
CS =0038 0000000000000000 ffffffff 00af9a00 DPL=0 CS64 [-R-]
SS =0030 0000000000000000 ffffffff 00cf9300 DPL=0 DS   [-WA]
DS =0030 0000000000000000 ffffffff 00cf9300 DPL=0 DS   [-WA]
FS =0030 0000000000000000 ffffffff 00cf9300 DPL=0 DS   [-WA]
GS =0030 0000000000000000 ffffffff 00cf9300 DPL=0 DS   [-WA]
LDT=0000 0000000000000000 0000ffff 00008200 DPL=0 LDT
TR =0000 0000000000000000 0000ffff 00008b00 DPL=0 TSS64-busy
GDT=     000000007f5dc000 00000047
IDT=     000000007f138018 00000fff
CR0=80010033 CR2=0000000000000000 CR3=000000007f801000 CR4=00000668
DR0=0000000000000000 DR1=0000000000000000 DR2=0000000000000000 DR3=0000000000000000 
DR6=00000000ffff0ff0 DR7=0000000000000400
CCS=0000000000000004 CCD=0000000000000006 CCO=EFLAGS
EFER=0000000000000d00
Servicing hardware INT=0x20
   172: v=20 e=0000 i=0 cpl=0 IP=0038:000000007f6d993a pc=000000007f6d993a SP=0030:000000007fe96470 env->regs[R_EAX]=00000000000000ff
RAX=00000000000000ff RBX=0000000000000000 RCX=0000000000010001 RDX=000000007ec8e018
RSI=000000007e94d701 RDI=000000007ecbe017 RBP=000000007fe96540 RSP=000000007fe96470
R8 =00000000000000ff R9 =0000000000000000 R10=0000000000000000 R11=0000000000000008
R12=000000007fe96590 R13=000000007ec8e018 R14=8000000000000003 R15=000000007fe96590
RIP=000000007f6d993a RFL=00010206 [-----P-] CPL=0 II=0 A20=1 SMM=0 HLT=0
ES =0030 0000000000000000 ffffffff 00cf9300 DPL=0 DS   [-WA]
CS =0038 0000000000000000 ffffffff 00af9a00 DPL=0 CS64 [-R-]
SS =0030 0000000000000000 ffffffff 00cf9300 DPL=0 DS   [-WA]
DS =0030 0000000000000000 ffffffff 00cf9300 DPL=0 DS   [-WA]
FS =0030 0000000000000000 ffffffff 00cf9300 DPL=0 DS   [-WA]
GS =0030 0000000000000000 ffffffff 00cf9300 DPL=0 DS   [-WA]
LDT=0000 0000000000000000 0000ffff 00008200 DPL=0 LDT
TR =0000 0000000000000000 0000ffff 00008b00 DPL=0 TSS64-busy
GDT=     000000007f5dc000 00000047
IDT=     000000007f138018 00000fff
CR0=80010033 CR2=0000000000000000 CR3=000000007f801000 CR4=00000668
DR0=0000000000000000 DR1=0000000000000000 DR2=0000000000000000 DR3=0000000000000000 
DR6=00000000ffff0ff0 DR7=0000000000000400
CCS=0000000000000004 CCD=0000000000040000 CCO=EFLAGS
EFER=0000000000000d00
Servicing hardware INT=0x20
   173: v=20 e=0000 i=0 cpl=0 IP=0038:000000007f6e973c pc=000000007f6e973c SP=0030:000000007fe96540 env->regs[R_EAX]=0000000000000000
RAX=0000000000000000 RBX=00000000ffc038bc RCX=0000000000000101 RDX=0000000000000000
RSI=0000000000000010 RDI=00000000ffc038d3 RBP=000000007fe96570 RSP=000000007fe96540
R8 =00000000000008bc R9 =000000007fe96638 R10=0000000000000000 R11=000000007f6e97d2
R12=00000000ffc038d3 R13=0000000000000010 R14=0000000000000017 R15=000000007fe96638
RIP=000000007f6e973c RFL=00000246 [---Z-P-] CPL=0 II=0 A20=1 SMM=0 HLT=0
ES =0030 0000000000000000 ffffffff 00cf9300 DPL=0 DS   [-WA]
CS =0038 0000000000000000 ffffffff 00af9a00 DPL=0 CS64 [-R-]
SS =0030 0000000000000000 ffffffff 00cf9300 DPL=0 DS   [-WA]
DS =0030 0000000000000000 ffffffff 00cf9300 DPL=0 DS   [-WA]
FS =0030 0000000000000000 ffffffff 00cf9300 DPL=0 DS   [-WA]
GS =0030 0000000000000000 ffffffff 00cf9300 DPL=0 DS   [-WA]
LDT=0000 0000000000000000 0000ffff 00008200 DPL=0 LDT
TR =0000 0000000000000000 0000ffff 00008b00 DPL=0 TSS64-busy
GDT=     000000007f5dc000 00000047
IDT=     000000007f138018 00000fff
CR0=80010033 CR2=0000000000000000 CR3=000000007f801000 CR4=00000668
DR0=0000000000000000 DR1=0000000000000000 DR2=0000000000000000 DR3=0000000000000000 
DR6=00000000ffff0ff0 DR7=0000000000000400
CCS=0000000000000044 CCD=0000000000000000 CCO=EFLAGS
EFER=0000000000000d00
Servicing hardware INT=0x20
   174: v=20 e=0000 i=0 cpl=0 IP=0038:000000007f6e973c pc=000000007f6e973c SP=0030:000000007fe96540 env->regs[R_EAX]=0000000000000000
RAX=0000000000000000 RBX=00000000ffc038bc RCX=0000000000000101 RDX=0000000000000000
RSI=0000000000000010 RDI=00000000ffc03900 RBP=000000007fe96570 RSP=000000007fe96540
R8 =00000000000008bc R9 =000000007fe96638 R10=0000000000000000 R11=000000007f6e97d2
R12=00000000ffc03900 R13=0000000000000010 R14=0000000000000044 R15=000000007fe96638
RIP=000000007f6e973c RFL=00000246 [---Z-P-] CPL=0 II=0 A20=1 SMM=0 HLT=0
ES =0030 0000000000000000 ffffffff 00cf9300 DPL=0 DS   [-WA]
CS =0038 0000000000000000 ffffffff 00af9a00 DPL=0 CS64 [-R-]
SS =0030 0000000000000000 ffffffff 00cf9300 DPL=0 DS   [-WA]
DS =0030 0000000000000000 ffffffff 00cf9300 DPL=0 DS   [-WA]
FS =0030 0000000000000000 ffffffff 00cf9300 DPL=0 DS   [-WA]
GS =0030 0000000000000000 ffffffff 00cf9300 DPL=0 DS   [-WA]
LDT=0000 0000000000000000 0000ffff 00008200 DPL=0 LDT
TR =0000 0000000000000000 0000ffff 00008b00 DPL=0 TSS64-busy
GDT=     000000007f5dc000 00000047
IDT=     000000007f138018 00000fff
CR0=80010033 CR2=0000000000000000 CR3=000000007f801000 CR4=00000668
DR0=0000000000000000 DR1=0000000000000000 DR2=0000000000000000 DR3=0000000000000000 
DR6=00000000ffff0ff0 DR7=0000000000000400
CCS=0000000000000044 CCD=0000000000000000 CCO=EFLAGS
EFER=0000000000000d00
Servicing hardware INT=0x20
   175: v=20 e=0000 i=0 cpl=0 IP=0038:000000007f6e973c pc=000000007f6e973c SP=0030:000000007fe96540 env->regs[R_EAX]=0000000000000000
RAX=0000000000000000 RBX=00000000ffc038be RCX=0000000000000101 RDX=0000000000000000
RSI=000000000000003f RDI=00000000ffc038be RBP=000000007fe96570 RSP=000000007fe96540
R8 =00000000000008be R9 =000000007fe96638 R10=0000000000000000 R11=000000007f6e97d2
R12=00000000ffc038be R13=000000000000003f R14=0000000000000001 R15=000000007fe96638
RIP=000000007f6e973c RFL=00000246 [---Z-P-] CPL=0 II=0 A20=1 SMM=0 HLT=0
ES =0030 0000000000000000 ffffffff 00cf9300 DPL=0 DS   [-WA]
CS =0038 0000000000000000 ffffffff 00af9a00 DPL=0 CS64 [-R-]
SS =0030 0000000000000000 ffffffff 00cf9300 DPL=0 DS   [-WA]
DS =0030 0000000000000000 ffffffff 00cf9300 DPL=0 DS   [-WA]
FS =0030 0000000000000000 ffffffff 00cf9300 DPL=0 DS   [-WA]
GS =0030 0000000000000000 ffffffff 00cf9300 DPL=0 DS   [-WA]
LDT=0000 0000000000000000 0000ffff 00008200 DPL=0 LDT
TR =0000 0000000000000000 0000ffff 00008b00 DPL=0 TSS64-busy
GDT=     000000007f5dc000 00000047
IDT=     000000007f138018 00000fff
CR0=80010033 CR2=0000000000000000 CR3=000000007f801000 CR4=00000668
DR0=0000000000000000 DR1=0000000000000000 DR2=0000000000000000 DR3=0000000000000000 
DR6=00000000ffff0ff0 DR7=0000000000000400
CCS=0000000000000044 CCD=0000000000000000 CCO=EFLAGS
EFER=0000000000000d00
Servicing hardware INT=0x20
   176: v=20 e=0000 i=0 cpl=0 IP=0038:000000007f6e973c pc=000000007f6e973c SP=0030:000000007fe96540 env->regs[R_EAX]=0000000000000000
RAX=0000000000000000 RBX=00000000ffc039c0 RCX=0000000000000101 RDX=0000000000000000
RSI=0000000000000010 RDI=00000000ffc039da RBP=000000007fe96570 RSP=000000007fe96540
R8 =00000000000009c0 R9 =000000007fe96638 R10=0000000000000000 R11=000000007f6e97d2
R12=00000000ffc039da R13=0000000000000010 R14=000000000000001a R15=000000007fe96638
RIP=000000007f6e973c RFL=00000246 [---Z-P-] CPL=0 II=0 A20=1 SMM=0 HLT=0
ES =0030 0000000000000000 ffffffff 00cf9300 DPL=0 DS   [-WA]
CS =0038 0000000000000000 ffffffff 00af9a00 DPL=0 CS64 [-R-]
SS =0030 0000000000000000 ffffffff 00cf9300 DPL=0 DS   [-WA]
DS =0030 0000000000000000 ffffffff 00cf9300 DPL=0 DS   [-WA]
FS =0030 0000000000000000 ffffffff 00cf9300 DPL=0 DS   [-WA]
GS =0030 0000000000000000 ffffffff 00cf9300 DPL=0 DS   [-WA]
LDT=0000 0000000000000000 0000ffff 00008200 DPL=0 LDT
TR =0000 0000000000000000 0000ffff 00008b00 DPL=0 TSS64-busy
GDT=     000000007f5dc000 00000047
IDT=     000000007f138018 00000fff
CR0=80010033 CR2=0000000000000000 CR3=000000007f801000 CR4=00000668
DR0=0000000000000000 DR1=0000000000000000 DR2=0000000000000000 DR3=0000000000000000 
DR6=00000000ffff0ff0 DR7=0000000000000400
CCS=0000000000000044 CCD=0000000000000000 CCO=EFLAGS
EFER=0000000000000d00
Servicing hardware INT=0x20
   177: v=20 e=0000 i=0 cpl=0 IP=0038:000000007e97af72 pc=000000007e97af72 SP=0030:000000007fe96880 env->regs[R_EAX]=8000000000000002
RAX=8000000000000002 RBX=000000007e76cf18 RCX=0000000000000000 RDX=000000007e98d100
RSI=000000007e98d10f RDI=000000007e76cf18 RBP=000000007fe968d0 RSP=000000007fe96880
R8 =0000000000000004 R9 =000000007e98c953 R10=000000000000000f R11=000000007e76c78b
R12=000000007e76c698 R13=0000000000000000 R14=0000000000000001 R15=000000007fe96908
RIP=000000007e97af72 RFL=00000297 [--S-APC] CPL=0 II=0 A20=1 SMM=0 HLT=0
ES =0030 0000000000000000 ffffffff 00cf9300 DPL=0 DS   [-WA]
CS =0038 0000000000000000 ffffffff 00af9a00 DPL=0 CS64 [-R-]
SS =0030 0000000000000000 ffffffff 00cf9300 DPL=0 DS   [-WA]
DS =0030 0000000000000000 ffffffff 00cf9300 DPL=0 DS   [-WA]
FS =0030 0000000000000000 ffffffff 00cf9300 DPL=0 DS   [-WA]
GS =0030 0000000000000000 ffffffff 00cf9300 DPL=0 DS   [-WA]
LDT=0000 0000000000000000 0000ffff 00008200 DPL=0 LDT
TR =0000 0000000000000000 0000ffff 00008b00 DPL=0 TSS64-busy
GDT=     000000007f5dc000 00000047
IDT=     000000007f138018 00000fff
CR0=80010033 CR2=0000000000000000 CR3=000000007f801000 CR4=00000668
DR0=0000000000000000 DR1=0000000000000000 DR2=0000000000000000 DR3=0000000000000000 
DR6=00000000ffff0ff0 DR7=0000000000000400
CCS=0000000000000095 CCD=000000007e98d0ff CCO=EFLAGS
EFER=0000000000000d00
Servicing hardware INT=0x20
   178: v=20 e=0000 i=0 cpl=0 IP=0038:000000007fe97488 pc=000000007fe97488 SP=0030:000000007fe966e8 env->regs[R_EAX]=000000007e8f7c20
RAX=000000007e8f7c20 RBX=0000000000000001 RCX=000000007e8f7598 RDX=000000007feafd90
RSI=000000007fe96898 RDI=000000007f4e3998 RBP=000000007fe96760 RSP=000000007fe966e8
R8 =000000007fe96808 R9 =000000007f4ecf98 R10=000000000000003f R11=000000007e750baa
R12=000000007fe96890 R13=000000007f4ecf98 R14=000000007fe96808 R15=000000007feafe20
RIP=000000007fe97488 RFL=00000206 [-----P-] CPL=0 II=0 A20=1 SMM=0 HLT=0
ES =0030 0000000000000000 ffffffff 00cf9300 DPL=0 DS   [-WA]
CS =0038 0000000000000000 ffffffff 00af9a00 DPL=0 CS64 [-R-]
SS =0030 0000000000000000 ffffffff 00cf9300 DPL=0 DS   [-WA]
DS =0030 0000000000000000 ffffffff 00cf9300 DPL=0 DS   [-WA]
FS =0030 0000000000000000 ffffffff 00cf9300 DPL=0 DS   [-WA]
GS =0030 0000000000000000 ffffffff 00cf9300 DPL=0 DS   [-WA]
LDT=0000 0000000000000000 0000ffff 00008200 DPL=0 LDT
TR =0000 0000000000000000 0000ffff 00008b00 DPL=0 TSS64-busy
GDT=     000000007f5dc000 00000047
IDT=     000000007f138018 00000fff
CR0=80010033 CR2=0000000000000000 CR3=000000007f801000 CR4=00000668
DR0=0000000000000000 DR1=0000000000000000 DR2=0000000000000000 DR3=0000000000000000 
DR6=00000000ffff0ff0 DR7=0000000000000400
CCS=0000000000000004 CCD=0000000000bec400 CCO=EFLAGS
EFER=0000000000000d00
Servicing hardware INT=0x20
   179: v=20 e=0000 i=0 cpl=0 IP=0038:000000007f6e973c pc=000000007f6e973c SP=0030:000000007fe96540 env->regs[R_EAX]=0000000000000000
RAX=0000000000000000 RBX=00000000ffc03b58 RCX=0000000000000101 RDX=0000000000000000
RSI=0000000000000010 RDI=00000000ffc03b5f RBP=000000007fe96570 RSP=000000007fe96540
R8 =0000000000000b58 R9 =000000007fe96638 R10=0000000000000000 R11=000000007f6e97d2
R12=00000000ffc03b5f R13=0000000000000010 R14=0000000000000007 R15=000000007fe96638
RIP=000000007f6e973c RFL=00000246 [---Z-P-] CPL=0 II=0 A20=1 SMM=0 HLT=0
ES =0030 0000000000000000 ffffffff 00cf9300 DPL=0 DS   [-WA]
CS =0038 0000000000000000 ffffffff 00af9a00 DPL=0 CS64 [-R-]
SS =0030 0000000000000000 ffffffff 00cf9300 DPL=0 DS   [-WA]
DS =0030 0000000000000000 ffffffff 00cf9300 DPL=0 DS   [-WA]
FS =0030 0000000000000000 ffffffff 00cf9300 DPL=0 DS   [-WA]
GS =0030 0000000000000000 ffffffff 00cf9300 DPL=0 DS   [-WA]
LDT=0000 0000000000000000 0000ffff 00008200 DPL=0 LDT
TR =0000 0000000000000000 0000ffff 00008b00 DPL=0 TSS64-busy
GDT=     000000007f5dc000 00000047
IDT=     000000007f138018 00000fff
CR0=80010033 CR2=0000000000000000 CR3=000000007f801000 CR4=00000668
DR0=0000000000000000 DR1=0000000000000000 DR2=0000000000000000 DR3=0000000000000000 
DR6=00000000ffff0ff0 DR7=0000000000000400
CCS=0000000000000044 CCD=0000000000000000 CCO=EFLAGS
EFER=0000000000000d00
Servicing hardware INT=0x20
   180: v=20 e=0000 i=0 cpl=0 IP=0038:000000007f6e973c pc=000000007f6e973c SP=0030:000000007fe96540 env->regs[R_EAX]=0000000000000000
RAX=0000000000000000 RBX=00000000ffc03b58 RCX=0000000000000101 RDX=0000000000000000
RSI=0000000000000010 RDI=00000000ffc03bb7 RBP=000000007fe96570 RSP=000000007fe96540
R8 =0000000000000b58 R9 =000000007fe96638 R10=0000000000000000 R11=000000007f6e97d2
R12=00000000ffc03bb7 R13=0000000000000010 R14=000000000000005f R15=000000007fe96638
RIP=000000007f6e973c RFL=00000246 [---Z-P-] CPL=0 II=0 A20=1 SMM=0 HLT=0
ES =0030 0000000000000000 ffffffff 00cf9300 DPL=0 DS   [-WA]
CS =0038 0000000000000000 ffffffff 00af9a00 DPL=0 CS64 [-R-]
SS =0030 0000000000000000 ffffffff 00cf9300 DPL=0 DS   [-WA]
DS =0030 0000000000000000 ffffffff 00cf9300 DPL=0 DS   [-WA]
FS =0030 0000000000000000 ffffffff 00cf9300 DPL=0 DS   [-WA]
GS =0030 0000000000000000 ffffffff 00cf9300 DPL=0 DS   [-WA]
LDT=0000 0000000000000000 0000ffff 00008200 DPL=0 LDT
TR =0000 0000000000000000 0000ffff 00008b00 DPL=0 TSS64-busy
GDT=     000000007f5dc000 00000047
IDT=     000000007f138018 00000fff
CR0=80010033 CR2=0000000000000000 CR3=000000007f801000 CR4=00000668
DR0=0000000000000000 DR1=0000000000000000 DR2=0000000000000000 DR3=0000000000000000 
DR6=00000000ffff0ff0 DR7=0000000000000400
CCS=0000000000000044 CCD=0000000000000000 CCO=EFLAGS
EFER=0000000000000d00
Servicing hardware INT=0x20
   181: v=20 e=0000 i=0 cpl=0 IP=0038:000000007ecff26e pc=000000007ecff26e SP=0030:000000007fe96068 env->regs[R_EAX]=000000007ed0dda0
RAX=000000007ed0dda0 RBX=0000000000000010 RCX=000000007ed0dda0 RDX=000000000000001e
RSI=00000000ffffffff RDI=0000000000000001 RBP=000000007fe960a0 RSP=000000007fe96068
R8 =000000007fe9603c R9 =000000007fe96040 R10=0000000000000000 R11=000000007f6e97d2
R12=00000000ffc03bb7 R13=0000000000000010 R14=000000000000005f R15=000000007fe96638
RIP=000000007ecff26e RFL=00000202 [-------] CPL=0 II=0 A20=1 SMM=0 HLT=0
ES =0030 0000000000000000 ffffffff 00cf9300 DPL=0 DS   [-WA]
CS =0038 0000000000000000 ffffffff 00af9a00 DPL=0 CS64 [-R-]
SS =0030 0000000000000000 ffffffff 00cf9300 DPL=0 DS   [-WA]
DS =0030 0000000000000000 ffffffff 00cf9300 DPL=0 DS   [-WA]
FS =0030 0000000000000000 ffffffff 00cf9300 DPL=0 DS   [-WA]
GS =0030 0000000000000000 ffffffff 00cf9300 DPL=0 DS   [-WA]
LDT=0000 0000000000000000 0000ffff 00008200 DPL=0 LDT
TR =0000 0000000000000000 0000ffff 00008b00 DPL=0 TSS64-busy
GDT=     000000007f5dc000 00000047
IDT=     000000007f138018 00000fff
CR0=80010033 CR2=0000000000000000 CR3=000000007f801000 CR4=00000668
DR0=0000000000000000 DR1=0000000000000000 DR2=0000000000000000 DR3=0000000000000000 
DR6=00000000ffff0ff0 DR7=0000000000000400
CCS=0000000000000020 CCD=000000007fe96070 CCO=SUBQ
EFER=0000000000000d00
Servicing hardware INT=0x20
   182: v=20 e=0000 i=0 cpl=0 IP=0038:000000007e8ed065 pc=000000007e8ed065 SP=0030:000000007fe96570 env->regs[R_EAX]=000000007e75101c
RAX=000000007e75101c RBX=000000007e751018 RCX=0000000000000064 RDX=0000000000000064
RSI=00000000ffffffff RDI=000000007e751018 RBP=000000007fe965c0 RSP=000000007fe96570
R8 =0000000000000a86 R9 =0000000000000064 R10=0000000000000000 R11=000000007f6e97d2
R12=000000007e753be0 R13=0000000000000100 R14=000000007feb86c0 R15=000000007feb87c0
RIP=000000007e8ed065 RFL=00000293 [--S-A-C] CPL=0 II=0 A20=1 SMM=0 HLT=0
ES =0030 0000000000000000 ffffffff 00cf9300 DPL=0 DS   [-WA]
CS =0038 0000000000000000 ffffffff 00af9a00 DPL=0 CS64 [-R-]
SS =0030 0000000000000000 ffffffff 00cf9300 DPL=0 DS   [-WA]
DS =0030 0000000000000000 ffffffff 00cf9300 DPL=0 DS   [-WA]
FS =0030 0000000000000000 ffffffff 00cf9300 DPL=0 DS   [-WA]
GS =0030 0000000000000000 ffffffff 00cf9300 DPL=0 DS   [-WA]
LDT=0000 0000000000000000 0000ffff 00008200 DPL=0 LDT
TR =0000 0000000000000000 0000ffff 00008b00 DPL=0 TSS64-busy
GDT=     000000007f5dc000 00000047
IDT=     000000007f138018 00000fff
CR0=80010033 CR2=0000000000000000 CR3=000000007f801000 CR4=00000668
DR0=0000000000000000 DR1=0000000000000000 DR2=0000000000000000 DR3=0000000000000000 
DR6=00000000ffff0ff0 DR7=0000000000000400
CCS=0000000000000091 CCD=000000007e750ffe CCO=EFLAGS
EFER=0000000000000d00
Servicing hardware INT=0x20
   183: v=20 e=0000 i=0 cpl=0 IP=0038:000000007fe9cbb4 pc=000000007fe9cbb4 SP=0030:000000007fe96550 env->regs[R_EAX]=0000000000000035
RAX=0000000000000035 RBX=0000000000000040 RCX=000000007e937620 RDX=0000000000000000
RSI=000000007e96fb18 RDI=000000007feafc50 RBP=000000007fe965a0 RSP=000000007fe96550
R8 =0000000000000001 R9 =0000000000000000 R10=000000007feaff00 R11=000000007e825be0
R12=000000007e750318 R13=0000000000000000 R14=000000007fe96648 R15=000000007e750098
RIP=000000007fe9cbb4 RFL=00000283 [--S---C] CPL=0 II=0 A20=1 SMM=0 HLT=0
ES =0030 0000000000000000 ffffffff 00cf9300 DPL=0 DS   [-WA]
CS =0038 0000000000000000 ffffffff 00af9a00 DPL=0 CS64 [-R-]
SS =0030 0000000000000000 ffffffff 00cf9300 DPL=0 DS   [-WA]
DS =0030 0000000000000000 ffffffff 00cf9300 DPL=0 DS   [-WA]
FS =0030 0000000000000000 ffffffff 00cf9300 DPL=0 DS   [-WA]
GS =0030 0000000000000000 ffffffff 00cf9300 DPL=0 DS   [-WA]
LDT=0000 0000000000000000 0000ffff 00008200 DPL=0 LDT
TR =0000 0000000000000000 0000ffff 00008b00 DPL=0 TSS64-busy
GDT=     000000007f5dc000 00000047
IDT=     000000007f138018 00000fff
CR0=80010033 CR2=0000000000000000 CR3=000000007f801000 CR4=00000668
DR0=0000000000000000 DR1=0000000000000000 DR2=0000000000000000 DR3=0000000000000000 
DR6=00000000ffff0ff0 DR7=0000000000000400
CCS=0000000000000081 CCD=ffffffffffed1c80 CCO=EFLAGS
EFER=0000000000000d00
Servicing hardware INT=0x20
   184: v=20 e=0000 i=0 cpl=0 IP=0038:000000007fe97ffb pc=000000007fe97ffb SP=0030:000000007fe96818 env->regs[R_EAX]=0000000000000000
RAX=0000000000000000 RBX=0000000000000040 RCX=000000007e916e18 RDX=000000007feafd90
RSI=000000007fe96918 RDI=000000007e916e18 RBP=000000007fe96870 RSP=000000007fe96818
R8 =000000007e750098 R9 =0000000000000000 R10=000000007feaff00 R11=000000007e825be0
R12=000000007e750098 R13=0000000000000000 R14=000000007fe96918 R15=000000007e74fd18
RIP=000000007fe97ffb RFL=00000246 [---Z-P-] CPL=0 II=0 A20=1 SMM=0 HLT=0
ES =0030 0000000000000000 ffffffff 00cf9300 DPL=0 DS   [-WA]
CS =0038 0000000000000000 ffffffff 00af9a00 DPL=0 CS64 [-R-]
SS =0030 0000000000000000 ffffffff 00cf9300 DPL=0 DS   [-WA]
DS =0030 0000000000000000 ffffffff 00cf9300 DPL=0 DS   [-WA]
FS =0030 0000000000000000 ffffffff 00cf9300 DPL=0 DS   [-WA]
GS =0030 0000000000000000 ffffffff 00cf9300 DPL=0 DS   [-WA]
LDT=0000 0000000000000000 0000ffff 00008200 DPL=0 LDT
TR =0000 0000000000000000 0000ffff 00008b00 DPL=0 TSS64-busy
GDT=     000000007f5dc000 00000047
IDT=     000000007f138018 00000fff
CR0=80010033 CR2=0000000000000000 CR3=000000007f801000 CR4=00000668
DR0=0000000000000000 DR1=0000000000000000 DR2=0000000000000000 DR3=0000000000000000 
DR6=00000000ffff0ff0 DR7=0000000000000400
CCS=0000000000000044 CCD=0000000000000000 CCO=EFLAGS
EFER=0000000000000d00
Servicing hardware INT=0x20
   185: v=20 e=0000 i=0 cpl=0 IP=0038:000000007fe97488 pc=000000007fe97488 SP=0030:000000007fe96778 env->regs[R_EAX]=000000007ecfc5a0
RAX=000000007ecfc5a0 RBX=0000000000000010 RCX=000000007f13a098 RDX=000000007feafd90
RSI=000000007ecf6d98 RDI=000000007ecf6d98 RBP=000000007fe967f0 RSP=000000007fe96778
R8 =000000007fe96838 R9 =000000007e83e998 R10=000000007feaff00 R11=000000007e825be0
R12=000000007e7e4570 R13=000000007e83e998 R14=000000007fe96838 R15=000000007e7e4570
RIP=000000007fe97488 RFL=00000287 [--S--PC] CPL=0 II=0 A20=1 SMM=0 HLT=0
ES =0030 0000000000000000 ffffffff 00cf9300 DPL=0 DS   [-WA]
CS =0038 0000000000000000 ffffffff 00af9a00 DPL=0 CS64 [-R-]
SS =0030 0000000000000000 ffffffff 00cf9300 DPL=0 DS   [-WA]
DS =0030 0000000000000000 ffffffff 00cf9300 DPL=0 DS   [-WA]
FS =0030 0000000000000000 ffffffff 00cf9300 DPL=0 DS   [-WA]
GS =0030 0000000000000000 ffffffff 00cf9300 DPL=0 DS   [-WA]
LDT=0000 0000000000000000 0000ffff 00008200 DPL=0 LDT
TR =0000 0000000000000000 0000ffff 00008b00 DPL=0 TSS64-busy
GDT=     000000007f5dc000 00000047
IDT=     000000007f138018 00000fff
CR0=80010033 CR2=0000000000000000 CR3=000000007f801000 CR4=00000668
DR0=0000000000000000 DR1=0000000000000000 DR2=0000000000000000 DR3=0000000000000000 
DR6=00000000ffff0ff0 DR7=0000000000000400
CCS=0000000000000085 CCD=ffffffffffbbcd00 CCO=EFLAGS
EFER=0000000000000d00
Servicing hardware INT=0x20
   186: v=20 e=0000 i=0 cpl=0 IP=0038:000000007ecfe372 pc=000000007ecfe372 SP=0030:000000007fe96580 env->regs[R_EAX]=00000000000003e6
RAX=00000000000003e6 RBX=000000000011f966 RCX=0000000000000608 RDX=000000000011f580
RSI=0000000000000000 RDI=0000000000000dfb RBP=000000007fe96590 RSP=000000007fe96580
R8 =00000000000000af R9 =0000000000000608 R10=0000000000000001 R11=000000007e5c10d0
R12=0000000000000000 R13=000000007e5c2ef8 R14=0000000000000004 R15=000000007e5c2f18
RIP=000000007ecfe372 RFL=00000202 [-------] CPL=0 II=0 A20=1 SMM=0 HLT=0
ES =0030 0000000000000000 ffffffff 00cf9300 DPL=0 DS   [-WA]
CS =0038 0000000000000000 ffffffff 00af9a00 DPL=0 CS64 [-R-]
SS =0030 0000000000000000 ffffffff 00cf9300 DPL=0 DS   [-WA]
DS =0030 0000000000000000 ffffffff 00cf9300 DPL=0 DS   [-WA]
FS =0030 0000000000000000 ffffffff 00cf9300 DPL=0 DS   [-WA]
GS =0030 0000000000000000 ffffffff 00cf9300 DPL=0 DS   [-WA]
LDT=0000 0000000000000000 0000ffff 00008200 DPL=0 LDT
TR =0000 0000000000000000 0000ffff 00008b00 DPL=0 TSS64-busy
GDT=     000000007f5dc000 00000047
IDT=     000000007f138018 00000fff
CR0=80010033 CR2=0000000000000000 CR3=000000007f801000 CR4=00000668
DR0=0000000000000000 DR1=0000000000000000 DR2=0000000000000000 DR3=0000000000000000 
DR6=00000000ffff0ff0 DR7=0000000000000400
CCS=0000000000000000 CCD=00000000000003e6 CCO=EFLAGS
EFER=0000000000000d00
Servicing hardware INT=0x20
   187: v=20 e=0000 i=0 cpl=0 IP=0038:000000007ecfe372 pc=000000007ecfe372 SP=0030:000000007fe96580 env->regs[R_EAX]=0000000000000256
RAX=0000000000000256 RBX=0000000000126029 RCX=0000000000000608 RDX=0000000000125dd3
RSI=0000000000000000 RDI=0000000000000dfb RBP=000000007fe96590 RSP=000000007fe96580
R8 =00000000000000af R9 =0000000000000608 R10=0000000000000001 R11=000000007e5c10d0
R12=0000000000000000 R13=000000007e5c2ef8 R14=0000000000000004 R15=000000007e5c2f18
RIP=000000007ecfe372 RFL=00000206 [-----P-] CPL=0 II=0 A20=1 SMM=0 HLT=0
ES =0030 0000000000000000 ffffffff 00cf9300 DPL=0 DS   [-WA]
CS =0038 0000000000000000 ffffffff 00af9a00 DPL=0 CS64 [-R-]
SS =0030 0000000000000000 ffffffff 00cf9300 DPL=0 DS   [-WA]
DS =0030 0000000000000000 ffffffff 00cf9300 DPL=0 DS   [-WA]
FS =0030 0000000000000000 ffffffff 00cf9300 DPL=0 DS   [-WA]
GS =0030 0000000000000000 ffffffff 00cf9300 DPL=0 DS   [-WA]
LDT=0000 0000000000000000 0000ffff 00008200 DPL=0 LDT
TR =0000 0000000000000000 0000ffff 00008b00 DPL=0 TSS64-busy
GDT=     000000007f5dc000 00000047
IDT=     000000007f138018 00000fff
CR0=80010033 CR2=0000000000000000 CR3=000000007f801000 CR4=00000668
DR0=0000000000000000 DR1=0000000000000000 DR2=0000000000000000 DR3=0000000000000000 
DR6=00000000ffff0ff0 DR7=0000000000000400
CCS=0000000000000004 CCD=0000000000000256 CCO=EFLAGS
EFER=0000000000000d00
Servicing hardware INT=0x20
   188: v=20 e=0000 i=0 cpl=0 IP=0038:000000007ecfe372 pc=000000007ecfe372 SP=0030:000000007fe96580 env->regs[R_EAX]=0000000000000d3a
RAX=0000000000000d3a RBX=000000000012f45a RCX=0000000000000608 RDX=000000000012e720
RSI=0000000000000000 RDI=0000000000000dfb RBP=000000007fe96590 RSP=000000007fe96580
R8 =00000000000000af R9 =0000000000000608 R10=0000000000000001 R11=000000007e5c10d0
R12=0000000000000000 R13=000000007e5c2ef8 R14=0000000000000004 R15=000000007e5c2f18
RIP=000000007ecfe372 RFL=00000206 [-----P-] CPL=0 II=0 A20=1 SMM=0 HLT=0
ES =0030 0000000000000000 ffffffff 00cf9300 DPL=0 DS   [-WA]
CS =0038 0000000000000000 ffffffff 00af9a00 DPL=0 CS64 [-R-]
SS =0030 0000000000000000 ffffffff 00cf9300 DPL=0 DS   [-WA]
DS =0030 0000000000000000 ffffffff 00cf9300 DPL=0 DS   [-WA]
FS =0030 0000000000000000 ffffffff 00cf9300 DPL=0 DS   [-WA]
GS =0030 0000000000000000 ffffffff 00cf9300 DPL=0 DS   [-WA]
LDT=0000 0000000000000000 0000ffff 00008200 DPL=0 LDT
TR =0000 0000000000000000 0000ffff 00008b00 DPL=0 TSS64-busy
GDT=     000000007f5dc000 00000047
IDT=     000000007f138018 00000fff
CR0=80010033 CR2=0000000000000000 CR3=000000007f801000 CR4=00000668
DR0=0000000000000000 DR1=0000000000000000 DR2=0000000000000000 DR3=0000000000000000 
DR6=00000000ffff0ff0 DR7=0000000000000400
CCS=0000000000000004 CCD=0000000000000d3a CCO=EFLAGS
EFER=0000000000000d00
Servicing hardware INT=0x20
   189: v=20 e=0000 i=0 cpl=0 IP=0038:000000007ecfe372 pc=000000007ecfe372 SP=0030:000000007fe96580 env->regs[R_EAX]=00000000000006b4
RAX=00000000000006b4 RBX=0000000000138550 RCX=0000000000000608 RDX=0000000000137e9c
RSI=0000000000000000 RDI=0000000000000dfb RBP=000000007fe96590 RSP=000000007fe96580
R8 =00000000000000af R9 =0000000000000608 R10=0000000000000001 R11=000000007e5c10d0
R12=0000000000000000 R13=000000007e5c2ef8 R14=0000000000000004 R15=000000007e5c2f18
RIP=000000007ecfe372 RFL=00000206 [-----P-] CPL=0 II=0 A20=1 SMM=0 HLT=0
ES =0030 0000000000000000 ffffffff 00cf9300 DPL=0 DS   [-WA]
CS =0038 0000000000000000 ffffffff 00af9a00 DPL=0 CS64 [-R-]
SS =0030 0000000000000000 ffffffff 00cf9300 DPL=0 DS   [-WA]
DS =0030 0000000000000000 ffffffff 00cf9300 DPL=0 DS   [-WA]
FS =0030 0000000000000000 ffffffff 00cf9300 DPL=0 DS   [-WA]
GS =0030 0000000000000000 ffffffff 00cf9300 DPL=0 DS   [-WA]
LDT=0000 0000000000000000 0000ffff 00008200 DPL=0 LDT
TR =0000 0000000000000000 0000ffff 00008b00 DPL=0 TSS64-busy
GDT=     000000007f5dc000 00000047
IDT=     000000007f138018 00000fff
CR0=80010033 CR2=0000000000000000 CR3=000000007f801000 CR4=00000668
DR0=0000000000000000 DR1=0000000000000000 DR2=0000000000000000 DR3=0000000000000000 
DR6=00000000ffff0ff0 DR7=0000000000000400
CCS=0000000000000004 CCD=00000000000006b4 CCO=EFLAGS
EFER=0000000000000d00
Servicing hardware INT=0x20
   190: v=20 e=0000 i=0 cpl=0 IP=0038:000000007ecfe372 pc=000000007ecfe372 SP=0030:000000007fe96580 env->regs[R_EAX]=000000000000072a
RAX=000000000000072a RBX=0000000000141e51 RCX=0000000000000608 RDX=0000000000141727
RSI=0000000000000000 RDI=0000000000000dfb RBP=000000007fe96590 RSP=000000007fe96580
R8 =00000000000000af R9 =0000000000000608 R10=0000000000000001 R11=000000007e5c10d0
R12=0000000000000000 R13=000000007e5c2ef8 R14=0000000000000004 R15=000000007e5c2f18
RIP=000000007ecfe372 RFL=00000202 [-------] CPL=0 II=0 A20=1 SMM=0 HLT=0
ES =0030 0000000000000000 ffffffff 00cf9300 DPL=0 DS   [-WA]
CS =0038 0000000000000000 ffffffff 00af9a00 DPL=0 CS64 [-R-]
SS =0030 0000000000000000 ffffffff 00cf9300 DPL=0 DS   [-WA]
DS =0030 0000000000000000 ffffffff 00cf9300 DPL=0 DS   [-WA]
FS =0030 0000000000000000 ffffffff 00cf9300 DPL=0 DS   [-WA]
GS =0030 0000000000000000 ffffffff 00cf9300 DPL=0 DS   [-WA]
LDT=0000 0000000000000000 0000ffff 00008200 DPL=0 LDT
TR =0000 0000000000000000 0000ffff 00008b00 DPL=0 TSS64-busy
GDT=     000000007f5dc000 00000047
IDT=     000000007f138018 00000fff
CR0=80010033 CR2=0000000000000000 CR3=000000007f801000 CR4=00000668
DR0=0000000000000000 DR1=0000000000000000 DR2=0000000000000000 DR3=0000000000000000 
DR6=00000000ffff0ff0 DR7=0000000000000400
CCS=0000000000000000 CCD=000000000000072a CCO=EFLAGS
EFER=0000000000000d00
Servicing hardware INT=0x20
   191: v=20 e=0000 i=0 cpl=0 IP=0038:000000007ecff26e pc=000000007ecff26e SP=0030:000000007fe962f8 env->regs[R_EAX]=000000007ed0dda0
RAX=000000007ed0dda0 RBX=0000000000000004 RCX=000000007ed0dda0 RDX=000000007e4be018
RSI=0000000000001000 RDI=0000000000000001 RBP=000000007fe96330 RSP=000000007fe962f8
R8 =00000000000000af R9 =0000000000000080 R10=000000007feb11d8 R11=000000007feae690
R12=0000000000000004 R13=00000000000005f8 R14=000000007e669dd8 R15=00000000000001ef
RIP=000000007ecff26e RFL=00000206 [-----P-] CPL=0 II=0 A20=1 SMM=0 HLT=0
ES =0030 0000000000000000 ffffffff 00cf9300 DPL=0 DS   [-WA]
CS =0038 0000000000000000 ffffffff 00af9a00 DPL=0 CS64 [-R-]
SS =0030 0000000000000000 ffffffff 00cf9300 DPL=0 DS   [-WA]
DS =0030 0000000000000000 ffffffff 00cf9300 DPL=0 DS   [-WA]
FS =0030 0000000000000000 ffffffff 00cf9300 DPL=0 DS   [-WA]
GS =0030 0000000000000000 ffffffff 00cf9300 DPL=0 DS   [-WA]
LDT=0000 0000000000000000 0000ffff 00008200 DPL=0 LDT
TR =0000 0000000000000000 0000ffff 00008b00 DPL=0 TSS64-busy
GDT=     000000007f5dc000 00000047
IDT=     000000007f138018 00000fff
CR0=80010033 CR2=0000000000000000 CR3=000000007f801000 CR4=00000668
DR0=0000000000000000 DR1=0000000000000000 DR2=0000000000000000 DR3=0000000000000000 
DR6=00000000ffff0ff0 DR7=0000000000000400
CCS=0000000000000004 CCD=000000007fe96300 CCO=EFLAGS
EFER=0000000000000d00
Servicing hardware INT=0x20
   192: v=20 e=0000 i=0 cpl=0 IP=0038:000000007f6e973c pc=000000007f6e973c SP=0030:000000007fe96250 env->regs[R_EAX]=0000000000000000
RAX=0000000000000000 RBX=00000000ffc03bec RCX=0000000000000101 RDX=0000000000000000
RSI=0000000000000010 RDI=00000000ffc03bee RBP=000000007fe96280 RSP=000000007fe96250
R8 =0000000000000bec R9 =000000007fe96348 R10=0000000000000000 R11=000000007f6e97d2
R12=00000000ffc03bee R13=0000000000000010 R14=0000000000000002 R15=000000007fe96348
RIP=000000007f6e973c RFL=00000246 [---Z-P-] CPL=0 II=0 A20=1 SMM=0 HLT=0
ES =0030 0000000000000000 ffffffff 00cf9300 DPL=0 DS   [-WA]
CS =0038 0000000000000000 ffffffff 00af9a00 DPL=0 CS64 [-R-]
SS =0030 0000000000000000 ffffffff 00cf9300 DPL=0 DS   [-WA]
DS =0030 0000000000000000 ffffffff 00cf9300 DPL=0 DS   [-WA]
FS =0030 0000000000000000 ffffffff 00cf9300 DPL=0 DS   [-WA]
GS =0030 0000000000000000 ffffffff 00cf9300 DPL=0 DS   [-WA]
LDT=0000 0000000000000000 0000ffff 00008200 DPL=0 LDT
TR =0000 0000000000000000 0000ffff 00008b00 DPL=0 TSS64-busy
GDT=     000000007f5dc000 00000047
IDT=     000000007f138018 00000fff
CR0=80010033 CR2=0000000000000000 CR3=000000007f801000 CR4=00000668
DR0=0000000000000000 DR1=0000000000000000 DR2=0000000000000000 DR3=0000000000000000 
DR6=00000000ffff0ff0 DR7=0000000000000400
CCS=0000000000000044 CCD=0000000000000000 CCO=EFLAGS
EFER=0000000000000d00
Servicing hardware INT=0x20
   193: v=20 e=0000 i=0 cpl=0 IP=0038:000000007f6d8b24 pc=000000007f6d8b24 SP=0030:000000007fe962f0 env->regs[R_EAX]=000000007f5cb198
RAX=000000007f5cb198 RBX=0000000000000000 RCX=0000000000000000 RDX=000000007ec8e018
RSI=000000007e8a3eb0 RDI=000000007e4b0e18 RBP=000000007fe96390 RSP=000000007fe962f0
R8 =0000000000000002 R9 =000000007ec8e081 R10=0000000000000000 R11=000000007f6e97d2
R12=0000000000000000 R13=000000007ec8e001 R14=0000000000000000 R15=000000007fe96490
RIP=000000007f6d8b24 RFL=00000246 [---Z-P-] CPL=0 II=0 A20=1 SMM=0 HLT=0
ES =0030 0000000000000000 ffffffff 00cf9300 DPL=0 DS   [-WA]
CS =0038 0000000000000000 ffffffff 00af9a00 DPL=0 CS64 [-R-]
SS =0030 0000000000000000 ffffffff 00cf9300 DPL=0 DS   [-WA]
DS =0030 0000000000000000 ffffffff 00cf9300 DPL=0 DS   [-WA]
FS =0030 0000000000000000 ffffffff 00cf9300 DPL=0 DS   [-WA]
GS =0030 0000000000000000 ffffffff 00cf9300 DPL=0 DS   [-WA]
LDT=0000 0000000000000000 0000ffff 00008200 DPL=0 LDT
TR =0000 0000000000000000 0000ffff 00008b00 DPL=0 TSS64-busy
GDT=     000000007f5dc000 00000047
IDT=     000000007f138018 00000fff
CR0=80010033 CR2=0000000000000000 CR3=000000007f801000 CR4=00000668
DR0=0000000000000000 DR1=0000000000000000 DR2=0000000000000000 DR3=0000000000000000 
DR6=00000000ffff0ff0 DR7=0000000000000400
CCS=0000000000000044 CCD=0000000000000000 CCO=EFLAGS
EFER=0000000000000d00
Servicing hardware INT=0x20
   194: v=20 e=0000 i=0 cpl=0 IP=0038:000000007f6d993c pc=000000007f6d993c SP=0030:000000007fe96370 env->regs[R_EAX]=00000000000000ff
RAX=00000000000000ff RBX=0000000000000000 RCX=0000000000000000 RDX=000000007ec8e018
RSI=000000007e876201 RDI=000000007ecce018 RBP=000000007fe96440 RSP=000000007fe96370
R8 =00000000000000ff R9 =0000000000000000 R10=0000000000000000 R11=0000000000000008
R12=000000007fe96490 R13=000000007ec8e018 R14=8000000000000003 R15=000000007fe96490
RIP=000000007f6d993c RFL=00000206 [-----P-] CPL=0 II=0 A20=1 SMM=0 HLT=0
ES =0030 0000000000000000 ffffffff 00cf9300 DPL=0 DS   [-WA]
CS =0038 0000000000000000 ffffffff 00af9a00 DPL=0 CS64 [-R-]
SS =0030 0000000000000000 ffffffff 00cf9300 DPL=0 DS   [-WA]
DS =0030 0000000000000000 ffffffff 00cf9300 DPL=0 DS   [-WA]
FS =0030 0000000000000000 ffffffff 00cf9300 DPL=0 DS   [-WA]
GS =0030 0000000000000000 ffffffff 00cf9300 DPL=0 DS   [-WA]
LDT=0000 0000000000000000 0000ffff 00008200 DPL=0 LDT
TR =0000 0000000000000000 0000ffff 00008b00 DPL=0 TSS64-busy
GDT=     000000007f5dc000 00000047
IDT=     000000007f138018 00000fff
CR0=80010033 CR2=0000000000000000 CR3=000000007f801000 CR4=00000668
DR0=0000000000000000 DR1=0000000000000000 DR2=0000000000000000 DR3=0000000000000000 
DR6=00000000ffff0ff0 DR7=0000000000000400
CCS=0000000000000004 CCD=0000000000040000 CCO=EFLAGS
EFER=0000000000000d00
Servicing hardware INT=0x20
   195: v=20 e=0000 i=0 cpl=0 IP=0038:000000007f6e973c pc=000000007f6e973c SP=0030:000000007fe96250 env->regs[R_EAX]=0000000000000000
RAX=0000000000000000 RBX=00000000ffc03c58 RCX=0000000000000101 RDX=0000000000000000
RSI=0000000000000089 RDI=00000000ffc03c8c RBP=000000007fe96280 RSP=000000007fe96250
R8 =0000000000000c58 R9 =000000007fe96348 R10=0000000000000000 R11=000000007f6e97d2
R12=00000000ffc03c8c R13=0000000000000089 R14=0000000000000035 R15=000000007fe96348
RIP=000000007f6e973c RFL=00000246 [---Z-P-] CPL=0 II=0 A20=1 SMM=0 HLT=0
ES =0030 0000000000000000 ffffffff 00cf9300 DPL=0 DS   [-WA]
CS =0038 0000000000000000 ffffffff 00af9a00 DPL=0 CS64 [-R-]
SS =0030 0000000000000000 ffffffff 00cf9300 DPL=0 DS   [-WA]
DS =0030 0000000000000000 ffffffff 00cf9300 DPL=0 DS   [-WA]
FS =0030 0000000000000000 ffffffff 00cf9300 DPL=0 DS   [-WA]
GS =0030 0000000000000000 ffffffff 00cf9300 DPL=0 DS   [-WA]
LDT=0000 0000000000000000 0000ffff 00008200 DPL=0 LDT
TR =0000 0000000000000000 0000ffff 00008b00 DPL=0 TSS64-busy
GDT=     000000007f5dc000 00000047
IDT=     000000007f138018 00000fff
CR0=80010033 CR2=0000000000000000 CR3=000000007f801000 CR4=00000668
DR0=0000000000000000 DR1=0000000000000000 DR2=0000000000000000 DR3=0000000000000000 
DR6=00000000ffff0ff0 DR7=0000000000000400
CCS=0000000000000044 CCD=0000000000000000 CCO=EFLAGS
EFER=0000000000000d00
Servicing hardware INT=0x20
   196: v=20 e=0000 i=0 cpl=0 IP=0038:000000007f6e973c pc=000000007f6e973c SP=0030:000000007fe96250 env->regs[R_EAX]=0000000000000000
RAX=0000000000000000 RBX=00000000ffc03c58 RCX=0000000000000101 RDX=0000000000000000
RSI=0000000000000010 RDI=00000000ffc03caa RBP=000000007fe96280 RSP=000000007fe96250
R8 =0000000000000c58 R9 =000000007fe96348 R10=0000000000000000 R11=000000007f6e97d2
R12=00000000ffc03caa R13=0000000000000010 R14=0000000000000052 R15=000000007fe96348
RIP=000000007f6e973c RFL=00000246 [---Z-P-] CPL=0 II=0 A20=1 SMM=0 HLT=0
ES =0030 0000000000000000 ffffffff 00cf9300 DPL=0 DS   [-WA]
CS =0038 0000000000000000 ffffffff 00af9a00 DPL=0 CS64 [-R-]
SS =0030 0000000000000000 ffffffff 00cf9300 DPL=0 DS   [-WA]
DS =0030 0000000000000000 ffffffff 00cf9300 DPL=0 DS   [-WA]
FS =0030 0000000000000000 ffffffff 00cf9300 DPL=0 DS   [-WA]
GS =0030 0000000000000000 ffffffff 00cf9300 DPL=0 DS   [-WA]
LDT=0000 0000000000000000 0000ffff 00008200 DPL=0 LDT
TR =0000 0000000000000000 0000ffff 00008b00 DPL=0 TSS64-busy
GDT=     000000007f5dc000 00000047
IDT=     000000007f138018 00000fff
CR0=80010033 CR2=0000000000000000 CR3=000000007f801000 CR4=00000668
DR0=0000000000000000 DR1=0000000000000000 DR2=0000000000000000 DR3=0000000000000000 
DR6=00000000ffff0ff0 DR7=0000000000000400
CCS=0000000000000044 CCD=0000000000000000 CCO=EFLAGS
EFER=0000000000000d00
Servicing hardware INT=0x20
   197: v=20 e=0000 i=0 cpl=0 IP=0038:000000007f6e973c pc=000000007f6e973c SP=0030:000000007fe96250 env->regs[R_EAX]=0000000000000000
RAX=0000000000000000 RBX=00000000ffc03c58 RCX=0000000000000101 RDX=0000000000000000
RSI=0000000000000010 RDI=00000000ffc03cc8 RBP=000000007fe96280 RSP=000000007fe96250
R8 =0000000000000c58 R9 =000000007fe96348 R10=0000000000000000 R11=000000007f6e97d2
R12=00000000ffc03cc8 R13=0000000000000010 R14=0000000000000070 R15=000000007fe96348
RIP=000000007f6e973c RFL=00000246 [---Z-P-] CPL=0 II=0 A20=1 SMM=0 HLT=0
ES =0030 0000000000000000 ffffffff 00cf9300 DPL=0 DS   [-WA]
CS =0038 0000000000000000 ffffffff 00af9a00 DPL=0 CS64 [-R-]
SS =0030 0000000000000000 ffffffff 00cf9300 DPL=0 DS   [-WA]
DS =0030 0000000000000000 ffffffff 00cf9300 DPL=0 DS   [-WA]
FS =0030 0000000000000000 ffffffff 00cf9300 DPL=0 DS   [-WA]
GS =0030 0000000000000000 ffffffff 00cf9300 DPL=0 DS   [-WA]
LDT=0000 0000000000000000 0000ffff 00008200 DPL=0 LDT
TR =0000 0000000000000000 0000ffff 00008b00 DPL=0 TSS64-busy
GDT=     000000007f5dc000 00000047
IDT=     000000007f138018 00000fff
CR0=80010033 CR2=0000000000000000 CR3=000000007f801000 CR4=00000668
DR0=0000000000000000 DR1=0000000000000000 DR2=0000000000000000 DR3=0000000000000000 
DR6=00000000ffff0ff0 DR7=0000000000000400
CCS=0000000000000044 CCD=0000000000000000 CCO=EFLAGS
EFER=0000000000000d00
Servicing hardware INT=0x20
   198: v=20 e=0000 i=0 cpl=0 IP=0038:000000007f6e973c pc=000000007f6e973c SP=0030:000000007fe961e0 env->regs[R_EAX]=0000000000000000
RAX=0000000000000000 RBX=00000000ffc03cd8 RCX=0000000000000101 RDX=0000000000000000
RSI=0000000000000000 RDI=00000000ffc03ce2 RBP=000000007fe96210 RSP=000000007fe961e0
R8 =0000000000000cd8 R9 =000000007fe962d8 R10=0000000000000000 R11=000000007f6e97d2
R12=00000000ffc03ce2 R13=0000000000000000 R14=000000000000000b R15=000000007fe962d8
RIP=000000007f6e973c RFL=00000246 [---Z-P-] CPL=0 II=0 A20=1 SMM=0 HLT=0
ES =0030 0000000000000000 ffffffff 00cf9300 DPL=0 DS   [-WA]
CS =0038 0000000000000000 ffffffff 00af9a00 DPL=0 CS64 [-R-]
SS =0030 0000000000000000 ffffffff 00cf9300 DPL=0 DS   [-WA]
DS =0030 0000000000000000 ffffffff 00cf9300 DPL=0 DS   [-WA]
FS =0030 0000000000000000 ffffffff 00cf9300 DPL=0 DS   [-WA]
GS =0030 0000000000000000 ffffffff 00cf9300 DPL=0 DS   [-WA]
LDT=0000 0000000000000000 0000ffff 00008200 DPL=0 LDT
TR =0000 0000000000000000 0000ffff 00008b00 DPL=0 TSS64-busy
GDT=     000000007f5dc000 00000047
IDT=     000000007f138018 00000fff
CR0=80010033 CR2=0000000000000000 CR3=000000007f801000 CR4=00000668
DR0=0000000000000000 DR1=0000000000000000 DR2=0000000000000000 DR3=0000000000000000 
DR6=00000000ffff0ff0 DR7=0000000000000400
CCS=0000000000000044 CCD=0000000000000000 CCO=EFLAGS
EFER=0000000000000d00
Servicing hardware INT=0x20
   199: v=20 e=0000 i=0 cpl=0 IP=0038:000000007e8b0375 pc=000000007e8b0375 SP=0030:000000007fe964e8 env->regs[R_EAX]=0000000000000000
RAX=0000000000000000 RBX=0000000000000004 RCX=000000007e4aaa18 RDX=000000007e4ad798
RSI=00000000ffffffff RDI=000000007feb0bf0 RBP=000000007fe96560 RSP=000000007fe964e8
R8 =00000000000000af R9 =0000000000000002 R10=000000007f6daac0 R11=000000007f6daac0
R12=000000007e4aaa60 R13=0000000000000080 R14=000000007feb86c0 R15=000000007feb8740
RIP=000000007e8b0375 RFL=00000202 [-------] CPL=0 II=0 A20=1 SMM=0 HLT=0
ES =0030 0000000000000000 ffffffff 00cf9300 DPL=0 DS   [-WA]
CS =0038 0000000000000000 ffffffff 00af9a00 DPL=0 CS64 [-R-]
SS =0030 0000000000000000 ffffffff 00cf9300 DPL=0 DS   [-WA]
DS =0030 0000000000000000 ffffffff 00cf9300 DPL=0 DS   [-WA]
FS =0030 0000000000000000 ffffffff 00cf9300 DPL=0 DS   [-WA]
GS =0030 0000000000000000 ffffffff 00cf9300 DPL=0 DS   [-WA]
LDT=0000 0000000000000000 0000ffff 00008200 DPL=0 LDT
TR =0000 0000000000000000 0000ffff 00008b00 DPL=0 TSS64-busy
GDT=     000000007f5dc000 00000047
IDT=     000000007f138018 00000fff
CR0=80010033 CR2=0000000000000000 CR3=000000007f801000 CR4=00000668
DR0=0000000000000000 DR1=0000000000000000 DR2=0000000000000000 DR3=0000000000000000 
DR6=00000000ffff0ff0 DR7=0000000000000400
CCS=0000000000000000 CCD=000000007fe964e0 CCO=EFLAGS
EFER=0000000000000d00
Servicing hardware INT=0x20
   200: v=20 e=0000 i=0 cpl=0 IP=0038:000000007ecff26e pc=000000007ecff26e SP=0030:000000007fe96008 env->regs[R_EAX]=000000007ed0dda0
RAX=000000007ed0dda0 RBX=0000000000000008 RCX=000000007ed0dda0 RDX=000000000000001e
RSI=00000000ffffffff RDI=0000000000000001 RBP=000000007fe96040 RSP=000000007fe96008
R8 =000000007fe95fdc R9 =000000007fe95fe0 R10=000000007f6daac0 R11=000000007f6daac0
R12=000000007e4aaa60 R13=0000000000000080 R14=000000007feb86c0 R15=000000007feb8740
RIP=000000007ecff26e RFL=00000202 [-------] CPL=0 II=0 A20=1 SMM=0 HLT=0
ES =0030 0000000000000000 ffffffff 00cf9300 DPL=0 DS   [-WA]
CS =0038 0000000000000000 ffffffff 00af9a00 DPL=0 CS64 [-R-]
SS =0030 0000000000000000 ffffffff 00cf9300 DPL=0 DS   [-WA]
DS =0030 0000000000000000 ffffffff 00cf9300 DPL=0 DS   [-WA]
FS =0030 0000000000000000 ffffffff 00cf9300 DPL=0 DS   [-WA]
GS =0030 0000000000000000 ffffffff 00cf9300 DPL=0 DS   [-WA]
LDT=0000 0000000000000000 0000ffff 00008200 DPL=0 LDT
TR =0000 0000000000000000 0000ffff 00008b00 DPL=0 TSS64-busy
GDT=     000000007f5dc000 00000047
IDT=     000000007f138018 00000fff
CR0=80010033 CR2=0000000000000000 CR3=000000007f801000 CR4=00000668
DR0=0000000000000000 DR1=0000000000000000 DR2=0000000000000000 DR3=0000000000000000 
DR6=00000000ffff0ff0 DR7=0000000000000400
CCS=0000000000000020 CCD=000000007fe96010 CCO=SUBQ
EFER=0000000000000d00
Servicing hardware INT=0x20
   201: v=20 e=0000 i=0 cpl=0 IP=0038:000000007f6e973c pc=000000007f6e973c SP=0030:000000007fe962d0 env->regs[R_EAX]=0000000000000000
RAX=0000000000000000 RBX=00000000ffc03d6c RCX=0000000000000101 RDX=0000000000000000
RSI=0000000000000010 RDI=00000000ffc03d7c RBP=000000007fe96300 RSP=000000007fe962d0
R8 =0000000000000d6c R9 =000000007fe963c8 R10=0000000000000000 R11=000000007f6e97d2
R12=00000000ffc03d7c R13=0000000000000010 R14=0000000000000010 R15=000000007fe963c8
RIP=000000007f6e973c RFL=00000246 [---Z-P-] CPL=0 II=0 A20=1 SMM=0 HLT=0
ES =0030 0000000000000000 ffffffff 00cf9300 DPL=0 DS   [-WA]
CS =0038 0000000000000000 ffffffff 00af9a00 DPL=0 CS64 [-R-]
SS =0030 0000000000000000 ffffffff 00cf9300 DPL=0 DS   [-WA]
DS =0030 0000000000000000 ffffffff 00cf9300 DPL=0 DS   [-WA]
FS =0030 0000000000000000 ffffffff 00cf9300 DPL=0 DS   [-WA]
GS =0030 0000000000000000 ffffffff 00cf9300 DPL=0 DS   [-WA]
LDT=0000 0000000000000000 0000ffff 00008200 DPL=0 LDT
TR =0000 0000000000000000 0000ffff 00008b00 DPL=0 TSS64-busy
GDT=     000000007f5dc000 00000047
IDT=     000000007f138018 00000fff
CR0=80010033 CR2=0000000000000000 CR3=000000007f801000 CR4=00000668
DR0=0000000000000000 DR1=0000000000000000 DR2=0000000000000000 DR3=0000000000000000 
DR6=00000000ffff0ff0 DR7=0000000000000400
CCS=0000000000000044 CCD=0000000000000000 CCO=EFLAGS
EFER=0000000000000d00
Servicing hardware INT=0x20
   202: v=20 e=0000 i=0 cpl=0 IP=0038:000000007f6e973c pc=000000007f6e973c SP=0030:000000007fe962d0 env->regs[R_EAX]=0000000000000000
RAX=0000000000000000 RBX=00000000ffc03d6c RCX=0000000000000101 RDX=0000000000000000
RSI=0000000000000000 RDI=00000000ffc03db1 RBP=000000007fe96300 RSP=000000007fe962d0
R8 =0000000000000d6c R9 =000000007fe963c8 R10=0000000000000000 R11=000000007f6e97d2
R12=00000000ffc03db1 R13=0000000000000000 R14=0000000000000046 R15=000000007fe963c8
RIP=000000007f6e973c RFL=00000246 [---Z-P-] CPL=0 II=0 A20=1 SMM=0 HLT=0
ES =0030 0000000000000000 ffffffff 00cf9300 DPL=0 DS   [-WA]
CS =0038 0000000000000000 ffffffff 00af9a00 DPL=0 CS64 [-R-]
SS =0030 0000000000000000 ffffffff 00cf9300 DPL=0 DS   [-WA]
DS =0030 0000000000000000 ffffffff 00cf9300 DPL=0 DS   [-WA]
FS =0030 0000000000000000 ffffffff 00cf9300 DPL=0 DS   [-WA]
GS =0030 0000000000000000 ffffffff 00cf9300 DPL=0 DS   [-WA]
LDT=0000 0000000000000000 0000ffff 00008200 DPL=0 LDT
TR =0000 0000000000000000 0000ffff 00008b00 DPL=0 TSS64-busy
GDT=     000000007f5dc000 00000047
IDT=     000000007f138018 00000fff
CR0=80010033 CR2=0000000000000000 CR3=000000007f801000 CR4=00000668
DR0=0000000000000000 DR1=0000000000000000 DR2=0000000000000000 DR3=0000000000000000 
DR6=00000000ffff0ff0 DR7=0000000000000400
CCS=0000000000000044 CCD=0000000000000000 CCO=EFLAGS
EFER=0000000000000d00
Servicing hardware INT=0x20
   203: v=20 e=0000 i=0 cpl=0 IP=0038:000000007e8853e7 pc=000000007e8853e7 SP=0030:000000007fe96630 env->regs[R_EAX]=000000007e496720
RAX=000000007e496720 RBX=8000000000000009 RCX=0000000000000000 RDX=000000007e887a70
RSI=000000007e887a80 RDI=000000007e496718 RBP=000000007fe96690 RSP=000000007fe96630
R8 =0000000000000000 R9 =000000007e887a7f R10=000000007feaff00 R11=000000007feae690
R12=000000007e496720 R13=000000007e750598 R14=000000007e8f7598 R15=0000000000000001
RIP=000000007e8853e7 RFL=00000202 [-------] CPL=0 II=0 A20=1 SMM=0 HLT=0
ES =0030 0000000000000000 ffffffff 00cf9300 DPL=0 DS   [-WA]
CS =0038 0000000000000000 ffffffff 00af9a00 DPL=0 CS64 [-R-]
SS =0030 0000000000000000 ffffffff 00cf9300 DPL=0 DS   [-WA]
DS =0030 0000000000000000 ffffffff 00cf9300 DPL=0 DS   [-WA]
FS =0030 0000000000000000 ffffffff 00cf9300 DPL=0 DS   [-WA]
GS =0030 0000000000000000 ffffffff 00cf9300 DPL=0 DS   [-WA]
LDT=0000 0000000000000000 0000ffff 00008200 DPL=0 LDT
TR =0000 0000000000000000 0000ffff 00008b00 DPL=0 TSS64-busy
GDT=     000000007f5dc000 00000047
IDT=     000000007f138018 00000fff
CR0=80010033 CR2=0000000000000000 CR3=000000007f801000 CR4=00000668
DR0=0000000000000000 DR1=0000000000000000 DR2=0000000000000000 DR3=0000000000000000 
DR6=00000000ffff0ff0 DR7=0000000000000400
CCS=0000000000000000 CCD=0000000000000002 CCO=EFLAGS
EFER=0000000000000d00
Servicing hardware INT=0x20
   204: v=20 e=0000 i=0 cpl=0 IP=0038:000000007e800840 pc=000000007e800840 SP=0030:000000007fe962b0 env->regs[R_EAX]=0000000000000000
RAX=0000000000000000 RBX=000000007e475018 RCX=000000007ed0dda0 RDX=000000007e5c4da8
RSI=000000007e806100 RDI=000000007e475018 RBP=000000007fe96600 RSP=000000007fe962b0
R8 =00000000000000af R9 =0000000000000100 R10=000000007feb11e8 R11=000000007feae690
R12=000000007e806100 R13=0000000000000030 R14=0000000000000000 R15=000000007fe96648
RIP=000000007e800840 RFL=00000246 [---Z-P-] CPL=0 II=0 A20=1 SMM=0 HLT=0
ES =0030 0000000000000000 ffffffff 00cf9300 DPL=0 DS   [-WA]
CS =0038 0000000000000000 ffffffff 00af9a00 DPL=0 CS64 [-R-]
SS =0030 0000000000000000 ffffffff 00cf9300 DPL=0 DS   [-WA]
DS =0030 0000000000000000 ffffffff 00cf9300 DPL=0 DS   [-WA]
FS =0030 0000000000000000 ffffffff 00cf9300 DPL=0 DS   [-WA]
GS =0030 0000000000000000 ffffffff 00cf9300 DPL=0 DS   [-WA]
LDT=0000 0000000000000000 0000ffff 00008200 DPL=0 LDT
TR =0000 0000000000000000 0000ffff 00008b00 DPL=0 TSS64-busy
GDT=     000000007f5dc000 00000047
IDT=     000000007f138018 00000fff
CR0=80010033 CR2=0000000000000000 CR3=000000007f801000 CR4=00000668
DR0=0000000000000000 DR1=0000000000000000 DR2=0000000000000000 DR3=0000000000000000 
DR6=00000000ffff0ff0 DR7=0000000000000400
CCS=0000000000000044 CCD=0000000000000000 CCO=EFLAGS
EFER=0000000000000d00
Servicing hardware INT=0x20
   205: v=20 e=0000 i=0 cpl=0 IP=0038:000000007fe98a4d pc=000000007fe98a4d SP=0030:000000007fe96250 env->regs[R_EAX]=0000000000000004
RAX=0000000000000004 RBX=000000007feafc50 RCX=0000000000000010 RDX=000000007feafca0
RSI=000000007fe96468 RDI=000000007feafc50 RBP=000000007fe96280 RSP=000000007fe96250
R8 =000000007fe96388 R9 =000000007f4ecf98 R10=000000007feaff00 R11=000000007e825be0
R12=000000007e669018 R13=000000007f4ecf98 R14=000000007fe96388 R15=000000007feafca0
RIP=000000007fe98a4d RFL=00000293 [--S-A-C] CPL=0 II=0 A20=1 SMM=0 HLT=0
ES =0030 0000000000000000 ffffffff 00cf9300 DPL=0 DS   [-WA]
CS =0038 0000000000000000 ffffffff 00af9a00 DPL=0 CS64 [-R-]
SS =0030 0000000000000000 ffffffff 00cf9300 DPL=0 DS   [-WA]
DS =0030 0000000000000000 ffffffff 00cf9300 DPL=0 DS   [-WA]
FS =0030 0000000000000000 ffffffff 00cf9300 DPL=0 DS   [-WA]
GS =0030 0000000000000000 ffffffff 00cf9300 DPL=0 DS   [-WA]
LDT=0000 0000000000000000 0000ffff 00008200 DPL=0 LDT
TR =0000 0000000000000000 0000ffff 00008b00 DPL=0 TSS64-busy
GDT=     000000007f5dc000 00000047
IDT=     000000007f138018 00000fff
CR0=80010033 CR2=0000000000000000 CR3=000000007f801000 CR4=00000668
DR0=0000000000000000 DR1=0000000000000000 DR2=0000000000000000 DR3=0000000000000000 
DR6=00000000ffff0ff0 DR7=0000000000000400
CCS=0000000000000091 CCD=fffffffffffffff2 CCO=EFLAGS
EFER=0000000000000d00
Servicing hardware INT=0x20
   206: v=20 e=0000 i=0 cpl=0 IP=0038:000000007fe97ffb pc=000000007fe97ffb SP=0030:000000007fe962d8 env->regs[R_EAX]=8000000000000003
RAX=8000000000000003 RBX=0000000000000010 RCX=622becc7ad5a10b0 RDX=000000007e93fe00
RSI=000000007e93fe80 RDI=000000007e472698 RBP=000000007fe96350 RSP=000000007fe962d8
R8 =000000007fe96398 R9 =000000007e976698 R10=0000000000000040 R11=000000007e825be0
R12=0000000000000000 R13=000000007e976698 R14=000000007fe96398 R15=000000007e93fe80
RIP=000000007fe97ffb RFL=00000246 [---Z-P-] CPL=0 II=0 A20=1 SMM=0 HLT=0
ES =0030 0000000000000000 ffffffff 00cf9300 DPL=0 DS   [-WA]
CS =0038 0000000000000000 ffffffff 00af9a00 DPL=0 CS64 [-R-]
SS =0030 0000000000000000 ffffffff 00cf9300 DPL=0 DS   [-WA]
DS =0030 0000000000000000 ffffffff 00cf9300 DPL=0 DS   [-WA]
FS =0030 0000000000000000 ffffffff 00cf9300 DPL=0 DS   [-WA]
GS =0030 0000000000000000 ffffffff 00cf9300 DPL=0 DS   [-WA]
LDT=0000 0000000000000000 0000ffff 00008200 DPL=0 LDT
TR =0000 0000000000000000 0000ffff 00008b00 DPL=0 TSS64-busy
GDT=     000000007f5dc000 00000047
IDT=     000000007f138018 00000fff
CR0=80010033 CR2=0000000000000000 CR3=000000007f801000 CR4=00000668
DR0=0000000000000000 DR1=0000000000000000 DR2=0000000000000000 DR3=0000000000000000 
DR6=00000000ffff0ff0 DR7=0000000000000400
CCS=0000000000000044 CCD=000000000000000c CCO=EFLAGS
EFER=0000000000000d00
Servicing hardware INT=0x20
   207: v=20 e=0000 i=0 cpl=0 IP=0038:000000007fe97ffb pc=000000007fe97ffb SP=0030:000000007fe963e8 env->regs[R_EAX]=8000000000000003
RAX=8000000000000003 RBX=0000000000000004 RCX=e25719106cb65f92 RDX=000000007e88db00
RSI=000000007e88dba0 RDI=000000007e47f598 RBP=000000007fe96460 RSP=000000007fe963e8
R8 =0000000000000000 R9 =000000007e8f7c18 R10=000000007feaff00 R11=000000007e825be0
R12=0000000000000000 R13=000000007e8f7c18 R14=0000000000000000 R15=000000007e88dba0
RIP=000000007fe97ffb RFL=00000246 [---Z-P-] CPL=0 II=0 A20=1 SMM=0 HLT=0
ES =0030 0000000000000000 ffffffff 00cf9300 DPL=0 DS   [-WA]
CS =0038 0000000000000000 ffffffff 00af9a00 DPL=0 CS64 [-R-]
SS =0030 0000000000000000 ffffffff 00cf9300 DPL=0 DS   [-WA]
DS =0030 0000000000000000 ffffffff 00cf9300 DPL=0 DS   [-WA]
FS =0030 0000000000000000 ffffffff 00cf9300 DPL=0 DS   [-WA]
GS =0030 0000000000000000 ffffffff 00cf9300 DPL=0 DS   [-WA]
LDT=0000 0000000000000000 0000ffff 00008200 DPL=0 LDT
TR =0000 0000000000000000 0000ffff 00008b00 DPL=0 TSS64-busy
GDT=     000000007f5dc000 00000047
IDT=     000000007f138018 00000fff
CR0=80010033 CR2=0000000000000000 CR3=000000007f801000 CR4=00000668
DR0=0000000000000000 DR1=0000000000000000 DR2=0000000000000000 DR3=0000000000000000 
DR6=00000000ffff0ff0 DR7=0000000000000400
CCS=0000000000000044 CCD=0000000000000000 CCO=EFLAGS
EFER=0000000000000d00
Servicing hardware INT=0x20
   208: v=20 e=0000 i=0 cpl=0 IP=0038:000000007fe97ffb pc=000000007fe97ffb SP=0030:000000007fe964e8 env->regs[R_EAX]=8000000000000003
RAX=8000000000000003 RBX=0000000000000004 RCX=3b7269c9a000398e RDX=000000007e81c800
RSI=000000007e81c8d0 RDI=000000007e767c18 RBP=000000007fe96560 RSP=000000007fe964e8
R8 =0000000000000000 R9 =000000007e842a18 R10=000000007feaff00 R11=000000007e825be0
R12=0000000000000000 R13=000000007e842a18 R14=0000000000000000 R15=000000007e81c8d0
RIP=000000007fe97ffb RFL=00000246 [---Z-P-] CPL=0 II=0 A20=1 SMM=0 HLT=0
ES =0030 0000000000000000 ffffffff 00cf9300 DPL=0 DS   [-WA]
CS =0038 0000000000000000 ffffffff 00af9a00 DPL=0 CS64 [-R-]
SS =0030 0000000000000000 ffffffff 00cf9300 DPL=0 DS   [-WA]
DS =0030 0000000000000000 ffffffff 00cf9300 DPL=0 DS   [-WA]
FS =0030 0000000000000000 ffffffff 00cf9300 DPL=0 DS   [-WA]
GS =0030 0000000000000000 ffffffff 00cf9300 DPL=0 DS   [-WA]
LDT=0000 0000000000000000 0000ffff 00008200 DPL=0 LDT
TR =0000 0000000000000000 0000ffff 00008b00 DPL=0 TSS64-busy
GDT=     000000007f5dc000 00000047
IDT=     000000007f138018 00000fff
CR0=80010033 CR2=0000000000000000 CR3=000000007f801000 CR4=00000668
DR0=0000000000000000 DR1=0000000000000000 DR2=0000000000000000 DR3=0000000000000000 
DR6=00000000ffff0ff0 DR7=0000000000000400
CCS=0000000000000044 CCD=0000000000000000 CCO=EFLAGS
EFER=0000000000000d00
Servicing hardware INT=0x20
   209: v=20 e=0000 i=0 cpl=0 IP=0038:000000007e901c9f pc=000000007e901c9f SP=0030:000000007fe95c60 env->regs[R_EAX]=8000000000000003
RAX=8000000000000003 RBX=0000000000000118 RCX=0000000000000002 RDX=0000000000004016
RSI=000000007e80f428 RDI=0000000001c9c380 RBP=000000007fe95cb0 RSP=000000007fe95c60
R8 =000000007fe95c4c R9 =0000000081084118 R10=0000000000000000 R11=0000000000000002
R12=0000000000000000 R13=000000007e46ca80 R14=0000000000000005 R15=0000000000000000
RIP=000000007e901c9f RFL=00000246 [---Z-P-] CPL=0 II=0 A20=1 SMM=0 HLT=0
ES =0030 0000000000000000 ffffffff 00cf9300 DPL=0 DS   [-WA]
CS =0038 0000000000000000 ffffffff 00af9a00 DPL=0 CS64 [-R-]
SS =0030 0000000000000000 ffffffff 00cf9300 DPL=0 DS   [-WA]
DS =0030 0000000000000000 ffffffff 00cf9300 DPL=0 DS   [-WA]
FS =0030 0000000000000000 ffffffff 00cf9300 DPL=0 DS   [-WA]
GS =0030 0000000000000000 ffffffff 00cf9300 DPL=0 DS   [-WA]
LDT=0000 0000000000000000 0000ffff 00008200 DPL=0 LDT
TR =0000 0000000000000000 0000ffff 00008b00 DPL=0 TSS64-busy
GDT=     000000007f5dc000 00000047
IDT=     000000007f138018 00000fff
CR0=80010033 CR2=0000000000000000 CR3=000000007f801000 CR4=00000668
DR0=0000000000000000 DR1=0000000000000000 DR2=0000000000000000 DR3=0000000000000000 
DR6=00000000ffff0ff0 DR7=0000000000000400
CCS=0000000000000044 CCD=0000000000000000 CCO=EFLAGS
EFER=0000000000000d00
Servicing hardware INT=0x20
   210: v=20 e=0000 i=0 cpl=0 IP=0038:000000007e901be1 pc=000000007e901be1 SP=0030:000000007fe95ea0 env->regs[R_EAX]=0000000000000948
RAX=0000000000000948 RBX=00000000000003e8 RCX=0000000000000608 RDX=0000000000201eb6
RSI=00000000002027fe RDI=00000000000001a8 RBP=000000007fe95ed0 RSP=000000007fe95ea0
R8 =000000007fe95ecc R9 =0000000000000608 R10=0000000000000000 R11=0000000000000002
R12=000000007fe95fe0 R13=000000007e80f428 R14=00000000000001a4 R15=00000000000001a4
RIP=000000007e901be1 RFL=00000206 [-----P-] CPL=0 II=0 A20=1 SMM=0 HLT=0
ES =0030 0000000000000000 ffffffff 00cf9300 DPL=0 DS   [-WA]
CS =0038 0000000000000000 ffffffff 00af9a00 DPL=0 CS64 [-R-]
SS =0030 0000000000000000 ffffffff 00cf9300 DPL=0 DS   [-WA]
DS =0030 0000000000000000 ffffffff 00cf9300 DPL=0 DS   [-WA]
FS =0030 0000000000000000 ffffffff 00cf9300 DPL=0 DS   [-WA]
GS =0030 0000000000000000 ffffffff 00cf9300 DPL=0 DS   [-WA]
LDT=0000 0000000000000000 0000ffff 00008200 DPL=0 LDT
TR =0000 0000000000000000 0000ffff 00008b00 DPL=0 TSS64-busy
GDT=     000000007f5dc000 00000047
IDT=     000000007f138018 00000fff
CR0=80010033 CR2=0000000000000000 CR3=000000007f801000 CR4=00000668
DR0=0000000000000000 DR1=0000000000000000 DR2=0000000000000000 DR3=0000000000000000 
DR6=00000000ffff0ff0 DR7=0000000000000400
CCS=0000000000000004 CCD=0000000000000948 CCO=EFLAGS
EFER=0000000000000d00
Servicing hardware INT=0x20
   211: v=20 e=0000 i=0 cpl=0 IP=0038:000000007e901be1 pc=000000007e901be1 SP=0030:000000007fe95ea0 env->regs[R_EAX]=0000000000000b77
RAX=0000000000000b77 RBX=00000000000003e8 RCX=0000000000000608 RDX=0000000000209c98
RSI=000000000020a80f RDI=00000000000002a8 RBP=000000007fe95ed0 RSP=000000007fe95ea0
R8 =000000007fe95ecc R9 =0000000000000608 R10=0000000000000000 R11=0000000000000002
R12=000000007fe95fe0 R13=000000007e80f428 R14=00000000000002a4 R15=00000000000002a4
RIP=000000007e901be1 RFL=00000206 [-----P-] CPL=0 II=0 A20=1 SMM=0 HLT=0
ES =0030 0000000000000000 ffffffff 00cf9300 DPL=0 DS   [-WA]
CS =0038 0000000000000000 ffffffff 00af9a00 DPL=0 CS64 [-R-]
SS =0030 0000000000000000 ffffffff 00cf9300 DPL=0 DS   [-WA]
DS =0030 0000000000000000 ffffffff 00cf9300 DPL=0 DS   [-WA]
FS =0030 0000000000000000 ffffffff 00cf9300 DPL=0 DS   [-WA]
GS =0030 0000000000000000 ffffffff 00cf9300 DPL=0 DS   [-WA]
LDT=0000 0000000000000000 0000ffff 00008200 DPL=0 LDT
TR =0000 0000000000000000 0000ffff 00008b00 DPL=0 TSS64-busy
GDT=     000000007f5dc000 00000047
IDT=     000000007f138018 00000fff
CR0=80010033 CR2=0000000000000000 CR3=000000007f801000 CR4=00000668
DR0=0000000000000000 DR1=0000000000000000 DR2=0000000000000000 DR3=0000000000000000 
DR6=00000000ffff0ff0 DR7=0000000000000400
CCS=0000000000000004 CCD=0000000000000b77 CCO=EFLAGS
EFER=0000000000000d00
Servicing hardware INT=0x20
   212: v=20 e=0000 i=0 cpl=0 IP=0038:000000007e901be1 pc=000000007e901be1 SP=0030:000000007fe95ea0 env->regs[R_EAX]=00000000000006ea
RAX=00000000000006ea RBX=00000000000003e8 RCX=0000000000000608 RDX=0000000000212728
RSI=0000000000212e12 RDI=00000000000002a8 RBP=000000007fe95ed0 RSP=000000007fe95ea0
R8 =000000007fe95ecc R9 =0000000000000608 R10=0000000000000000 R11=0000000000000002
R12=000000007fe95fe0 R13=000000007e80f428 R14=00000000000002a4 R15=00000000000002a4
RIP=000000007e901be1 RFL=00000202 [-------] CPL=0 II=0 A20=1 SMM=0 HLT=0
ES =0030 0000000000000000 ffffffff 00cf9300 DPL=0 DS   [-WA]
CS =0038 0000000000000000 ffffffff 00af9a00 DPL=0 CS64 [-R-]
SS =0030 0000000000000000 ffffffff 00cf9300 DPL=0 DS   [-WA]
DS =0030 0000000000000000 ffffffff 00cf9300 DPL=0 DS   [-WA]
FS =0030 0000000000000000 ffffffff 00cf9300 DPL=0 DS   [-WA]
GS =0030 0000000000000000 ffffffff 00cf9300 DPL=0 DS   [-WA]
LDT=0000 0000000000000000 0000ffff 00008200 DPL=0 LDT
TR =0000 0000000000000000 0000ffff 00008b00 DPL=0 TSS64-busy
GDT=     000000007f5dc000 00000047
IDT=     000000007f138018 00000fff
CR0=80010033 CR2=0000000000000000 CR3=000000007f801000 CR4=00000668
DR0=0000000000000000 DR1=0000000000000000 DR2=0000000000000000 DR3=0000000000000000 
DR6=00000000ffff0ff0 DR7=0000000000000400
CCS=0000000000000000 CCD=00000000000006ea CCO=EFLAGS
EFER=0000000000000d00
Servicing hardware INT=0x20
   213: v=20 e=0000 i=0 cpl=0 IP=0038:000000007e901be1 pc=000000007e901be1 SP=0030:000000007fe95ea0 env->regs[R_EAX]=000000000000080f
RAX=000000000000080f RBX=00000000000003e8 RCX=0000000000000608 RDX=000000000021b4ea
RSI=000000000021bcf9 RDI=0000000000000328 RBP=000000007fe95ed0 RSP=000000007fe95ea0
R8 =000000007fe95ecc R9 =0000000000000608 R10=0000000000000000 R11=0000000000000002
R12=000000007fe95fe0 R13=000000007e80f428 R14=0000000000000324 R15=0000000000000324
RIP=000000007e901be1 RFL=00000206 [-----P-] CPL=0 II=0 A20=1 SMM=0 HLT=0
ES =0030 0000000000000000 ffffffff 00cf9300 DPL=0 DS   [-WA]
CS =0038 0000000000000000 ffffffff 00af9a00 DPL=0 CS64 [-R-]
SS =0030 0000000000000000 ffffffff 00cf9300 DPL=0 DS   [-WA]
DS =0030 0000000000000000 ffffffff 00cf9300 DPL=0 DS   [-WA]
FS =0030 0000000000000000 ffffffff 00cf9300 DPL=0 DS   [-WA]
GS =0030 0000000000000000 ffffffff 00cf9300 DPL=0 DS   [-WA]
LDT=0000 0000000000000000 0000ffff 00008200 DPL=0 LDT
TR =0000 0000000000000000 0000ffff 00008b00 DPL=0 TSS64-busy
GDT=     000000007f5dc000 00000047
IDT=     000000007f138018 00000fff
CR0=80010033 CR2=0000000000000000 CR3=000000007f801000 CR4=00000668
DR0=0000000000000000 DR1=0000000000000000 DR2=0000000000000000 DR3=0000000000000000 
DR6=00000000ffff0ff0 DR7=0000000000000400
CCS=0000000000000004 CCD=000000000000080f CCO=EFLAGS
EFER=0000000000000d00
Servicing hardware INT=0x20
   214: v=20 e=0000 i=0 cpl=0 IP=0038:000000007e901be1 pc=000000007e901be1 SP=0030:000000007fe95ea0 env->regs[R_EAX]=0000000000000285
RAX=0000000000000285 RBX=00000000000003e8 RCX=0000000000000608 RDX=0000000000224003
RSI=0000000000224288 RDI=0000000000000328 RBP=000000007fe95ed0 RSP=000000007fe95ea0
R8 =000000007fe95ecc R9 =0000000000000608 R10=0000000000000000 R11=0000000000000002
R12=000000007fe95fe0 R13=000000007e80f428 R14=0000000000000324 R15=0000000000000324
RIP=000000007e901be1 RFL=00000202 [-------] CPL=0 II=0 A20=1 SMM=0 HLT=0
ES =0030 0000000000000000 ffffffff 00cf9300 DPL=0 DS   [-WA]
CS =0038 0000000000000000 ffffffff 00af9a00 DPL=0 CS64 [-R-]
SS =0030 0000000000000000 ffffffff 00cf9300 DPL=0 DS   [-WA]
DS =0030 0000000000000000 ffffffff 00cf9300 DPL=0 DS   [-WA]
FS =0030 0000000000000000 ffffffff 00cf9300 DPL=0 DS   [-WA]
GS =0030 0000000000000000 ffffffff 00cf9300 DPL=0 DS   [-WA]
LDT=0000 0000000000000000 0000ffff 00008200 DPL=0 LDT
TR =0000 0000000000000000 0000ffff 00008b00 DPL=0 TSS64-busy
GDT=     000000007f5dc000 00000047
IDT=     000000007f138018 00000fff
CR0=80010033 CR2=0000000000000000 CR3=000000007f801000 CR4=00000668
DR0=0000000000000000 DR1=0000000000000000 DR2=0000000000000000 DR3=0000000000000000 
DR6=00000000ffff0ff0 DR7=0000000000000400
CCS=0000000000000000 CCD=0000000000000285 CCO=EFLAGS
EFER=0000000000000d00
Servicing hardware INT=0x20
   215: v=20 e=0000 i=0 cpl=0 IP=0038:000000007e901be1 pc=000000007e901be1 SP=0030:000000007fe95ea0 env->regs[R_EAX]=0000000000000719
RAX=0000000000000719 RBX=00000000000003e8 RCX=0000000000000608 RDX=000000000022cc24
RSI=000000000022d33d RDI=00000000000003a8 RBP=000000007fe95ed0 RSP=000000007fe95ea0
R8 =000000007fe95ecc R9 =0000000000000608 R10=0000000000000000 R11=0000000000000002
R12=000000007fe95fe0 R13=000000007e80f428 R14=00000000000003a4 R15=00000000000003a4
RIP=000000007e901be1 RFL=00000202 [-------] CPL=0 II=0 A20=1 SMM=0 HLT=0
ES =0030 0000000000000000 ffffffff 00cf9300 DPL=0 DS   [-WA]
CS =0038 0000000000000000 ffffffff 00af9a00 DPL=0 CS64 [-R-]
SS =0030 0000000000000000 ffffffff 00cf9300 DPL=0 DS   [-WA]
DS =0030 0000000000000000 ffffffff 00cf9300 DPL=0 DS   [-WA]
FS =0030 0000000000000000 ffffffff 00cf9300 DPL=0 DS   [-WA]
GS =0030 0000000000000000 ffffffff 00cf9300 DPL=0 DS   [-WA]
LDT=0000 0000000000000000 0000ffff 00008200 DPL=0 LDT
TR =0000 0000000000000000 0000ffff 00008b00 DPL=0 TSS64-busy
GDT=     000000007f5dc000 00000047
IDT=     000000007f138018 00000fff
CR0=80010033 CR2=0000000000000000 CR3=000000007f801000 CR4=00000668
DR0=0000000000000000 DR1=0000000000000000 DR2=0000000000000000 DR3=0000000000000000 
DR6=00000000ffff0ff0 DR7=0000000000000400
CCS=0000000000000000 CCD=0000000000000719 CCO=EFLAGS
EFER=0000000000000d00
Servicing hardware INT=0x20
   216: v=20 e=0000 i=0 cpl=0 IP=0038:000000007e90a544 pc=000000007e90a544 SP=0030:000000007fe965c8 env->regs[R_EAX]=0000000000000065
RAX=0000000000000065 RBX=000000007e90cd46 RCX=0000000000000065 RDX=000000007e90cd44
RSI=0000000000006000 RDI=0000000000000000 RBP=000000007fe96600 RSP=000000007fe965c8
R8 =0000000000000002 R9 =0000000000000000 R10=0000000000000052 R11=000000007e90cd44
R12=000000007e90cd44 R13=000000007e367470 R14=000000007e367478 R15=0000000000000000
RIP=000000007e90a544 RFL=00000206 [-----P-] CPL=0 II=0 A20=1 SMM=0 HLT=0
ES =0030 0000000000000000 ffffffff 00cf9300 DPL=0 DS   [-WA]
CS =0038 0000000000000000 ffffffff 00af9a00 DPL=0 CS64 [-R-]
SS =0030 0000000000000000 ffffffff 00cf9300 DPL=0 DS   [-WA]
DS =0030 0000000000000000 ffffffff 00cf9300 DPL=0 DS   [-WA]
FS =0030 0000000000000000 ffffffff 00cf9300 DPL=0 DS   [-WA]
GS =0030 0000000000000000 ffffffff 00cf9300 DPL=0 DS   [-WA]
LDT=0000 0000000000000000 0000ffff 00008200 DPL=0 LDT
TR =0000 0000000000000000 0000ffff 00008b00 DPL=0 TSS64-busy
GDT=     000000007f5dc000 00000047
IDT=     000000007f138018 00000fff
CR0=80010033 CR2=0000000000000000 CR3=000000007f801000 CR4=00000668
DR0=0000000000000000 DR1=0000000000000000 DR2=0000000000000000 DR3=0000000000000000 
DR6=00000000ffff0ff0 DR7=0000000000000400
CCS=0000000000000004 CCD=0000000000000065 CCO=EFLAGS
EFER=0000000000000d00
Servicing hardware INT=0x20
   217: v=20 e=0000 i=0 cpl=0 IP=0038:000000007f131c62 pc=000000007f131c62 SP=0030:000000007fe95e60 env->regs[R_EAX]=0000000000000000
RAX=0000000000000000 RBX=0000000081084218 RCX=0000000000000002 RDX=000000007f131f18
RSI=0000000000000002 RDI=0000000000000001 RBP=000000007fe95ed0 RSP=000000007fe95e60
R8 =000000007fe95fa0 R9 =0000000081084218 R10=0000000000000000 R11=0000000000000002
R12=000000007fe95fa0 R13=0000000003000006 R14=0000000000000004 R15=0000000000000004
RIP=000000007f131c62 RFL=00000246 [---Z-P-] CPL=0 II=0 A20=1 SMM=0 HLT=0
ES =0030 0000000000000000 ffffffff 00cf9300 DPL=0 DS   [-WA]
CS =0038 0000000000000000 ffffffff 00af9a00 DPL=0 CS64 [-R-]
SS =0030 0000000000000000 ffffffff 00cf9300 DPL=0 DS   [-WA]
DS =0030 0000000000000000 ffffffff 00cf9300 DPL=0 DS   [-WA]
FS =0030 0000000000000000 ffffffff 00cf9300 DPL=0 DS   [-WA]
GS =0030 0000000000000000 ffffffff 00cf9300 DPL=0 DS   [-WA]
LDT=0000 0000000000000000 0000ffff 00008200 DPL=0 LDT
TR =0000 0000000000000000 0000ffff 00008b00 DPL=0 TSS64-busy
GDT=     000000007f5dc000 00000047
IDT=     000000007f138018 00000fff
CR0=80010033 CR2=0000000000000000 CR3=000000007f801000 CR4=00000668
DR0=0000000000000000 DR1=0000000000000000 DR2=0000000000000000 DR3=0000000000000000 
DR6=00000000ffff0ff0 DR7=0000000000000400
CCS=0000000000000044 CCD=0000000000000000 CCO=EFLAGS
EFER=0000000000000d00
Servicing hardware INT=0x20
   218: v=20 e=0000 i=0 cpl=0 IP=0038:000000007e9061c6 pc=000000007e9061c6 SP=0030:000000007fe95cd8 env->regs[R_EAX]=0000000000000000
RAX=0000000000000000 RBX=0000000000000000 RCX=0000000000000000 RDX=0000000000000000
RSI=0000000000000001 RDI=000000007e468070 RBP=000000007fe95d60 RSP=000000007fe95cd8
R8 =0000000000000002 R9 =0000000000000000 R10=000000000000000c R11=0000000011e1a300
R12=000000007fe95e00 R13=000000007e46ca80 R14=0000000000000002 R15=000000007fe95e20
RIP=000000007e9061c6 RFL=00000246 [---Z-P-] CPL=0 II=0 A20=1 SMM=0 HLT=0
ES =0030 0000000000000000 ffffffff 00cf9300 DPL=0 DS   [-WA]
CS =0038 0000000000000000 ffffffff 00af9a00 DPL=0 CS64 [-R-]
SS =0030 0000000000000000 ffffffff 00cf9300 DPL=0 DS   [-WA]
DS =0030 0000000000000000 ffffffff 00cf9300 DPL=0 DS   [-WA]
FS =0030 0000000000000000 ffffffff 00cf9300 DPL=0 DS   [-WA]
GS =0030 0000000000000000 ffffffff 00cf9300 DPL=0 DS   [-WA]
LDT=0000 0000000000000000 0000ffff 00008200 DPL=0 LDT
TR =0000 0000000000000000 0000ffff 00008b00 DPL=0 TSS64-busy
GDT=     000000007f5dc000 00000047
IDT=     000000007f138018 00000fff
CR0=80010033 CR2=0000000000000000 CR3=000000007f801000 CR4=00000668
DR0=0000000000000000 DR1=0000000000000000 DR2=0000000000000000 DR3=0000000000000000 
DR6=00000000ffff0ff0 DR7=0000000000000400
CCS=0000000000000044 CCD=0000000000000000 CCO=EFLAGS
EFER=0000000000000d00
Servicing hardware INT=0x20
   219: v=20 e=0000 i=0 cpl=0 IP=0038:000000007e901be1 pc=000000007e901be1 SP=0030:000000007fe95d20 env->regs[R_EAX]=00000000000000ce
RAX=00000000000000ce RBX=0000000000000064 RCX=0000000000000608 RDX=000000000024f247
RSI=000000000024f315 RDI=000000007e80f428 RBP=000000007fe95d50 RSP=000000007fe95d20
R8 =000000007fe95d1c R9 =0000000000000608 R10=0000000000000000 R11=0000000000000002
R12=0000000000000000 R13=0000000000000000 R14=8000000000000000 R15=8000000000000006
RIP=000000007e901be1 RFL=00000202 [-------] CPL=0 II=0 A20=1 SMM=0 HLT=0
ES =0030 0000000000000000 ffffffff 00cf9300 DPL=0 DS   [-WA]
CS =0038 0000000000000000 ffffffff 00af9a00 DPL=0 CS64 [-R-]
SS =0030 0000000000000000 ffffffff 00cf9300 DPL=0 DS   [-WA]
DS =0030 0000000000000000 ffffffff 00cf9300 DPL=0 DS   [-WA]
FS =0030 0000000000000000 ffffffff 00cf9300 DPL=0 DS   [-WA]
GS =0030 0000000000000000 ffffffff 00cf9300 DPL=0 DS   [-WA]
LDT=0000 0000000000000000 0000ffff 00008200 DPL=0 LDT
TR =0000 0000000000000000 0000ffff 00008b00 DPL=0 TSS64-busy
GDT=     000000007f5dc000 00000047
IDT=     000000007f138018 00000fff
CR0=80010033 CR2=0000000000000000 CR3=000000007f801000 CR4=00000668
DR0=0000000000000000 DR1=0000000000000000 DR2=0000000000000000 DR3=0000000000000000 
DR6=00000000ffff0ff0 DR7=0000000000000400
CCS=0000000000000000 CCD=00000000000000ce CCO=EFLAGS
EFER=0000000000000d00
Servicing hardware INT=0x20
   220: v=20 e=0000 i=0 cpl=0 IP=0038:000000007fe9cbb4 pc=000000007fe9cbb4 SP=0030:000000007fe96820 env->regs[R_EAX]=0000000000000009
RAX=0000000000000009 RBX=0000000000000040 RCX=000000007e829800 RDX=0000000000000036
RSI=000000007e83d118 RDI=000000007feafc50 RBP=000000007fe96870 RSP=000000007fe96820
R8 =0000000000000001 R9 =0000000000000000 R10=000000007feaff00 R11=000000007e825be0
R12=000000007e342818 R13=0000000000000000 R14=000000007fe96918 R15=000000007e331098
RIP=000000007fe9cbb4 RFL=00000297 [--S-APC] CPL=0 II=0 A20=1 SMM=0 HLT=0
ES =0030 0000000000000000 ffffffff 00cf9300 DPL=0 DS   [-WA]
CS =0038 0000000000000000 ffffffff 00af9a00 DPL=0 CS64 [-R-]
SS =0030 0000000000000000 ffffffff 00cf9300 DPL=0 DS   [-WA]
DS =0030 0000000000000000 ffffffff 00cf9300 DPL=0 DS   [-WA]
FS =0030 0000000000000000 ffffffff 00cf9300 DPL=0 DS   [-WA]
GS =0030 0000000000000000 ffffffff 00cf9300 DPL=0 DS   [-WA]
LDT=0000 0000000000000000 0000ffff 00008200 DPL=0 LDT
TR =0000 0000000000000000 0000ffff 00008b00 DPL=0 TSS64-busy
GDT=     000000007f5dc000 00000047
IDT=     000000007f138018 00000fff
CR0=80010033 CR2=0000000000000000 CR3=000000007f801000 CR4=00000668
DR0=0000000000000000 DR1=0000000000000000 DR2=0000000000000000 DR3=0000000000000000 
DR6=00000000ffff0ff0 DR7=0000000000000400
CCS=0000000000000095 CCD=ffffffff817c2ee8 CCO=EFLAGS
EFER=0000000000000d00
Servicing hardware INT=0x20
   221: v=20 e=0000 i=0 cpl=0 IP=0038:000000007ecff26e pc=000000007ecff26e SP=0030:000000007fe966b8 env->regs[R_EAX]=000000007ed0dda0
RAX=000000007ed0dda0 RBX=0000000000000004 RCX=000000007ed0dda0 RDX=000000007e8b4b00
RSI=000000007e8b4b80 RDI=0000000000000001 RBP=000000007fe966f0 RSP=000000007fe966b8
R8 =0000000000000000 R9 =000000007e907798 R10=000000007feaff00 R11=000000007e825be0
R12=0000000000000000 R13=000000007e907798 R14=0000000000000000 R15=000000007e8b4b80
RIP=000000007ecff26e RFL=00000206 [-----P-] CPL=0 II=0 A20=1 SMM=0 HLT=0
ES =0030 0000000000000000 ffffffff 00cf9300 DPL=0 DS   [-WA]
CS =0038 0000000000000000 ffffffff 00af9a00 DPL=0 CS64 [-R-]
SS =0030 0000000000000000 ffffffff 00cf9300 DPL=0 DS   [-WA]
DS =0030 0000000000000000 ffffffff 00cf9300 DPL=0 DS   [-WA]
FS =0030 0000000000000000 ffffffff 00cf9300 DPL=0 DS   [-WA]
GS =0030 0000000000000000 ffffffff 00cf9300 DPL=0 DS   [-WA]
LDT=0000 0000000000000000 0000ffff 00008200 DPL=0 LDT
TR =0000 0000000000000000 0000ffff 00008b00 DPL=0 TSS64-busy
GDT=     000000007f5dc000 00000047
IDT=     000000007f138018 00000fff
CR0=80010033 CR2=0000000000000000 CR3=000000007f801000 CR4=00000668
DR0=0000000000000000 DR1=0000000000000000 DR2=0000000000000000 DR3=0000000000000000 
DR6=00000000ffff0ff0 DR7=0000000000000400
CCS=0000000000000004 CCD=000000007fe966c0 CCO=EFLAGS
EFER=0000000000000d00
Servicing hardware INT=0x20
   222: v=20 e=0000 i=0 cpl=0 IP=0038:000000007fe97bbd pc=000000007fe97bbd SP=0030:000000007fe96780 env->regs[R_EAX]=000000007e8f5f18
RAX=000000007e8f5f18 RBX=000000007fe96828 RCX=00000000000011a2 RDX=000000007e856680
RSI=000000007fe96798 RDI=000000007fe967a0 RBP=000000007fe967f0 RSP=000000007fe96780
R8 =0000000000000000 R9 =000000007fe968f0 R10=000000007feaff00 R11=000000007e825be0
R12=0000000000000002 R13=0000000000000000 R14=0000000000000158 R15=0000000000000000
RIP=000000007fe97bbd RFL=00000297 [--S-APC] CPL=0 II=0 A20=1 SMM=0 HLT=0
ES =0030 0000000000000000 ffffffff 00cf9300 DPL=0 DS   [-WA]
CS =0038 0000000000000000 ffffffff 00af9a00 DPL=0 CS64 [-R-]
SS =0030 0000000000000000 ffffffff 00cf9300 DPL=0 DS   [-WA]
DS =0030 0000000000000000 ffffffff 00cf9300 DPL=0 DS   [-WA]
FS =0030 0000000000000000 ffffffff 00cf9300 DPL=0 DS   [-WA]
GS =0030 0000000000000000 ffffffff 00cf9300 DPL=0 DS   [-WA]
LDT=0000 0000000000000000 0000ffff 00008200 DPL=0 LDT
TR =0000 0000000000000000 0000ffff 00008b00 DPL=0 TSS64-busy
GDT=     000000007f5dc000 00000047
IDT=     000000007f138018 00000fff
CR0=80010033 CR2=0000000000000000 CR3=000000007f801000 CR4=00000668
DR0=0000000000000000 DR1=0000000000000000 DR2=0000000000000000 DR3=0000000000000000 
DR6=00000000ffff0ff0 DR7=0000000000000400
CCS=0000000000000095 CCD=ffffffffffffffff CCO=EFLAGS
EFER=0000000000000d00
Servicing hardware INT=0x20
   223: v=20 e=0000 i=0 cpl=0 IP=0038:000000007fe9affc pc=000000007fe9affc SP=0030:000000007fe966f0 env->regs[R_EAX]=0000000000000010
RAX=0000000000000010 RBX=000000007fe967c8 RCX=0000000000000010 RDX=0000000000000000
RSI=0000000000000200 RDI=0000000000000004 RBP=000000007fe96740 RSP=000000007fe966f0
R8 =000000007fe967c8 R9 =000000007fe968f0 R10=000000007feaff00 R11=000000007e825be0
R12=0000000000000004 R13=0000000000000200 R14=0000000000000000 R15=000000007fe96828
RIP=000000007fe9affc RFL=00000293 [--S-A-C] CPL=0 II=0 A20=1 SMM=0 HLT=0
ES =0030 0000000000000000 ffffffff 00cf9300 DPL=0 DS   [-WA]
CS =0038 0000000000000000 ffffffff 00af9a00 DPL=0 CS64 [-R-]
SS =0030 0000000000000000 ffffffff 00cf9300 DPL=0 DS   [-WA]
DS =0030 0000000000000000 ffffffff 00cf9300 DPL=0 DS   [-WA]
FS =0030 0000000000000000 ffffffff 00cf9300 DPL=0 DS   [-WA]
GS =0030 0000000000000000 ffffffff 00cf9300 DPL=0 DS   [-WA]
LDT=0000 0000000000000000 0000ffff 00008200 DPL=0 LDT
TR =0000 0000000000000000 0000ffff 00008b00 DPL=0 TSS64-busy
GDT=     000000007f5dc000 00000047
IDT=     000000007f138018 00000fff
CR0=80010033 CR2=0000000000000000 CR3=000000007f801000 CR4=00000668
DR0=0000000000000000 DR1=0000000000000000 DR2=0000000000000000 DR3=0000000000000000 
DR6=00000000ffff0ff0 DR7=0000000000000400
CCS=0000000000000091 CCD=fffffffffffffff2 CCO=EFLAGS
EFER=0000000000000d00
Servicing hardware INT=0x20
   224: v=20 e=0000 i=0 cpl=0 IP=0038:000000007fe9c6f9 pc=000000007fe9c6f9 SP=0030:000000007fe967c0 env->regs[R_EAX]=0000000000000000
RAX=0000000000000000 RBX=0000000000000004 RCX=000000007e80df98 RDX=000000007feafd90
RSI=000000007e81c700 RDI=000000007e80df98 RBP=000000007fe96830 RSP=000000007fe967c0
R8 =0000000000000000 R9 =000000007e842a18 R10=0000000000000001 R11=000000007feae630
R12=000000007deacb98 R13=000000007e842a18 R14=0000000000000000 R15=000000007e81c8d0
RIP=000000007fe9c6f9 RFL=00000246 [---Z-P-] CPL=0 II=0 A20=1 SMM=0 HLT=0
ES =0030 0000000000000000 ffffffff 00cf9300 DPL=0 DS   [-WA]
CS =0038 0000000000000000 ffffffff 00af9a00 DPL=0 CS64 [-R-]
SS =0030 0000000000000000 ffffffff 00cf9300 DPL=0 DS   [-WA]
DS =0030 0000000000000000 ffffffff 00cf9300 DPL=0 DS   [-WA]
FS =0030 0000000000000000 ffffffff 00cf9300 DPL=0 DS   [-WA]
GS =0030 0000000000000000 ffffffff 00cf9300 DPL=0 DS   [-WA]
LDT=0000 0000000000000000 0000ffff 00008200 DPL=0 LDT
TR =0000 0000000000000000 0000ffff 00008b00 DPL=0 TSS64-busy
GDT=     000000007f5dc000 00000047
IDT=     000000007f138018 00000fff
CR0=80010033 CR2=0000000000000000 CR3=000000007f801000 CR4=00000668
DR0=0000000000000000 DR1=0000000000000000 DR2=0000000000000000 DR3=0000000000000000 
DR6=00000000ffff0ff0 DR7=0000000000000400
CCS=0000000000000044 CCD=0000000000000000 CCO=EFLAGS
EFER=0000000000000d00
Servicing hardware INT=0x20
   225: v=20 e=0000 i=0 cpl=0 IP=0038:000000007fe97488 pc=000000007fe97488 SP=0030:000000007fe96398 env->regs[R_EAX]=000000007e93ac20
RAX=000000007e93ac20 RBX=0000000000000010 RCX=000000007e93a318 RDX=000000007feafd90
RSI=0000000000000000 RDI=000000007e93b318 RBP=000000007fe96410 RSP=000000007fe96398
R8 =000000007fe96460 R9 =000000007e93b318 R10=000000007feaff00 R11=000000007e825be0
R12=000000007e91f9c0 R13=000000007e93b318 R14=000000007fe96460 R15=000000007e91fa30
RIP=000000007fe97488 RFL=00000206 [-----P-] CPL=0 II=0 A20=1 SMM=0 HLT=0
ES =0030 0000000000000000 ffffffff 00cf9300 DPL=0 DS   [-WA]
CS =0038 0000000000000000 ffffffff 00af9a00 DPL=0 CS64 [-R-]
SS =0030 0000000000000000 ffffffff 00cf9300 DPL=0 DS   [-WA]
DS =0030 0000000000000000 ffffffff 00cf9300 DPL=0 DS   [-WA]
FS =0030 0000000000000000 ffffffff 00cf9300 DPL=0 DS   [-WA]
GS =0030 0000000000000000 ffffffff 00cf9300 DPL=0 DS   [-WA]
LDT=0000 0000000000000000 0000ffff 00008200 DPL=0 LDT
TR =0000 0000000000000000 0000ffff 00008b00 DPL=0 TSS64-busy
GDT=     000000007f5dc000 00000047
IDT=     000000007f138018 00000fff
CR0=80010033 CR2=0000000000000000 CR3=000000007f801000 CR4=00000668
DR0=0000000000000000 DR1=0000000000000000 DR2=0000000000000000 DR3=0000000000000000 
DR6=00000000ffff0ff0 DR7=0000000000000400
CCS=0000000000000004 CCD=0000000000001000 CCO=EFLAGS
EFER=0000000000000d00
Servicing hardware INT=0x20
   226: v=20 e=0000 i=0 cpl=0 IP=0038:000000007fe97c97 pc=000000007fe97c97 SP=0030:000000007fe963a0 env->regs[R_EAX]=000000004e800800
RAX=000000004e800800 RBX=000000007e4959a0 RCX=5549b360e090338a RDX=000000007e825c00
RSI=000000007e825c70 RDI=000000007e495a18 RBP=000000007fe963e0 RSP=000000007fe963a0
R8 =0000000000000000 R9 =000000007e845698 R10=000000007feaff00 R11=000000007e825be0
R12=000000007e495a30 R13=000000007e825c70 R14=0000000000000000 R15=000000007e825c70
RIP=000000007fe97c97 RFL=00000206 [-----P-] CPL=0 II=0 A20=1 SMM=0 HLT=0
ES =0030 0000000000000000 ffffffff 00cf9300 DPL=0 DS   [-WA]
CS =0038 0000000000000000 ffffffff 00af9a00 DPL=0 CS64 [-R-]
SS =0030 0000000000000000 ffffffff 00cf9300 DPL=0 DS   [-WA]
DS =0030 0000000000000000 ffffffff 00cf9300 DPL=0 DS   [-WA]
FS =0030 0000000000000000 ffffffff 00cf9300 DPL=0 DS   [-WA]
GS =0030 0000000000000000 ffffffff 00cf9300 DPL=0 DS   [-WA]
LDT=0000 0000000000000000 0000ffff 00008200 DPL=0 LDT
TR =0000 0000000000000000 0000ffff 00008b00 DPL=0 TSS64-busy
GDT=     000000007f5dc000 00000047
IDT=     000000007f138018 00000fff
CR0=80010033 CR2=0000000000000000 CR3=000000007f801000 CR4=00000668
DR0=0000000000000000 DR1=0000000000000000 DR2=0000000000000000 DR3=0000000000000000 
DR6=00000000ffff0ff0 DR7=0000000000000400
CCS=0000000000000004 CCD=000000004e800800 CCO=EFLAGS
EFER=0000000000000d00
Servicing hardware INT=0x20
   227: v=20 e=0000 i=0 cpl=0 IP=0038:000000007fe989fa pc=000000007fe989fa SP=0030:000000007fe96338 env->regs[R_EAX]=8000000000000002
RAX=8000000000000002 RBX=000000007feafc50 RCX=0000000000000010 RDX=000000007feafca0
RSI=000000007fe96558 RDI=000000007feafc50 RBP=000000007fe96370 RSP=000000007fe96338
R8 =000000007fe96478 R9 =000000007f4ecf98 R10=000000007deac088 R11=000000007feae690
R12=000000007deac398 R13=000000007f4ecf98 R14=000000007fe96478 R15=000000007feafca0
RIP=000000007fe989fa RFL=00000202 [-------] CPL=0 II=0 A20=1 SMM=0 HLT=0
ES =0030 0000000000000000 ffffffff 00cf9300 DPL=0 DS   [-WA]
CS =0038 0000000000000000 ffffffff 00af9a00 DPL=0 CS64 [-R-]
SS =0030 0000000000000000 ffffffff 00cf9300 DPL=0 DS   [-WA]
DS =0030 0000000000000000 ffffffff 00cf9300 DPL=0 DS   [-WA]
FS =0030 0000000000000000 ffffffff 00cf9300 DPL=0 DS   [-WA]
GS =0030 0000000000000000 ffffffff 00cf9300 DPL=0 DS   [-WA]
LDT=0000 0000000000000000 0000ffff 00008200 DPL=0 LDT
TR =0000 0000000000000000 0000ffff 00008b00 DPL=0 TSS64-busy
GDT=     000000007f5dc000 00000047
IDT=     000000007f138018 00000fff
CR0=80010033 CR2=0000000000000000 CR3=000000007f801000 CR4=00000668
DR0=0000000000000000 DR1=0000000000000000 DR2=0000000000000000 DR3=0000000000000000 
DR6=00000000ffff0ff0 DR7=0000000000000400
CCS=0000000000000000 CCD=000000007fe96340 CCO=EFLAGS
EFER=0000000000000d00
Servicing hardware INT=0x20
   228: v=20 e=0000 i=0 cpl=0 IP=0038:000000007fe9748d pc=000000007fe9748d SP=0030:000000007fe96818 env->regs[R_EAX]=000000007e842620
RAX=000000007e842620 RBX=0000000000000040 RCX=000000007e841118 RDX=000000007feafd90
RSI=000000007fe96918 RDI=000000007e978398 RBP=000000007fe96870 RSP=000000007fe96818
R8 =000000007deac398 R9 =0000000000000000 R10=000000007feaff00 R11=000000007e825be0
R12=000000007deac398 R13=0000000000000040 R14=000000007fe96918 R15=000000007deabd18
RIP=000000007fe9748d RFL=00000287 [--S--PC] CPL=0 II=0 A20=1 SMM=0 HLT=0
ES =0030 0000000000000000 ffffffff 00cf9300 DPL=0 DS   [-WA]
CS =0038 0000000000000000 ffffffff 00af9a00 DPL=0 CS64 [-R-]
SS =0030 0000000000000000 ffffffff 00cf9300 DPL=0 DS   [-WA]
DS =0030 0000000000000000 ffffffff 00cf9300 DPL=0 DS   [-WA]
FS =0030 0000000000000000 ffffffff 00cf9300 DPL=0 DS   [-WA]
GS =0030 0000000000000000 ffffffff 00cf9300 DPL=0 DS   [-WA]
LDT=0000 0000000000000000 0000ffff 00008200 DPL=0 LDT
TR =0000 0000000000000000 0000ffff 00008b00 DPL=0 TSS64-busy
GDT=     000000007f5dc000 00000047
IDT=     000000007f138018 00000fff
CR0=80010033 CR2=0000000000000000 CR3=000000007f801000 CR4=00000668
DR0=0000000000000000 DR1=0000000000000000 DR2=0000000000000000 DR3=0000000000000000 
DR6=00000000ffff0ff0 DR7=0000000000000400
CCS=0000000000000085 CCD=fffffffffe992890 CCO=EFLAGS
EFER=0000000000000d00
Servicing hardware INT=0x20
   229: v=20 e=0000 i=0 cpl=0 IP=0038:000000007fe97488 pc=000000007fe97488 SP=0030:000000007fe96668 env->regs[R_EAX]=000000007e4837a0
RAX=000000007e4837a0 RBX=0000000000000010 RCX=000000007e482118 RDX=000000007feafd90
RSI=0000000000000000 RDI=000000007e94ba98 RBP=000000007fe966e0 RSP=000000007fe96668
R8 =000000007fe96738 R9 =000000007e93b318 R10=000000007feaff00 R11=000000007e825be0
R12=000000007e91f9c0 R13=000000007e93b318 R14=000000007fe96738 R15=000000007e91fa20
RIP=000000007fe97488 RFL=00000202 [-------] CPL=0 II=0 A20=1 SMM=0 HLT=0
ES =0030 0000000000000000 ffffffff 00cf9300 DPL=0 DS   [-WA]
CS =0038 0000000000000000 ffffffff 00af9a00 DPL=0 CS64 [-R-]
SS =0030 0000000000000000 ffffffff 00cf9300 DPL=0 DS   [-WA]
DS =0030 0000000000000000 ffffffff 00cf9300 DPL=0 DS   [-WA]
FS =0030 0000000000000000 ffffffff 00cf9300 DPL=0 DS   [-WA]
GS =0030 0000000000000000 ffffffff 00cf9300 DPL=0 DS   [-WA]
LDT=0000 0000000000000000 0000ffff 00008200 DPL=0 LDT
TR =0000 0000000000000000 0000ffff 00008b00 DPL=0 TSS64-busy
GDT=     000000007f5dc000 00000047
IDT=     000000007f138018 00000fff
CR0=80010033 CR2=0000000000000000 CR3=000000007f801000 CR4=00000668
DR0=0000000000000000 DR1=0000000000000000 DR2=0000000000000000 DR3=0000000000000000 
DR6=00000000ffff0ff0 DR7=0000000000000400
CCS=0000000000000000 CCD=00000000004c9980 CCO=EFLAGS
EFER=0000000000000d00
Servicing hardware INT=0x20
   230: v=20 e=0000 i=0 cpl=0 IP=0038:000000007f6e973c pc=000000007f6e973c SP=0030:000000007fe96530 env->regs[R_EAX]=0000000000000000
RAX=0000000000000000 RBX=00000000ffc03dcc RCX=0000000000000101 RDX=0000000000000000
RSI=0000000000000010 RDI=00000000ffc03dd2 RBP=000000007fe96560 RSP=000000007fe96530
R8 =0000000000000dcc R9 =000000007fe96628 R10=0000000000000000 R11=000000007f6e97d2
R12=00000000ffc03dd2 R13=0000000000000010 R14=0000000000000006 R15=000000007fe96628
RIP=000000007f6e973c RFL=00000246 [---Z-P-] CPL=0 II=0 A20=1 SMM=0 HLT=0
ES =0030 0000000000000000 ffffffff 00cf9300 DPL=0 DS   [-WA]
CS =0038 0000000000000000 ffffffff 00af9a00 DPL=0 CS64 [-R-]
SS =0030 0000000000000000 ffffffff 00cf9300 DPL=0 DS   [-WA]
DS =0030 0000000000000000 ffffffff 00cf9300 DPL=0 DS   [-WA]
FS =0030 0000000000000000 ffffffff 00cf9300 DPL=0 DS   [-WA]
GS =0030 0000000000000000 ffffffff 00cf9300 DPL=0 DS   [-WA]
LDT=0000 0000000000000000 0000ffff 00008200 DPL=0 LDT
TR =0000 0000000000000000 0000ffff 00008b00 DPL=0 TSS64-busy
GDT=     000000007f5dc000 00000047
IDT=     000000007f138018 00000fff
CR0=80010033 CR2=0000000000000000 CR3=000000007f801000 CR4=00000668
DR0=0000000000000000 DR1=0000000000000000 DR2=0000000000000000 DR3=0000000000000000 
DR6=00000000ffff0ff0 DR7=0000000000000400
CCS=0000000000000044 CCD=0000000000000000 CCO=EFLAGS
EFER=0000000000000d00
Servicing hardware INT=0x20
   231: v=20 e=0000 i=0 cpl=0 IP=0038:000000007f6e973c pc=000000007f6e973c SP=0030:000000007fe96530 env->regs[R_EAX]=0000000000000000
RAX=0000000000000000 RBX=00000000ffc03dcc RCX=0000000000000101 RDX=0000000000000000
RSI=0000000000000010 RDI=00000000ffc03dfd RBP=000000007fe96560 RSP=000000007fe96530
R8 =0000000000000dcc R9 =000000007fe96628 R10=0000000000000000 R11=000000007f6e97d2
R12=00000000ffc03dfd R13=0000000000000010 R14=0000000000000031 R15=000000007fe96628
RIP=000000007f6e973c RFL=00000246 [---Z-P-] CPL=0 II=0 A20=1 SMM=0 HLT=0
ES =0030 0000000000000000 ffffffff 00cf9300 DPL=0 DS   [-WA]
CS =0038 0000000000000000 ffffffff 00af9a00 DPL=0 CS64 [-R-]
SS =0030 0000000000000000 ffffffff 00cf9300 DPL=0 DS   [-WA]
DS =0030 0000000000000000 ffffffff 00cf9300 DPL=0 DS   [-WA]
FS =0030 0000000000000000 ffffffff 00cf9300 DPL=0 DS   [-WA]
GS =0030 0000000000000000 ffffffff 00cf9300 DPL=0 DS   [-WA]
LDT=0000 0000000000000000 0000ffff 00008200 DPL=0 LDT
TR =0000 0000000000000000 0000ffff 00008b00 DPL=0 TSS64-busy
GDT=     000000007f5dc000 00000047
IDT=     000000007f138018 00000fff
CR0=80010033 CR2=0000000000000000 CR3=000000007f801000 CR4=00000668
DR0=0000000000000000 DR1=0000000000000000 DR2=0000000000000000 DR3=0000000000000000 
DR6=00000000ffff0ff0 DR7=0000000000000400
CCS=0000000000000044 CCD=0000000000000000 CCO=EFLAGS
EFER=0000000000000d00
Servicing hardware INT=0x20
   232: v=20 e=0000 i=0 cpl=0 IP=0038:000000007e8f0bcd pc=000000007e8f0bcd SP=0030:000000007fe96570 env->regs[R_EAX]=00000000000000b0
RAX=00000000000000b0 RBX=000000007fe96634 RCX=0000000000000010 RDX=00000000000003fe
RSI=0000000000000006 RDI=000000007e768d98 RBP=000000007fe96580 RSP=000000007fe96570
R8 =000000000000075e R9 =00000000000003fe R10=0000000000000000 R11=000000007f6e97d2
R12=000000007e768da8 R13=0000000000000010 R14=000000007e768d98 R15=000000007feb87c0
RIP=000000007e8f0bcd RFL=00000293 [--S-A-C] CPL=0 II=0 A20=1 SMM=0 HLT=0
ES =0030 0000000000000000 ffffffff 00cf9300 DPL=0 DS   [-WA]
CS =0038 0000000000000000 ffffffff 00af9a00 DPL=0 CS64 [-R-]
SS =0030 0000000000000000 ffffffff 00cf9300 DPL=0 DS   [-WA]
DS =0030 0000000000000000 ffffffff 00cf9300 DPL=0 DS   [-WA]
FS =0030 0000000000000000 ffffffff 00cf9300 DPL=0 DS   [-WA]
GS =0030 0000000000000000 ffffffff 00cf9300 DPL=0 DS   [-WA]
LDT=0000 0000000000000000 0000ffff 00008200 DPL=0 LDT
TR =0000 0000000000000000 0000ffff 00008b00 DPL=0 TSS64-busy
GDT=     000000007f5dc000 00000047
IDT=     000000007f138018 00000fff
CR0=80010033 CR2=0000000000000000 CR3=000000007f801000 CR4=00000668
DR0=0000000000000000 DR1=0000000000000000 DR2=0000000000000000 DR3=0000000000000000 
DR6=00000000ffff0ff0 DR7=0000000000000400
CCS=0000000000000091 CCD=fffffffffffffffe CCO=EFLAGS
EFER=0000000000000d00
Servicing hardware INT=0x20
   233: v=20 e=0000 i=0 cpl=0 IP=0038:000000007e9818fe pc=000000007e9818fe SP=0030:000000007fe968f0 env->regs[R_EAX]=0000000000000000
RAX=0000000000000000 RBX=000000007deab298 RCX=000000007ed0dda0 RDX=000000007deab608
RSI=0000000000000000 RDI=000000007deab818 RBP=000000007fe969c0 RSP=000000007fe968f0
R8 =00000000000000af R9 =0000000000000002 R10=000000007f6daac0 R11=000000007f6daac0
R12=000000007deab298 R13=0000000000000001 R14=000000007e98d190 R15=0000000000000005
RIP=000000007e9818fe RFL=00000202 [-------] CPL=0 II=0 A20=1 SMM=0 HLT=0
ES =0030 0000000000000000 ffffffff 00cf9300 DPL=0 DS   [-WA]
CS =0038 0000000000000000 ffffffff 00af9a00 DPL=0 CS64 [-R-]
SS =0030 0000000000000000 ffffffff 00cf9300 DPL=0 DS   [-WA]
DS =0030 0000000000000000 ffffffff 00cf9300 DPL=0 DS   [-WA]
FS =0030 0000000000000000 ffffffff 00cf9300 DPL=0 DS   [-WA]
GS =0030 0000000000000000 ffffffff 00cf9300 DPL=0 DS   [-WA]
LDT=0000 0000000000000000 0000ffff 00008200 DPL=0 LDT
TR =0000 0000000000000000 0000ffff 00008b00 DPL=0 TSS64-busy
GDT=     000000007f5dc000 00000047
IDT=     000000007f138018 00000fff
CR0=80010033 CR2=0000000000000000 CR3=000000007f801000 CR4=00000668
DR0=0000000000000000 DR1=0000000000000000 DR2=0000000000000000 DR3=0000000000000000 
DR6=00000000ffff0ff0 DR7=0000000000000400
CCS=0000000000000000 CCD=000000007fe968a8 CCO=EFLAGS
EFER=0000000000000d00
Servicing hardware INT=0x20
   234: v=20 e=0000 i=0 cpl=0 IP=0038:000000007f6d993c pc=000000007f6d993c SP=0030:000000007fe96650 env->regs[R_EAX]=00000000000000ff
RAX=00000000000000ff RBX=0000000000000000 RCX=0000000000000000 RDX=000000007ec8e018
RSI=000000007f58a07c RDI=000000007ecce018 RBP=000000007fe96720 RSP=000000007fe96650
R8 =00000000000000ff R9 =0000000000000000 R10=0000000000000000 R11=0000000000000008
R12=000000007fe96770 R13=000000007ec8e018 R14=8000000000000003 R15=000000007fe966c8
RIP=000000007f6d993c RFL=00000206 [-----P-] CPL=0 II=0 A20=1 SMM=0 HLT=0
ES =0030 0000000000000000 ffffffff 00cf9300 DPL=0 DS   [-WA]
CS =0038 0000000000000000 ffffffff 00af9a00 DPL=0 CS64 [-R-]
SS =0030 0000000000000000 ffffffff 00cf9300 DPL=0 DS   [-WA]
DS =0030 0000000000000000 ffffffff 00cf9300 DPL=0 DS   [-WA]
FS =0030 0000000000000000 ffffffff 00cf9300 DPL=0 DS   [-WA]
GS =0030 0000000000000000 ffffffff 00cf9300 DPL=0 DS   [-WA]
LDT=0000 0000000000000000 0000ffff 00008200 DPL=0 LDT
TR =0000 0000000000000000 0000ffff 00008b00 DPL=0 TSS64-busy
GDT=     000000007f5dc000 00000047
IDT=     000000007f138018 00000fff
CR0=80010033 CR2=0000000000000000 CR3=000000007f801000 CR4=00000668
DR0=0000000000000000 DR1=0000000000000000 DR2=0000000000000000 DR3=0000000000000000 
DR6=00000000ffff0ff0 DR7=0000000000000400
CCS=0000000000000004 CCD=0000000000040000 CCO=EFLAGS
EFER=0000000000000d00
Servicing hardware INT=0x20
   235: v=20 e=0000 i=0 cpl=0 IP=0038:000000007e989c88 pc=000000007e989c88 SP=0030:000000007fe96640 env->regs[R_EAX]=000000007e989c88
RAX=000000007e989c88 RBX=0000000000000140 RCX=000000007e98caa8 RDX=000000007fe96788
RSI=0000000000000000 RDI=0000000000000053 RBP=000000007fe96730 RSP=000000007fe96640
R8 =0000000000000000 R9 =000000007e98bfa4 R10=0000000000000000 R11=000000007fe967d6
R12=0000000000000028 R13=000000007e98bfb0 R14=0000000000000000 R15=0000000000000006
RIP=000000007e989c88 RFL=00000207 [-----PC] CPL=0 II=0 A20=1 SMM=0 HLT=0
ES =0030 0000000000000000 ffffffff 00cf9300 DPL=0 DS   [-WA]
CS =0038 0000000000000000 ffffffff 00af9a00 DPL=0 CS64 [-R-]
SS =0030 0000000000000000 ffffffff 00cf9300 DPL=0 DS   [-WA]
DS =0030 0000000000000000 ffffffff 00cf9300 DPL=0 DS   [-WA]
FS =0030 0000000000000000 ffffffff 00cf9300 DPL=0 DS   [-WA]
GS =0030 0000000000000000 ffffffff 00cf9300 DPL=0 DS   [-WA]
LDT=0000 0000000000000000 0000ffff 00008200 DPL=0 LDT
TR =0000 0000000000000000 0000ffff 00008b00 DPL=0 TSS64-busy
GDT=     000000007f5dc000 00000047
IDT=     000000007f138018 00000fff
CR0=80010033 CR2=0000000000000000 CR3=000000007f801000 CR4=00000668
DR0=0000000000000000 DR1=0000000000000000 DR2=0000000000000000 DR3=0000000000000000 
DR6=00000000ffff0ff0 DR7=0000000000000400
CCS=0000000000000005 CCD=000000007e989c88 CCO=EFLAGS
EFER=0000000000000d00
Servicing hardware INT=0x20
   236: v=20 e=0000 i=0 cpl=0 IP=0038:000000007ecff26e pc=000000007ecff26e SP=0030:000000007fe96168 env->regs[R_EAX]=000000007ed0dda0
RAX=000000007ed0dda0 RBX=0000000000000004 RCX=000000007ed0dda0 RDX=000000000000001e
RSI=00000000ffffffff RDI=0000000000000001 RBP=000000007fe961a0 RSP=000000007fe96168
R8 =000000007fe9613c R9 =000000007fe96140 R10=0000000000000000 R11=000000007fe967d6
R12=0000000000000028 R13=000000007e98bfb0 R14=0000000000000000 R15=0000000000000006
RIP=000000007ecff26e RFL=00000202 [-------] CPL=0 II=0 A20=1 SMM=0 HLT=0
ES =0030 0000000000000000 ffffffff 00cf9300 DPL=0 DS   [-WA]
CS =0038 0000000000000000 ffffffff 00af9a00 DPL=0 CS64 [-R-]
SS =0030 0000000000000000 ffffffff 00cf9300 DPL=0 DS   [-WA]
DS =0030 0000000000000000 ffffffff 00cf9300 DPL=0 DS   [-WA]
FS =0030 0000000000000000 ffffffff 00cf9300 DPL=0 DS   [-WA]
GS =0030 0000000000000000 ffffffff 00cf9300 DPL=0 DS   [-WA]
LDT=0000 0000000000000000 0000ffff 00008200 DPL=0 LDT
TR =0000 0000000000000000 0000ffff 00008b00 DPL=0 TSS64-busy
GDT=     000000007f5dc000 00000047
IDT=     000000007f138018 00000fff
CR0=80010033 CR2=0000000000000000 CR3=000000007f801000 CR4=00000668
DR0=0000000000000000 DR1=0000000000000000 DR2=0000000000000000 DR3=0000000000000000 
DR6=00000000ffff0ff0 DR7=0000000000000400
CCS=0000000000000020 CCD=000000007fe96170 CCO=SUBQ
EFER=0000000000000d00
Servicing hardware INT=0x20
   237: v=20 e=0000 i=0 cpl=0 IP=0038:000000007f6e973c pc=000000007f6e973c SP=0030:000000007fe96460 env->regs[R_EAX]=0000000000000000
RAX=0000000000000000 RBX=00000000ffc03f34 RCX=0000000000000101 RDX=0000000000000000
RSI=0000000000000012 RDI=00000000ffc03f58 RBP=000000007fe96490 RSP=000000007fe96460
R8 =0000000000000f34 R9 =000000007fe96560 R10=0000000000000000 R11=000000007f6e97d2
R12=00000000ffc03f58 R13=0000000000000012 R14=0000000000000025 R15=000000007fe96560
RIP=000000007f6e973c RFL=00000246 [---Z-P-] CPL=0 II=0 A20=1 SMM=0 HLT=0
ES =0030 0000000000000000 ffffffff 00cf9300 DPL=0 DS   [-WA]
CS =0038 0000000000000000 ffffffff 00af9a00 DPL=0 CS64 [-R-]
SS =0030 0000000000000000 ffffffff 00cf9300 DPL=0 DS   [-WA]
DS =0030 0000000000000000 ffffffff 00cf9300 DPL=0 DS   [-WA]
FS =0030 0000000000000000 ffffffff 00cf9300 DPL=0 DS   [-WA]
GS =0030 0000000000000000 ffffffff 00cf9300 DPL=0 DS   [-WA]
LDT=0000 0000000000000000 0000ffff 00008200 DPL=0 LDT
TR =0000 0000000000000000 0000ffff 00008b00 DPL=0 TSS64-busy
GDT=     000000007f5dc000 00000047
IDT=     000000007f138018 00000fff
CR0=80010033 CR2=0000000000000000 CR3=000000007f801000 CR4=00000668
DR0=0000000000000000 DR1=0000000000000000 DR2=0000000000000000 DR3=0000000000000000 
DR6=00000000ffff0ff0 DR7=0000000000000400
CCS=0000000000000044 CCD=0000000000000000 CCO=EFLAGS
EFER=0000000000000d00
Servicing hardware INT=0x20
   238: v=20 e=0000 i=0 cpl=0 IP=0038:000000007e92ace2 pc=000000007e92ace2 SP=0030:000000007fe964d0 env->regs[R_EAX]=000000007e766998
RAX=000000007e766998 RBX=000000007e766018 RCX=000000007e765b98 RDX=0000000000000010
RSI=00000000ffffff00 RDI=000000007e766018 RBP=000000007fe96510 RSP=000000007fe964d0
R8 =0000000000000006 R9 =000000007fe96568 R10=0000000000000000 R11=000000007f6e97d2
R12=000000007e765060 R13=0000000000000081 R14=000000007fe964dc R15=000000007feb87c0
RIP=000000007e92ace2 RFL=00000246 [---Z-P-] CPL=0 II=0 A20=1 SMM=0 HLT=0
ES =0030 0000000000000000 ffffffff 00cf9300 DPL=0 DS   [-WA]
CS =0038 0000000000000000 ffffffff 00af9a00 DPL=0 CS64 [-R-]
SS =0030 0000000000000000 ffffffff 00cf9300 DPL=0 DS   [-WA]
DS =0030 0000000000000000 ffffffff 00cf9300 DPL=0 DS   [-WA]
FS =0030 0000000000000000 ffffffff 00cf9300 DPL=0 DS   [-WA]
GS =0030 0000000000000000 ffffffff 00cf9300 DPL=0 DS   [-WA]
LDT=0000 0000000000000000 0000ffff 00008200 DPL=0 LDT
TR =0000 0000000000000000 0000ffff 00008b00 DPL=0 TSS64-busy
GDT=     000000007f5dc000 00000047
IDT=     000000007f138018 00000fff
CR0=80010033 CR2=0000000000000000 CR3=000000007f801000 CR4=00000668
DR0=0000000000000000 DR1=0000000000000000 DR2=0000000000000000 DR3=0000000000000000 
DR6=00000000ffff0ff0 DR7=0000000000000400
CCS=0000000000000044 CCD=ffffffff00000100 CCO=EFLAGS
EFER=0000000000000d00
Servicing hardware INT=0x20
   239: v=20 e=0000 i=0 cpl=0 IP=0038:000000007f6d4687 pc=000000007f6d4687 SP=0030:000000007fe966b0 env->regs[R_EAX]=000000007f6d40bb
RAX=000000007f6d40bb RBX=000000007e98c22e RCX=000000007f6da3e0 RDX=000000007e98c22e
RSI=000000007f6da220 RDI=0000000000000008 RBP=000000007fe96720 RSP=000000007fe966b0
R8 =0000000000000000 R9 =0000000000000012 R10=00000000000001b8 R11=000000007f6da3d8
R12=000000007f6da018 R13=800000000000000e R14=000000007f6da018 R15=0000000000000008
RIP=000000007f6d4687 RFL=00000206 [-----P-] CPL=0 II=0 A20=1 SMM=0 HLT=0
ES =0030 0000000000000000 ffffffff 00cf9300 DPL=0 DS   [-WA]
CS =0038 0000000000000000 ffffffff 00af9a00 DPL=0 CS64 [-R-]
SS =0030 0000000000000000 ffffffff 00cf9300 DPL=0 DS   [-WA]
DS =0030 0000000000000000 ffffffff 00cf9300 DPL=0 DS   [-WA]
FS =0030 0000000000000000 ffffffff 00cf9300 DPL=0 DS   [-WA]
GS =0030 0000000000000000 ffffffff 00cf9300 DPL=0 DS   [-WA]
LDT=0000 0000000000000000 0000ffff 00008200 DPL=0 LDT
TR =0000 0000000000000000 0000ffff 00008b00 DPL=0 TSS64-busy
GDT=     000000007f5dc000 00000047
IDT=     000000007f138018 00000fff
CR0=80010033 CR2=0000000000000000 CR3=000000007f801000 CR4=00000668
DR0=0000000000000000 DR1=0000000000000000 DR2=0000000000000000 DR3=0000000000000000 
DR6=00000000ffff0ff0 DR7=0000000000000400
CCS=0000000000000004 CCD=000000007f6d40bb CCO=EFLAGS
EFER=0000000000000d00
Servicing hardware INT=0x20
   240: v=20 e=0000 i=0 cpl=0 IP=0038:000000007f6d3b66 pc=000000007f6d3b66 SP=0030:000000007fe965f0 env->regs[R_EAX]=0000000000000000
RAX=0000000000000000 RBX=000000007f6da800 RCX=0000000000000074 RDX=000000007f6d9ba2
RSI=0000000000000000 RDI=000000007fe967d6 RBP=000000007fe96650 RSP=000000007fe965f0
R8 =0000000000000004 R9 =0000000000000004 R10=0000000000000001 R11=000000007fe967d6
R12=0000000000000008 R13=0000000000000004 R14=0000000000000001 R15=000000007f6da800
RIP=000000007f6d3b66 RFL=00000246 [---Z-P-] CPL=0 II=0 A20=1 SMM=0 HLT=0
ES =0030 0000000000000000 ffffffff 00cf9300 DPL=0 DS   [-WA]
CS =0038 0000000000000000 ffffffff 00af9a00 DPL=0 CS64 [-R-]
SS =0030 0000000000000000 ffffffff 00cf9300 DPL=0 DS   [-WA]
DS =0030 0000000000000000 ffffffff 00cf9300 DPL=0 DS   [-WA]
FS =0030 0000000000000000 ffffffff 00cf9300 DPL=0 DS   [-WA]
GS =0030 0000000000000000 ffffffff 00cf9300 DPL=0 DS   [-WA]
LDT=0000 0000000000000000 0000ffff 00008200 DPL=0 LDT
TR =0000 0000000000000000 0000ffff 00008b00 DPL=0 TSS64-busy
GDT=     000000007f5dc000 00000047
IDT=     000000007f138018 00000fff
CR0=80010033 CR2=0000000000000000 CR3=000000007f801000 CR4=00000668
DR0=0000000000000000 DR1=0000000000000000 DR2=0000000000000000 DR3=0000000000000000 
DR6=00000000ffff0ff0 DR7=0000000000000400
CCS=0000000000000044 CCD=0000000000000000 CCO=EFLAGS
EFER=0000000000000d00
Servicing hardware INT=0x20
   241: v=20 e=0000 i=0 cpl=0 IP=0038:000000007ecff26e pc=000000007ecff26e SP=0030:000000007fe96118 env->regs[R_EAX]=000000007ed0dda0
RAX=000000007ed0dda0 RBX=0000000000000004 RCX=000000007ed0dda0 RDX=000000000000001e
RSI=00000000ffffffff RDI=0000000000000001 RBP=000000007fe96150 RSP=000000007fe96118
R8 =000000007fe960ec R9 =000000007fe960f0 R10=0000000000000001 R11=000000007fe967d6
R12=0000000000000008 R13=0000000000000004 R14=0000000000000001 R15=000000007f6da800
RIP=000000007ecff26e RFL=00000202 [-------] CPL=0 II=0 A20=1 SMM=0 HLT=0
ES =0030 0000000000000000 ffffffff 00cf9300 DPL=0 DS   [-WA]
CS =0038 0000000000000000 ffffffff 00af9a00 DPL=0 CS64 [-R-]
SS =0030 0000000000000000 ffffffff 00cf9300 DPL=0 DS   [-WA]
DS =0030 0000000000000000 ffffffff 00cf9300 DPL=0 DS   [-WA]
FS =0030 0000000000000000 ffffffff 00cf9300 DPL=0 DS   [-WA]
GS =0030 0000000000000000 ffffffff 00cf9300 DPL=0 DS   [-WA]
LDT=0000 0000000000000000 0000ffff 00008200 DPL=0 LDT
TR =0000 0000000000000000 0000ffff 00008b00 DPL=0 TSS64-busy
GDT=     000000007f5dc000 00000047
IDT=     000000007f138018 00000fff
CR0=80010033 CR2=0000000000000000 CR3=000000007f801000 CR4=00000668
DR0=0000000000000000 DR1=0000000000000000 DR2=0000000000000000 DR3=0000000000000000 
DR6=00000000ffff0ff0 DR7=0000000000000400
CCS=0000000000000020 CCD=000000007fe96120 CCO=SUBQ
EFER=0000000000000d00
Servicing hardware INT=0x20
   242: v=20 e=0000 i=0 cpl=0 IP=0038:000000007fe984f1 pc=000000007fe984f1 SP=0030:000000007fe965e0 env->regs[R_EAX]=0000000000000000
RAX=0000000000000000 RBX=000000007fe96718 RCX=0000000000000008 RDX=0000000000000000
RSI=0000000000000000 RDI=0000000000000010 RBP=000000007fe96630 RSP=000000007fe965e0
R8 =000000007fe96718 R9 =000000007f58e044 R10=000000007f6daac0 R11=000000007f6daac0
R12=0000000000000004 R13=0000000000000008 R14=000000007fe96788 R15=0000000000000005
RIP=000000007fe984f1 RFL=00000246 [---Z-P-] CPL=0 II=0 A20=1 SMM=0 HLT=0
ES =0030 0000000000000000 ffffffff 00cf9300 DPL=0 DS   [-WA]
CS =0038 0000000000000000 ffffffff 00af9a00 DPL=0 CS64 [-R-]
SS =0030 0000000000000000 ffffffff 00cf9300 DPL=0 DS   [-WA]
DS =0030 0000000000000000 ffffffff 00cf9300 DPL=0 DS   [-WA]
FS =0030 0000000000000000 ffffffff 00cf9300 DPL=0 DS   [-WA]
GS =0030 0000000000000000 ffffffff 00cf9300 DPL=0 DS   [-WA]
LDT=0000 0000000000000000 0000ffff 00008200 DPL=0 LDT
TR =0000 0000000000000000 0000ffff 00008b00 DPL=0 TSS64-busy
GDT=     000000007f5dc000 00000047
IDT=     000000007f138018 00000fff
CR0=80010033 CR2=0000000000000000 CR3=000000007f801000 CR4=00000668
DR0=0000000000000000 DR1=0000000000000000 DR2=0000000000000000 DR3=0000000000000000 
DR6=00000000ffff0ff0 DR7=0000000000000400
CCS=0000000000000044 CCD=0000000000000000 CCO=EFLAGS
EFER=0000000000000d00
Servicing hardware INT=0x20
   243: v=20 e=0000 i=0 cpl=0 IP=0038:000000007f6e973c pc=000000007f6e973c SP=0030:000000007fe96530 env->regs[R_EAX]=0000000000000000
RAX=0000000000000000 RBX=00000000ffc0419e RCX=0000000000000101 RDX=0000000000000000
RSI=000000000000003f RDI=00000000ffc0419e RBP=000000007fe96560 RSP=000000007fe96530
R8 =000000000000019e R9 =000000007fe96628 R10=0000000000000000 R11=000000007f6e97d2
R12=00000000ffc0419e R13=000000000000003f R14=0000000000000001 R15=000000007fe96628
RIP=000000007f6e973c RFL=00000246 [---Z-P-] CPL=0 II=0 A20=1 SMM=0 HLT=0
ES =0030 0000000000000000 ffffffff 00cf9300 DPL=0 DS   [-WA]
CS =0038 0000000000000000 ffffffff 00af9a00 DPL=0 CS64 [-R-]
SS =0030 0000000000000000 ffffffff 00cf9300 DPL=0 DS   [-WA]
DS =0030 0000000000000000 ffffffff 00cf9300 DPL=0 DS   [-WA]
FS =0030 0000000000000000 ffffffff 00cf9300 DPL=0 DS   [-WA]
GS =0030 0000000000000000 ffffffff 00cf9300 DPL=0 DS   [-WA]
LDT=0000 0000000000000000 0000ffff 00008200 DPL=0 LDT
TR =0000 0000000000000000 0000ffff 00008b00 DPL=0 TSS64-busy
GDT=     000000007f5dc000 00000047
IDT=     000000007f138018 00000fff
CR0=80010033 CR2=0000000000000000 CR3=000000007f801000 CR4=00000668
DR0=0000000000000000 DR1=0000000000000000 DR2=0000000000000000 DR3=0000000000000000 
DR6=00000000ffff0ff0 DR7=0000000000000400
CCS=0000000000000044 CCD=0000000000000000 CCO=EFLAGS
EFER=0000000000000d00
Servicing hardware INT=0x20
   244: v=20 e=0000 i=0 cpl=0 IP=0038:000000007ecff26e pc=000000007ecff26e SP=0030:000000007fe96058 env->regs[R_EAX]=000000007ed0dda0
RAX=000000007ed0dda0 RBX=0000000000000010 RCX=000000007ed0dda0 RDX=000000000000001e
RSI=00000000ffffffff RDI=0000000000000001 RBP=000000007fe96090 RSP=000000007fe96058
R8 =000000007fe9602c R9 =000000007fe96030 R10=0000000000000000 R11=000000007f6e97d2
R12=00000000ffc0419e R13=000000000000003f R14=0000000000000001 R15=000000007fe96628
RIP=000000007ecff26e RFL=00000206 [-----P-] CPL=0 II=0 A20=1 SMM=0 HLT=0
ES =0030 0000000000000000 ffffffff 00cf9300 DPL=0 DS   [-WA]
CS =0038 0000000000000000 ffffffff 00af9a00 DPL=0 CS64 [-R-]
SS =0030 0000000000000000 ffffffff 00cf9300 DPL=0 DS   [-WA]
DS =0030 0000000000000000 ffffffff 00cf9300 DPL=0 DS   [-WA]
FS =0030 0000000000000000 ffffffff 00cf9300 DPL=0 DS   [-WA]
GS =0030 0000000000000000 ffffffff 00cf9300 DPL=0 DS   [-WA]
LDT=0000 0000000000000000 0000ffff 00008200 DPL=0 LDT
TR =0000 0000000000000000 0000ffff 00008b00 DPL=0 TSS64-busy
GDT=     000000007f5dc000 00000047
IDT=     000000007f138018 00000fff
CR0=80010033 CR2=0000000000000000 CR3=000000007f801000 CR4=00000668
DR0=0000000000000000 DR1=0000000000000000 DR2=0000000000000000 DR3=0000000000000000 
DR6=00000000ffff0ff0 DR7=0000000000000400
CCS=0000000000000020 CCD=000000007fe96060 CCO=SUBQ
EFER=0000000000000d00
Servicing hardware INT=0x20
   245: v=20 e=0000 i=0 cpl=0 IP=0038:000000007f6e973c pc=000000007f6e973c SP=0030:000000007fe96530 env->regs[R_EAX]=0000000000000000
RAX=0000000000000000 RBX=00000000ffc0419e RCX=0000000000000101 RDX=0000000000000000
RSI=0000000000000010 RDI=00000000ffc0419e RBP=000000007fe96560 RSP=000000007fe96530
R8 =000000000000019e R9 =000000007fe96628 R10=0000000000000000 R11=000000007f6e97d2
R12=00000000ffc0419e R13=0000000000000010 R14=0000000000000000 R15=000000007fe96628
RIP=000000007f6e973c RFL=00000246 [---Z-P-] CPL=0 II=0 A20=1 SMM=0 HLT=0
ES =0030 0000000000000000 ffffffff 00cf9300 DPL=0 DS   [-WA]
CS =0038 0000000000000000 ffffffff 00af9a00 DPL=0 CS64 [-R-]
SS =0030 0000000000000000 ffffffff 00cf9300 DPL=0 DS   [-WA]
DS =0030 0000000000000000 ffffffff 00cf9300 DPL=0 DS   [-WA]
FS =0030 0000000000000000 ffffffff 00cf9300 DPL=0 DS   [-WA]
GS =0030 0000000000000000 ffffffff 00cf9300 DPL=0 DS   [-WA]
LDT=0000 0000000000000000 0000ffff 00008200 DPL=0 LDT
TR =0000 0000000000000000 0000ffff 00008b00 DPL=0 TSS64-busy
GDT=     000000007f5dc000 00000047
IDT=     000000007f138018 00000fff
CR0=80010033 CR2=0000000000000000 CR3=000000007f801000 CR4=00000668
DR0=0000000000000000 DR1=0000000000000000 DR2=0000000000000000 DR3=0000000000000000 
DR6=00000000ffff0ff0 DR7=0000000000000400
CCS=0000000000000044 CCD=0000000000000000 CCO=EFLAGS
EFER=0000000000000d00
Servicing hardware INT=0x20
   246: v=20 e=0000 i=0 cpl=0 IP=0038:000000007e98990f pc=000000007e98990f SP=0030:000000007fe96640 env->regs[R_EAX]=0000000000000025
RAX=0000000000000025 RBX=0000000000000140 RCX=000000007e98bfae RDX=0000000000000000
RSI=0000000000000015 RDI=000000007fe967d6 RBP=000000007fe96730 RSP=000000007fe96640
R8 =00000000000f4240 R9 =000000007e98bfa4 R10=0000000000000077 R11=000000007fe967d6
R12=0000000000000028 R13=000000007e98bfae R14=0000000000000000 R15=000000000000000c
RIP=000000007e98990f RFL=00000202 [-------] CPL=0 II=0 A20=1 SMM=0 HLT=0
ES =0030 0000000000000000 ffffffff 00cf9300 DPL=0 DS   [-WA]
CS =0038 0000000000000000 ffffffff 00af9a00 DPL=0 CS64 [-R-]
SS =0030 0000000000000000 ffffffff 00cf9300 DPL=0 DS   [-WA]
DS =0030 0000000000000000 ffffffff 00cf9300 DPL=0 DS   [-WA]
FS =0030 0000000000000000 ffffffff 00cf9300 DPL=0 DS   [-WA]
GS =0030 0000000000000000 ffffffff 00cf9300 DPL=0 DS   [-WA]
LDT=0000 0000000000000000 0000ffff 00008200 DPL=0 LDT
TR =0000 0000000000000000 0000ffff 00008b00 DPL=0 TSS64-busy
GDT=     000000007f5dc000 00000047
IDT=     000000007f138018 00000fff
CR0=80010033 CR2=0000000000000000 CR3=000000007f801000 CR4=00000668
DR0=0000000000000000 DR1=0000000000000000 DR2=0000000000000000 DR3=0000000000000000 
DR6=00000000ffff0ff0 DR7=0000000000000400
CCS=0000000000000000 CCD=000000007fe967d6 CCO=EFLAGS
EFER=0000000000000d00
Servicing hardware INT=0x20
   247: v=20 e=0000 i=0 cpl=0 IP=0038:000000007fe9abe3 pc=000000007fe9abe3 SP=0030:000000007fe96730 env->regs[R_EAX]=000000007deab200
RAX=000000007deab200 RBX=000000007feb11c0 RCX=0000000000000000 RDX=000000007deab200
RSI=0000000030646870 RDI=0000000000000080 RBP=000000007fe967a0 RSP=000000007fe96730
R8 =00000000000000af R9 =0000000000000002 R10=000000007f6daac0 R11=000000007f6daac0
R12=0000000000000080 R13=000000007deab200 R14=0000000000000000 R15=000000007deab218
RIP=000000007fe9abe3 RFL=00000202 [-------] CPL=0 II=0 A20=1 SMM=0 HLT=0
ES =0030 0000000000000000 ffffffff 00cf9300 DPL=0 DS   [-WA]
CS =0038 0000000000000000 ffffffff 00af9a00 DPL=0 CS64 [-R-]
SS =0030 0000000000000000 ffffffff 00cf9300 DPL=0 DS   [-WA]
DS =0030 0000000000000000 ffffffff 00cf9300 DPL=0 DS   [-WA]
FS =0030 0000000000000000 ffffffff 00cf9300 DPL=0 DS   [-WA]
GS =0030 0000000000000000 ffffffff 00cf9300 DPL=0 DS   [-WA]
LDT=0000 0000000000000000 0000ffff 00008200 DPL=0 LDT
TR =0000 0000000000000000 0000ffff 00008b00 DPL=0 TSS64-busy
GDT=     000000007f5dc000 00000047
IDT=     000000007f138018 00000fff
CR0=80010033 CR2=0000000000000000 CR3=000000007f801000 CR4=00000668
DR0=0000000000000000 DR1=0000000000000000 DR2=0000000000000000 DR3=0000000000000000 
DR6=00000000ffff0ff0 DR7=0000000000000400
CCS=0000000000000000 CCD=0000000000000080 CCO=EFLAGS
EFER=0000000000000d00
Servicing hardware INT=0x20
   248: v=20 e=0000 i=0 cpl=0 IP=0038:000000007e98a200 pc=000000007e98a200 SP=0030:000000007fe96650 env->regs[R_EAX]=000000007fe967f4
RAX=000000007fe967f4 RBX=00000000000013e0 RCX=0000000000000030 RDX=0000000000000003
RSI=000000007fe9680e RDI=0000000000000003 RBP=000000007fe96740 RSP=000000007fe96650
R8 =0000000000000002 R9 =0000000000000000 R10=0000000000000001 R11=000000007fe967ee
R12=000000007fe966eb R13=000000007e98bfb8 R14=0000000000000000 R15=0000000000000002
RIP=000000007e98a200 RFL=00000246 [---Z-P-] CPL=0 II=0 A20=1 SMM=0 HLT=0
ES =0030 0000000000000000 ffffffff 00cf9300 DPL=0 DS   [-WA]
CS =0038 0000000000000000 ffffffff 00af9a00 DPL=0 CS64 [-R-]
SS =0030 0000000000000000 ffffffff 00cf9300 DPL=0 DS   [-WA]
DS =0030 0000000000000000 ffffffff 00cf9300 DPL=0 DS   [-WA]
FS =0030 0000000000000000 ffffffff 00cf9300 DPL=0 DS   [-WA]
GS =0030 0000000000000000 ffffffff 00cf9300 DPL=0 DS   [-WA]
LDT=0000 0000000000000000 0000ffff 00008200 DPL=0 LDT
TR =0000 0000000000000000 0000ffff 00008b00 DPL=0 TSS64-busy
GDT=     000000007f5dc000 00000047
IDT=     000000007f138018 00000fff
CR0=80010033 CR2=0000000000000000 CR3=000000007f801000 CR4=00000668
DR0=0000000000000000 DR1=0000000000000000 DR2=0000000000000000 DR3=0000000000000000 
DR6=00000000ffff0ff0 DR7=0000000000000400
CCS=0000000000000044 CCD=0000000000000000 CCO=EFLAGS
EFER=0000000000000d00
Servicing hardware INT=0x20
   249: v=20 e=0000 i=0 cpl=0 IP=0038:000000007e9839f0 pc=000000007e9839f0 SP=0030:000000007fe969d0 env->regs[R_EAX]=0000000000000000
RAX=0000000000000000 RBX=00000000000f8040 RCX=000000007ed0dda0 RDX=000000007deab288
RSI=000000007e98c1e8 RDI=000000007e98d470 RBP=000000007fe96e40 RSP=000000007fe969d0
R8 =00000000000000af R9 =0000000000000002 R10=000000007f6daac0 R11=000000007f6daac0
R12=0000000000000000 R13=0000000000000000 R14=000000000000021f R15=800000000000000e
RIP=000000007e9839f0 RFL=00000202 [-------] CPL=0 II=0 A20=1 SMM=0 HLT=0
ES =0030 0000000000000000 ffffffff 00cf9300 DPL=0 DS   [-WA]
CS =0038 0000000000000000 ffffffff 00af9a00 DPL=0 CS64 [-R-]
SS =0030 0000000000000000 ffffffff 00cf9300 DPL=0 DS   [-WA]
DS =0030 0000000000000000 ffffffff 00cf9300 DPL=0 DS   [-WA]
FS =0030 0000000000000000 ffffffff 00cf9300 DPL=0 DS   [-WA]
GS =0030 0000000000000000 ffffffff 00cf9300 DPL=0 DS   [-WA]
LDT=0000 0000000000000000 0000ffff 00008200 DPL=0 LDT
TR =0000 0000000000000000 0000ffff 00008b00 DPL=0 TSS64-busy
GDT=     000000007f5dc000 00000047
IDT=     000000007f138018 00000fff
CR0=80010033 CR2=0000000000000000 CR3=000000007f801000 CR4=00000668
DR0=0000000000000000 DR1=0000000000000000 DR2=0000000000000000 DR3=0000000000000000 
DR6=00000000ffff0ff0 DR7=0000000000000400
CCS=0000000000000000 CCD=000000007fe96920 CCO=EFLAGS
EFER=0000000000000d00
Servicing hardware INT=0x20
   250: v=20 e=0000 i=0 cpl=0 IP=0038:000000007e98a422 pc=000000007e98a422 SP=0030:000000007fe96650 env->regs[R_EAX]=0000000000000008
RAX=0000000000000008 RBX=0000000000000002 RCX=0000000000000000 RDX=0000000000000000
RSI=000000007fe967e6 RDI=0000000000000001 RBP=000000007fe96740 RSP=000000007fe96650
R8 =0000000000000002 R9 =0000000000000000 R10=0000000000000001 R11=000000007fe967f6
R12=000000007fe966ea R13=000000007e98bfba R14=0000000000000008 R15=0000000000000002
RIP=000000007e98a422 RFL=00000202 [-------] CPL=0 II=0 A20=1 SMM=0 HLT=0
ES =0030 0000000000000000 ffffffff 00cf9300 DPL=0 DS   [-WA]
CS =0038 0000000000000000 ffffffff 00af9a00 DPL=0 CS64 [-R-]
SS =0030 0000000000000000 ffffffff 00cf9300 DPL=0 DS   [-WA]
DS =0030 0000000000000000 ffffffff 00cf9300 DPL=0 DS   [-WA]
FS =0030 0000000000000000 ffffffff 00cf9300 DPL=0 DS   [-WA]
GS =0030 0000000000000000 ffffffff 00cf9300 DPL=0 DS   [-WA]
LDT=0000 0000000000000000 0000ffff 00008200 DPL=0 LDT
TR =0000 0000000000000000 0000ffff 00008b00 DPL=0 TSS64-busy
GDT=     000000007f5dc000 00000047
IDT=     000000007f138018 00000fff
CR0=80010033 CR2=0000000000000000 CR3=000000007f801000 CR4=00000668
DR0=0000000000000000 DR1=0000000000000000 DR2=0000000000000000 DR3=0000000000000000 
DR6=00000000ffff0ff0 DR7=0000000000000400
CCS=0000000000000000 CCD=0000000000000010 CCO=EFLAGS
EFER=0000000000000d00
Servicing hardware INT=0x20
   251: v=20 e=0000 i=0 cpl=0 IP=0038:000000007f6d3121 pc=000000007f6d3121 SP=0030:000000007fe96708 env->regs[R_EAX]=0000000000000000
RAX=0000000000000000 RBX=000000000000003c RCX=000000007ec0e09e RDX=0000000000000008
RSI=0000000000000001 RDI=000000007ec0e034 RBP=000000007fe96710 RSP=000000007fe96708
R8 =0000000000000001 R9 =0000000000000000 R10=000000007f6daac0 R11=000000007f6daac0
R12=000000007fe96808 R13=0000000000000000 R14=0000000000000001 R15=0000000000000000
RIP=000000007f6d3121 RFL=00000213 [----A-C] CPL=0 II=0 A20=1 SMM=0 HLT=0
ES =0030 0000000000000000 ffffffff 00cf9300 DPL=0 DS   [-WA]
CS =0038 0000000000000000 ffffffff 00af9a00 DPL=0 CS64 [-R-]
SS =0030 0000000000000000 ffffffff 00cf9300 DPL=0 DS   [-WA]
DS =0030 0000000000000000 ffffffff 00cf9300 DPL=0 DS   [-WA]
FS =0030 0000000000000000 ffffffff 00cf9300 DPL=0 DS   [-WA]
GS =0030 0000000000000000 ffffffff 00cf9300 DPL=0 DS   [-WA]
LDT=0000 0000000000000000 0000ffff 00008200 DPL=0 LDT
TR =0000 0000000000000000 0000ffff 00008b00 DPL=0 TSS64-busy
GDT=     000000007f5dc000 00000047
IDT=     000000007f138018 00000fff
CR0=80010033 CR2=0000000000000000 CR3=000000007f801000 CR4=00000668
DR0=0000000000000000 DR1=0000000000000000 DR2=0000000000000000 DR3=0000000000000000 
DR6=00000000ffff0ff0 DR7=0000000000000400
CCS=0000000000000011 CCD=000000000000002f CCO=EFLAGS
EFER=0000000000000d00
Servicing hardware INT=0x20
   252: v=20 e=0000 i=0 cpl=0 IP=0038:000000007e97bb8c pc=000000007e97bb8c SP=0030:000000007fe967e8 env->regs[R_EAX]=0000000000000000
RAX=0000000000000000 RBX=0000000000000007 RCX=0000000000000010 RDX=0000000000000037
RSI=0000000000000007 RDI=000000007fe9688b RBP=000000007fe968e0 RSP=000000007fe967e8
R8 =000000007e98c960 R9 =0000000000000000 R10=0000000000000000 R11=000000007fe9697e
R12=000000007fe9688a R13=000000007e98bfb8 R14=0000000000000000 R15=0000000000000000
RIP=000000007e97bb8c RFL=00000283 [--S---C] CPL=0 II=0 A20=1 SMM=0 HLT=0
ES =0030 0000000000000000 ffffffff 00cf9300 DPL=0 DS   [-WA]
CS =0038 0000000000000000 ffffffff 00af9a00 DPL=0 CS64 [-R-]
SS =0030 0000000000000000 ffffffff 00cf9300 DPL=0 DS   [-WA]
DS =0030 0000000000000000 ffffffff 00cf9300 DPL=0 DS   [-WA]
FS =0030 0000000000000000 ffffffff 00cf9300 DPL=0 DS   [-WA]
GS =0030 0000000000000000 ffffffff 00cf9300 DPL=0 DS   [-WA]
LDT=0000 0000000000000000 0000ffff 00008200 DPL=0 LDT
TR =0000 0000000000000000 0000ffff 00008b00 DPL=0 TSS64-busy
GDT=     000000007f5dc000 00000047
IDT=     000000007f138018 00000fff
CR0=80010033 CR2=0000000000000000 CR3=000000007f801000 CR4=00000668
DR0=0000000000000000 DR1=0000000000000000 DR2=0000000000000000 DR3=0000000000000000 
DR6=00000000ffff0ff0 DR7=0000000000000400
CCS=0000000000000081 CCD=fffffffffffffff7 CCO=EFLAGS
EFER=0000000000000d00
Servicing hardware INT=0x20
   253: v=20 e=0000 i=0 cpl=0 IP=0038:000000007e980a56 pc=000000007e980a56 SP=0030:000000007fe967c0 env->regs[R_EAX]=000000007deac570
RAX=000000007deac570 RBX=000000007fe96950 RCX=000000007deac570 RDX=000000007deac518
RSI=000000007fe968b0 RDI=000000007deab618 RBP=000000007fe96870 RSP=000000007fe967c0
R8 =0000000000000000 R9 =000000007deab303 R10=0000000000000034 R11=000000007deab2d0
R12=000000007fe967e8 R13=0000000000000058 R14=0000000000000000 R15=0000000000000000
RIP=000000007e980a56 RFL=00000246 [---Z-P-] CPL=0 II=0 A20=1 SMM=0 HLT=0
ES =0030 0000000000000000 ffffffff 00cf9300 DPL=0 DS   [-WA]
CS =0038 0000000000000000 ffffffff 00af9a00 DPL=0 CS64 [-R-]
SS =0030 0000000000000000 ffffffff 00cf9300 DPL=0 DS   [-WA]
DS =0030 0000000000000000 ffffffff 00cf9300 DPL=0 DS   [-WA]
FS =0030 0000000000000000 ffffffff 00cf9300 DPL=0 DS   [-WA]
GS =0030 0000000000000000 ffffffff 00cf9300 DPL=0 DS   [-WA]
LDT=0000 0000000000000000 0000ffff 00008200 DPL=0 LDT
TR =0000 0000000000000000 0000ffff 00008b00 DPL=0 TSS64-busy
GDT=     000000007f5dc000 00000047
IDT=     000000007f138018 00000fff
CR0=80010033 CR2=0000000000000000 CR3=000000007f801000 CR4=00000668
DR0=0000000000000000 DR1=0000000000000000 DR2=0000000000000000 DR3=0000000000000000 
DR6=00000000ffff0ff0 DR7=0000000000000400
CCS=0000000000000044 CCD=0000000000000000 CCO=EFLAGS
EFER=0000000000000d00
Servicing hardware INT=0x20
   254: v=20 e=0000 i=0 cpl=0 IP=0038:000000007f6e973c pc=000000007f6e973c SP=0030:000000007fe964f0 env->regs[R_EAX]=0000000000000000
RAX=0000000000000000 RBX=00000000ffc046d8 RCX=0000000000000101 RDX=0000000000000000
RSI=0000000000000000 RDI=00000000ffc046ec RBP=000000007fe96520 RSP=000000007fe964f0
R8 =00000000000006d8 R9 =000000007fe965e8 R10=0000000000000000 R11=000000007f6e97d2
R12=00000000ffc046ec R13=0000000000000000 R14=0000000000000015 R15=000000007fe965e8
RIP=000000007f6e973c RFL=00000246 [---Z-P-] CPL=0 II=0 A20=1 SMM=0 HLT=0
ES =0030 0000000000000000 ffffffff 00cf9300 DPL=0 DS   [-WA]
CS =0038 0000000000000000 ffffffff 00af9a00 DPL=0 CS64 [-R-]
SS =0030 0000000000000000 ffffffff 00cf9300 DPL=0 DS   [-WA]
DS =0030 0000000000000000 ffffffff 00cf9300 DPL=0 DS   [-WA]
FS =0030 0000000000000000 ffffffff 00cf9300 DPL=0 DS   [-WA]
GS =0030 0000000000000000 ffffffff 00cf9300 DPL=0 DS   [-WA]
LDT=0000 0000000000000000 0000ffff 00008200 DPL=0 LDT
TR =0000 0000000000000000 0000ffff 00008b00 DPL=0 TSS64-busy
GDT=     000000007f5dc000 00000047
IDT=     000000007f138018 00000fff
CR0=80010033 CR2=0000000000000000 CR3=000000007f801000 CR4=00000668
DR0=0000000000000000 DR1=0000000000000000 DR2=0000000000000000 DR3=0000000000000000 
DR6=00000000ffff0ff0 DR7=0000000000000400
CCS=0000000000000044 CCD=0000000000000000 CCO=EFLAGS
EFER=0000000000000d00
Servicing hardware INT=0x20
   255: v=20 e=0000 i=0 cpl=0 IP=0038:000000007e9810f5 pc=000000007e9810f5 SP=0030:000000007fe96890 env->regs[R_EAX]=0000000000000000
RAX=0000000000000000 RBX=000000007e74f070 RCX=000000007ed0dda0 RDX=000000007e65ef88
RSI=000000007e98d180 RDI=000000007e98c018 RBP=000000007fe969c0 RSP=000000007fe96890
R8 =00000000000000af R9 =0000000000000002 R10=000000007f6daac0 R11=000000007f6daac0
R12=000000007e65ef98 R13=000000007e98c000 R14=0000000000000000 R15=000000007feaf9e0
RIP=000000007e9810f5 RFL=00000202 [-------] CPL=0 II=0 A20=1 SMM=0 HLT=0
ES =0030 0000000000000000 ffffffff 00cf9300 DPL=0 DS   [-WA]
CS =0038 0000000000000000 ffffffff 00af9a00 DPL=0 CS64 [-R-]
SS =0030 0000000000000000 ffffffff 00cf9300 DPL=0 DS   [-WA]
DS =0030 0000000000000000 ffffffff 00cf9300 DPL=0 DS   [-WA]
FS =0030 0000000000000000 ffffffff 00cf9300 DPL=0 DS   [-WA]
GS =0030 0000000000000000 ffffffff 00cf9300 DPL=0 DS   [-WA]
LDT=0000 0000000000000000 0000ffff 00008200 DPL=0 LDT
TR =0000 0000000000000000 0000ffff 00008b00 DPL=0 TSS64-busy
GDT=     000000007f5dc000 00000047
IDT=     000000007f138018 00000fff
CR0=80010033 CR2=0000000000000000 CR3=000000007f801000 CR4=00000668
DR0=0000000000000000 DR1=0000000000000000 DR2=0000000000000000 DR3=0000000000000000 
DR6=00000000ffff0ff0 DR7=0000000000000400
CCS=0000000000000000 CCD=000000007fe96870 CCO=EFLAGS
EFER=0000000000000d00
Servicing hardware INT=0x20
   256: v=20 e=0000 i=0 cpl=0 IP=0038:000000007f131a85 pc=000000007f131a85 SP=0030:000000007fe95710 env->regs[R_EAX]=0000000000000006
RAX=0000000000000006 RBX=0000000081084118 RCX=0000000000000002 RDX=000000007f131f18
RSI=0000000000000002 RDI=0000000000000001 RBP=000000007fe95780 RSP=000000007fe95710
R8 =000000007fe9583c R9 =0000000081084118 R10=0000000000000000 R11=0000000000000002
R12=000000007fe9583c R13=0000000000000004 R14=0000000000000004 R15=000000007fe959e0
RIP=000000007f131a85 RFL=00000246 [---Z-P-] CPL=0 II=0 A20=1 SMM=0 HLT=0
ES =0030 0000000000000000 ffffffff 00cf9300 DPL=0 DS   [-WA]
CS =0038 0000000000000000 ffffffff 00af9a00 DPL=0 CS64 [-R-]
SS =0030 0000000000000000 ffffffff 00cf9300 DPL=0 DS   [-WA]
DS =0030 0000000000000000 ffffffff 00cf9300 DPL=0 DS   [-WA]
FS =0030 0000000000000000 ffffffff 00cf9300 DPL=0 DS   [-WA]
GS =0030 0000000000000000 ffffffff 00cf9300 DPL=0 DS   [-WA]
LDT=0000 0000000000000000 0000ffff 00008200 DPL=0 LDT
TR =0000 0000000000000000 0000ffff 00008b00 DPL=0 TSS64-busy
GDT=     000000007f5dc000 00000047
IDT=     000000007f138018 00000fff
CR0=80010033 CR2=0000000000000000 CR3=000000007f801000 CR4=00000668
DR0=0000000000000000 DR1=0000000000000000 DR2=0000000000000000 DR3=0000000000000000 
DR6=00000000ffff0ff0 DR7=0000000000000400
CCS=0000000000000044 CCD=0000000000000000 CCO=EFLAGS
EFER=0000000000000d00
Servicing hardware INT=0x20
   257: v=20 e=0000 i=0 cpl=0 IP=0038:000000007f131a85 pc=000000007f131a85 SP=0030:000000007fe95780 env->regs[R_EAX]=000000000000c017
RAX=000000000000c017 RBX=0000000081084118 RCX=0000000000000002 RDX=000000007f131f18
RSI=0000000000000002 RDI=0000000000000001 RBP=000000007fe957f0 RSP=000000007fe95780
R8 =000000007fe958ac R9 =0000000081084118 R10=0000000000000000 R11=0000000000000002
R12=000000007fe958ac R13=0000000000000004 R14=8000000000000004 R15=000000007fe959e0
RIP=000000007f131a85 RFL=00000246 [---Z-P-] CPL=0 II=0 A20=1 SMM=0 HLT=0
ES =0030 0000000000000000 ffffffff 00cf9300 DPL=0 DS   [-WA]
CS =0038 0000000000000000 ffffffff 00af9a00 DPL=0 CS64 [-R-]
SS =0030 0000000000000000 ffffffff 00cf9300 DPL=0 DS   [-WA]
DS =0030 0000000000000000 ffffffff 00cf9300 DPL=0 DS   [-WA]
FS =0030 0000000000000000 ffffffff 00cf9300 DPL=0 DS   [-WA]
GS =0030 0000000000000000 ffffffff 00cf9300 DPL=0 DS   [-WA]
LDT=0000 0000000000000000 0000ffff 00008200 DPL=0 LDT
TR =0000 0000000000000000 0000ffff 00008b00 DPL=0 TSS64-busy
GDT=     000000007f5dc000 00000047
IDT=     000000007f138018 00000fff
CR0=80010033 CR2=0000000000000000 CR3=000000007f801000 CR4=00000668
DR0=0000000000000000 DR1=0000000000000000 DR2=0000000000000000 DR3=0000000000000000 
DR6=00000000ffff0ff0 DR7=0000000000000400
CCS=0000000000000044 CCD=0000000000000000 CCO=EFLAGS
EFER=0000000000000d00
Servicing hardware INT=0x20
   258: v=20 e=0000 i=0 cpl=0 IP=0038:000000007e97b14d pc=000000007e97b14d SP=0030:000000007fe967a0 env->regs[R_EAX]=000000007e9a3b98
RAX=000000007e9a3b98 RBX=000000007ddb1018 RCX=000000007deab0b4 RDX=000000007e65ef88
RSI=000000002a02020b RDI=000000007deab098 RBP=000000007fe967a0 RSP=000000007fe967a0
R8 =00000000000000af R9 =000000007fe965da R10=0000000000000001 R11=0000000000000000
R12=000000000000bd98 R13=000000007e65ef98 R14=000000007ecf4918 R15=000000007fe96840
RIP=000000007e97b14d RFL=00000202 [-------] CPL=0 II=0 A20=1 SMM=0 HLT=0
ES =0030 0000000000000000 ffffffff 00cf9300 DPL=0 DS   [-WA]
CS =0038 0000000000000000 ffffffff 00af9a00 DPL=0 CS64 [-R-]
SS =0030 0000000000000000 ffffffff 00cf9300 DPL=0 DS   [-WA]
DS =0030 0000000000000000 ffffffff 00cf9300 DPL=0 DS   [-WA]
FS =0030 0000000000000000 ffffffff 00cf9300 DPL=0 DS   [-WA]
GS =0030 0000000000000000 ffffffff 00cf9300 DPL=0 DS   [-WA]
LDT=0000 0000000000000000 0000ffff 00008200 DPL=0 LDT
TR =0000 0000000000000000 0000ffff 00008b00 DPL=0 TSS64-busy
GDT=     000000007f5dc000 00000047
IDT=     000000007f138018 00000fff
CR0=80010033 CR2=0000000000000000 CR3=000000007f801000 CR4=00000668
DR0=0000000000000000 DR1=0000000000000000 DR2=0000000000000000 DR3=0000000000000000 
DR6=00000000ffff0ff0 DR7=0000000000000400
CCS=0000000000000000 CCD=000000007e9a3b98 CCO=EFLAGS
EFER=0000000000000d00
Servicing hardware INT=0x20
   259: v=20 e=0000 i=0 cpl=0 IP=0038:000000007e8f0bcd pc=000000007e8f0bcd SP=0030:000000007fe962a0 env->regs[R_EAX]=0000000000000060
RAX=0000000000000060 RBX=000000007e768d98 RCX=0000000000000011 RDX=00000000000003fd
RSI=0000000000000005 RDI=000000007e768d98 RBP=000000007fe962b0 RSP=000000007fe962a0
R8 =0000000000000009 R9 =00000000000003fd R10=0000000000000003 R11=0000000000000000
R12=000000007fe963e8 R13=0000000000000000 R14=000000007fe962df R15=0000000000000000
RIP=000000007e8f0bcd RFL=00000293 [--S-A-C] CPL=0 II=0 A20=1 SMM=0 HLT=0
ES =0030 0000000000000000 ffffffff 00cf9300 DPL=0 DS   [-WA]
CS =0038 0000000000000000 ffffffff 00af9a00 DPL=0 CS64 [-R-]
SS =0030 0000000000000000 ffffffff 00cf9300 DPL=0 DS   [-WA]
DS =0030 0000000000000000 ffffffff 00cf9300 DPL=0 DS   [-WA]
FS =0030 0000000000000000 ffffffff 00cf9300 DPL=0 DS   [-WA]
GS =0030 0000000000000000 ffffffff 00cf9300 DPL=0 DS   [-WA]
LDT=0000 0000000000000000 0000ffff 00008200 DPL=0 LDT
TR =0000 0000000000000000 0000ffff 00008b00 DPL=0 TSS64-busy
GDT=     000000007f5dc000 00000047
IDT=     000000007f138018 00000fff
CR0=80010033 CR2=0000000000000000 CR3=000000007f801000 CR4=00000668
DR0=0000000000000000 DR1=0000000000000000 DR2=0000000000000000 DR3=0000000000000000 
DR6=00000000ffff0ff0 DR7=0000000000000400
CCS=0000000000000091 CCD=fffffffffffffffe CCO=EFLAGS
EFER=0000000000000d00
Servicing hardware INT=0x20
   260: v=20 e=0000 i=0 cpl=0 IP=0038:000000007e8f0bcd pc=000000007e8f0bcd SP=0030:000000007fe962a0 env->regs[R_EAX]=0000000000000060
RAX=0000000000000060 RBX=000000007e768d98 RCX=0000000000000011 RDX=00000000000003fd
RSI=0000000000000005 RDI=000000007e768d98 RBP=000000007fe962b0 RSP=000000007fe962a0
R8 =0000000000000003 R9 =00000000000003fd R10=0000000000000003 R11=0000000000000000
R12=000000007fe963e8 R13=0000000000000000 R14=000000007fe962df R15=0000000000000000
RIP=000000007e8f0bcd RFL=00000293 [--S-A-C] CPL=0 II=0 A20=1 SMM=0 HLT=0
ES =0030 0000000000000000 ffffffff 00cf9300 DPL=0 DS   [-WA]
CS =0038 0000000000000000 ffffffff 00af9a00 DPL=0 CS64 [-R-]
SS =0030 0000000000000000 ffffffff 00cf9300 DPL=0 DS   [-WA]
DS =0030 0000000000000000 ffffffff 00cf9300 DPL=0 DS   [-WA]
FS =0030 0000000000000000 ffffffff 00cf9300 DPL=0 DS   [-WA]
GS =0030 0000000000000000 ffffffff 00cf9300 DPL=0 DS   [-WA]
LDT=0000 0000000000000000 0000ffff 00008200 DPL=0 LDT
TR =0000 0000000000000000 0000ffff 00008b00 DPL=0 TSS64-busy
GDT=     000000007f5dc000 00000047
IDT=     000000007f138018 00000fff
CR0=80010033 CR2=0000000000000000 CR3=000000007f801000 CR4=00000668
DR0=0000000000000000 DR1=0000000000000000 DR2=0000000000000000 DR3=0000000000000000 
DR6=00000000ffff0ff0 DR7=0000000000000400
CCS=0000000000000091 CCD=fffffffffffffffe CCO=EFLAGS
EFER=0000000000000d00
Servicing hardware INT=0x20
   261: v=20 e=0000 i=0 cpl=0 IP=0038:000000007e8f0bcd pc=000000007e8f0bcd SP=0030:000000007fe962a0 env->regs[R_EAX]=0000000000000060
RAX=0000000000000060 RBX=000000007e768d98 RCX=0000000000000011 RDX=00000000000003fd
RSI=0000000000000005 RDI=000000007e768d98 RBP=000000007fe962b0 RSP=000000007fe962a0
R8 =0000000000000009 R9 =00000000000003fd R10=0000000000000003 R11=0000000000000000
R12=000000007fe963e8 R13=0000000000000000 R14=000000007fe962df R15=0000000000000000
RIP=000000007e8f0bcd RFL=00000293 [--S-A-C] CPL=0 II=0 A20=1 SMM=0 HLT=0
ES =0030 0000000000000000 ffffffff 00cf9300 DPL=0 DS   [-WA]
CS =0038 0000000000000000 ffffffff 00af9a00 DPL=0 CS64 [-R-]
SS =0030 0000000000000000 ffffffff 00cf9300 DPL=0 DS   [-WA]
DS =0030 0000000000000000 ffffffff 00cf9300 DPL=0 DS   [-WA]
FS =0030 0000000000000000 ffffffff 00cf9300 DPL=0 DS   [-WA]
GS =0030 0000000000000000 ffffffff 00cf9300 DPL=0 DS   [-WA]
LDT=0000 0000000000000000 0000ffff 00008200 DPL=0 LDT
TR =0000 0000000000000000 0000ffff 00008b00 DPL=0 TSS64-busy
GDT=     000000007f5dc000 00000047
IDT=     000000007f138018 00000fff
CR0=80010033 CR2=0000000000000000 CR3=000000007f801000 CR4=00000668
DR0=0000000000000000 DR1=0000000000000000 DR2=0000000000000000 DR3=0000000000000000 
DR6=00000000ffff0ff0 DR7=0000000000000400
CCS=0000000000000091 CCD=fffffffffffffffe CCO=EFLAGS
EFER=0000000000000d00
Servicing hardware INT=0x20
   262: v=20 e=0000 i=0 cpl=0 IP=0038:000000007e8f0d0c pc=000000007e8f0d0c SP=0030:000000007fe962a0 env->regs[R_EAX]=0000000000000069
RAX=0000000000000069 RBX=000000007e768d98 RCX=0000000000000011 RDX=00000000000003f8
RSI=0000000000000000 RDI=000000007e768d98 RBP=000000007fe962b0 RSP=000000007fe962a0
R8 =000000000000000a R9 =00000000000003f8 R10=0000000000000003 R11=0000000000000000
R12=0000000000000020 R13=0000000000000000 R14=000000007fe962df R15=0000000000000000
RIP=000000007e8f0d0c RFL=00000293 [--S-A-C] CPL=0 II=0 A20=1 SMM=0 HLT=0
ES =0030 0000000000000000 ffffffff 00cf9300 DPL=0 DS   [-WA]
CS =0038 0000000000000000 ffffffff 00af9a00 DPL=0 CS64 [-R-]
SS =0030 0000000000000000 ffffffff 00cf9300 DPL=0 DS   [-WA]
DS =0030 0000000000000000 ffffffff 00cf9300 DPL=0 DS   [-WA]
FS =0030 0000000000000000 ffffffff 00cf9300 DPL=0 DS   [-WA]
GS =0030 0000000000000000 ffffffff 00cf9300 DPL=0 DS   [-WA]
LDT=0000 0000000000000000 0000ffff 00008200 DPL=0 LDT
TR =0000 0000000000000000 0000ffff 00008b00 DPL=0 TSS64-busy
GDT=     000000007f5dc000 00000047
IDT=     000000007f138018 00000fff
CR0=80010033 CR2=0000000000000000 CR3=000000007f801000 CR4=00000668
DR0=0000000000000000 DR1=0000000000000000 DR2=0000000000000000 DR3=0000000000000000 
DR6=00000000ffff0ff0 DR7=0000000000000400
CCS=0000000000000091 CCD=fffffffffffffffe CCO=EFLAGS
EFER=0000000000000d00
Servicing hardware INT=0x20
   263: v=20 e=0000 i=0 cpl=0 IP=0038:000000007e8f0bcd pc=000000007e8f0bcd SP=0030:000000007fe962a0 env->regs[R_EAX]=0000000000000060
RAX=0000000000000060 RBX=000000007e768d98 RCX=0000000000000011 RDX=00000000000003fd
RSI=0000000000000005 RDI=000000007e768d98 RBP=000000007fe962b0 RSP=000000007fe962a0
R8 =000000000000000f R9 =00000000000003fd R10=0000000000000003 R11=0000000000000000
R12=000000007fe963e8 R13=0000000000000000 R14=000000007fe962df R15=0000000000000000
RIP=000000007e8f0bcd RFL=00000293 [--S-A-C] CPL=0 II=0 A20=1 SMM=0 HLT=0
ES =0030 0000000000000000 ffffffff 00cf9300 DPL=0 DS   [-WA]
CS =0038 0000000000000000 ffffffff 00af9a00 DPL=0 CS64 [-R-]
SS =0030 0000000000000000 ffffffff 00cf9300 DPL=0 DS   [-WA]
DS =0030 0000000000000000 ffffffff 00cf9300 DPL=0 DS   [-WA]
FS =0030 0000000000000000 ffffffff 00cf9300 DPL=0 DS   [-WA]
GS =0030 0000000000000000 ffffffff 00cf9300 DPL=0 DS   [-WA]
LDT=0000 0000000000000000 0000ffff 00008200 DPL=0 LDT
TR =0000 0000000000000000 0000ffff 00008b00 DPL=0 TSS64-busy
GDT=     000000007f5dc000 00000047
IDT=     000000007f138018 00000fff
CR0=80010033 CR2=0000000000000000 CR3=000000007f801000 CR4=00000668
DR0=0000000000000000 DR1=0000000000000000 DR2=0000000000000000 DR3=0000000000000000 
DR6=00000000ffff0ff0 DR7=0000000000000400
CCS=0000000000000091 CCD=fffffffffffffffe CCO=EFLAGS
EFER=0000000000000d00
Servicing hardware INT=0x20
   264: v=20 e=0000 i=0 cpl=0 IP=0038:000000007e8f0d0c pc=000000007e8f0d0c SP=0030:000000007fe962a0 env->regs[R_EAX]=0000000000000046
RAX=0000000000000046 RBX=000000007e768d98 RCX=0000000000000011 RDX=00000000000003f8
RSI=0000000000000000 RDI=000000007e768d98 RBP=000000007fe962b0 RSP=000000007fe962a0
R8 =000000000000000e R9 =00000000000003f8 R10=0000000000000003 R11=0000000000000000
R12=0000000000000020 R13=0000000000000000 R14=000000007fe962df R15=0000000000000000
RIP=000000007e8f0d0c RFL=00000293 [--S-A-C] CPL=0 II=0 A20=1 SMM=0 HLT=0
ES =0030 0000000000000000 ffffffff 00cf9300 DPL=0 DS   [-WA]
CS =0038 0000000000000000 ffffffff 00af9a00 DPL=0 CS64 [-R-]
SS =0030 0000000000000000 ffffffff 00cf9300 DPL=0 DS   [-WA]
DS =0030 0000000000000000 ffffffff 00cf9300 DPL=0 DS   [-WA]
FS =0030 0000000000000000 ffffffff 00cf9300 DPL=0 DS   [-WA]
GS =0030 0000000000000000 ffffffff 00cf9300 DPL=0 DS   [-WA]
LDT=0000 0000000000000000 0000ffff 00008200 DPL=0 LDT
TR =0000 0000000000000000 0000ffff 00008b00 DPL=0 TSS64-busy
GDT=     000000007f5dc000 00000047
IDT=     000000007f138018 00000fff
CR0=80010033 CR2=0000000000000000 CR3=000000007f801000 CR4=00000668
DR0=0000000000000000 DR1=0000000000000000 DR2=0000000000000000 DR3=0000000000000000 
DR6=00000000ffff0ff0 DR7=0000000000000400
CCS=0000000000000091 CCD=fffffffffffffffe CCO=EFLAGS
EFER=0000000000000d00
Servicing hardware INT=0x20
   265: v=20 e=0000 i=0 cpl=0 IP=0038:000000007e8f0bcd pc=000000007e8f0bcd SP=0030:000000007fe960d0 env->regs[R_EAX]=0000000000000060
RAX=0000000000000060 RBX=000000007e768d98 RCX=0000000000000011 RDX=00000000000003fd
RSI=0000000000000005 RDI=000000007e768d98 RBP=000000007fe960e0 RSP=000000007fe960d0
R8 =0000000000000007 R9 =00000000000003fd R10=0000000000000003 R11=0000000000000000
R12=000000007fe96218 R13=0000000000000000 R14=000000007fe9610f R15=0000000000000000
RIP=000000007e8f0bcd RFL=00000293 [--S-A-C] CPL=0 II=0 A20=1 SMM=0 HLT=0
ES =0030 0000000000000000 ffffffff 00cf9300 DPL=0 DS   [-WA]
CS =0038 0000000000000000 ffffffff 00af9a00 DPL=0 CS64 [-R-]
SS =0030 0000000000000000 ffffffff 00cf9300 DPL=0 DS   [-WA]
DS =0030 0000000000000000 ffffffff 00cf9300 DPL=0 DS   [-WA]
FS =0030 0000000000000000 ffffffff 00cf9300 DPL=0 DS   [-WA]
GS =0030 0000000000000000 ffffffff 00cf9300 DPL=0 DS   [-WA]
LDT=0000 0000000000000000 0000ffff 00008200 DPL=0 LDT
TR =0000 0000000000000000 0000ffff 00008b00 DPL=0 TSS64-busy
GDT=     000000007f5dc000 00000047
IDT=     000000007f138018 00000fff
CR0=80010033 CR2=0000000000000000 CR3=000000007f801000 CR4=00000668
DR0=0000000000000000 DR1=0000000000000000 DR2=0000000000000000 DR3=0000000000000000 
DR6=00000000ffff0ff0 DR7=0000000000000400
CCS=0000000000000091 CCD=fffffffffffffffe CCO=EFLAGS
EFER=0000000000000d00
